factor_id,factor_name,category_id,reference_id,food_type,factor_kg_co2e_per_kg,source_name,source_url,source_version,publication_date,valid_from,valid_to,region,is_active,created_at,updated_at
1,Starfruit - Other Fruit,5,1,Other Fruit,1.050000,"Poore and Nemecek (2018), via Our World in Data",https://ourworldindata.org/grapher/ghg-per-kg-poore,OWID ghg-per-kg-poore (2010 values),2018-06-01,2018-06-01,,GLOBAL,1,2026-10-03 00:00:00,2026-10-03 00:00:00
2,Papaya - Other Fruit,5,2,Other Fruit,1.050000,"Poore and Nemecek (2018), via Our World in Data",https://ourworldindata.org/grapher/ghg-per-kg-poore,OWID ghg-per-kg-poore (2010 values),2018-06-01,2018-06-01,,GLOBAL,1,2026-10-03 00:00:00,2026-10-03 00:00:00
3,Cempedak - Other Fruit,5,3,Other Fruit,1.050000,"Poore and Nemecek (2018), via Our World in Data",https://ourworldindata.org/grapher/ghg-per-kg-poore,OWID ghg-per-kg-poore (2010 values),2018-06-01,2018-06-01,,GLOBAL,1,2026-10-03 00:00:00,2026-10-03 00:00:00
4,Sapodilla (Ciku) - Other Fruit,5,4,Other Fruit,1.050000,"Poore and Nemecek (2018), via Our World in Data",https://ourworldindata.org/grapher/ghg-per-kg-poore,OWID ghg-per-kg-poore (2010 values),2018-06-01,2018-06-01,,GLOBAL,1,2026-10-03 00:00:00,2026-10-03 00:00:00
5,Dokong - Other Fruit,5,5,Other Fruit,1.050000,"Poore and Nemecek (2018), via Our World in Data",https://ourworldindata.org/grapher/ghg-per-kg-poore,OWID ghg-per-kg-poore (2010 values),2018-06-01,2018-06-01,,GLOBAL,1,2026-10-03 00:00:00,2026-10-03 00:00:00
6,Duku - Other Fruit,5,6,Other Fruit,1.050000,"Poore and Nemecek (2018), via Our World in Data",https://ourworldindata.org/grapher/ghg-per-kg-poore,OWID ghg-per-kg-poore (2010 values),2018-06-01,2018-06-01,,GLOBAL,1,2026-10-03 00:00:00,2026-10-03 00:00:00
7,Durian - Other Fruit,5,7,Other Fruit,1.050000,"Poore and Nemecek (2018), via Our World in Data",https://ourworldindata.org/grapher/ghg-per-kg-poore,OWID ghg-per-kg-poore (2010 values),2018-06-01,2018-06-01,,GLOBAL,1,2026-10-03 00:00:00,2026-10-03 00:00:00
8,Guava - Other Fruit,5,8,Other Fruit,1.050000,"Poore and Nemecek (2018), via Our World in Data",https://ourworldindata.org/grapher/ghg-per-kg-poore,OWID ghg-per-kg-poore (2010 values),2018-06-01,2018-06-01,,GLOBAL,1,2026-10-03 00:00:00,2026-10-03 00:00:00
9,Langsat - Other Fruit,5,9,Other Fruit,1.050000,"Poore and Nemecek (2018), via Our World in Data",https://ourworldindata.org/grapher/ghg-per-kg-poore,OWID ghg-per-kg-poore (2010 values),2018-06-01,2018-06-01,,GLOBAL,1,2026-10-03 00:00:00,2026-10-03 00:00:00
10,Pomelo - Citrus Fruit,5,10,Citrus Fruit,0.390000,"Poore and Nemecek (2018), via Our World in Data",https://ourworldindata.org/grapher/ghg-per-kg-poore,OWID ghg-per-kg-poore (2010 values),2018-06-01,2018-06-01,,GLOBAL,1,2026-10-03 00:00:00,2026-10-03 00:00:00
11,Sweet Orange - Citrus Fruit,5,11,Citrus Fruit,0.390000,"Poore and Nemecek (2018), via Our World in Data",https://ourworldindata.org/grapher/ghg-per-kg-poore,OWID ghg-per-kg-poore (2010 values),2018-06-01,2018-06-01,,GLOBAL,1,2026-10-03 00:00:00,2026-10-03 00:00:00
12,Mango - Other Fruit,5,12,Other Fruit,1.050000,"Poore and Nemecek (2018), via Our World in Data",https://ourworldindata.org/grapher/ghg-per-kg-poore,OWID ghg-per-kg-poore (2010 values),2018-06-01,2018-06-01,,GLOBAL,1,2026-10-03 00:00:00,2026-10-03 00:00:00
13,Mangosteen - Other Fruit,5,13,Other Fruit,1.050000,"Poore and Nemecek (2018), via Our World in Data",https://ourworldindata.org/grapher/ghg-per-kg-poore,OWID ghg-per-kg-poore (2010 values),2018-06-01,2018-06-01,,GLOBAL,1,2026-10-03 00:00:00,2026-10-03 00:00:00
14,Dragon Fruit - Other Fruit,5,14,Other Fruit,1.050000,"Poore and Nemecek (2018), via Our World in Data",https://ourworldindata.org/grapher/ghg-per-kg-poore,OWID ghg-per-kg-poore (2010 values),2018-06-01,2018-06-01,,GLOBAL,1,2026-10-03 00:00:00,2026-10-03 00:00:00
15,Pineapple - Other Fruit,5,15,Other Fruit,1.050000,"Poore and Nemecek (2018), via Our World in Data",https://ourworldindata.org/grapher/ghg-per-kg-poore,OWID ghg-per-kg-poore (2010 values),2018-06-01,2018-06-01,,GLOBAL,1,2026-10-03 00:00:00,2026-10-03 00:00:00
16,Jackfruit - Other Fruit,5,16,Other Fruit,1.050000,"Poore and Nemecek (2018), via Our World in Data",https://ourworldindata.org/grapher/ghg-per-kg-poore,OWID ghg-per-kg-poore (2010 values),2018-06-01,2018-06-01,,GLOBAL,1,2026-10-03 00:00:00,2026-10-03 00:00:00
17,Banana - Bananas,5,17,Bananas,0.860000,"Poore and Nemecek (2018), via Our World in Data",https://ourworldindata.org/grapher/ghg-per-kg-poore,OWID ghg-per-kg-poore (2010 values),2018-06-01,2018-06-01,,GLOBAL,1,2026-10-03 00:00:00,2026-10-03 00:00:00
18,Pulasan - Other Fruit,5,18,Other Fruit,1.050000,"Poore and Nemecek (2018), via Our World in Data",https://ourworldindata.org/grapher/ghg-per-kg-poore,OWID ghg-per-kg-poore (2010 values),2018-06-01,2018-06-01,,GLOBAL,1,2026-10-03 00:00:00,2026-10-03 00:00:00
19,Rambutan - Other Fruit,5,19,Other Fruit,1.050000,"Poore and Nemecek (2018), via Our World in Data",https://ourworldindata.org/grapher/ghg-per-kg-poore,OWID ghg-per-kg-poore (2010 values),2018-06-01,2018-06-01,,GLOBAL,1,2026-10-03 00:00:00,2026-10-03 00:00:00
20,Salak - Other Fruit,5,20,Other Fruit,1.050000,"Poore and Nemecek (2018), via Our World in Data",https://ourworldindata.org/grapher/ghg-per-kg-poore,OWID ghg-per-kg-poore (2010 values),2018-06-01,2018-06-01,,GLOBAL,1,2026-10-03 00:00:00,2026-10-03 00:00:00
21,Watermelon - Other Fruit,5,21,Other Fruit,1.050000,"Poore and Nemecek (2018), via Our World in Data",https://ourworldindata.org/grapher/ghg-per-kg-poore,OWID ghg-per-kg-poore (2010 values),2018-06-01,2018-06-01,,GLOBAL,1,2026-10-03 00:00:00,2026-10-03 00:00:00
22,Abiu - Other Fruit,5,22,Other Fruit,1.050000,"Poore and Nemecek (2018), via Our World in Data",https://ourworldindata.org/grapher/ghg-per-kg-poore,OWID ghg-per-kg-poore (2010 values),2018-06-01,2018-06-01,,GLOBAL,1,2026-10-03 00:00:00,2026-10-03 00:00:00
23,Grape - Berries & Grapes,5,23,Berries & Grapes,1.530000,"Poore and Nemecek (2018), via Our World in Data",https://ourworldindata.org/grapher/ghg-per-kg-poore,OWID ghg-per-kg-poore (2010 values),2018-06-01,2018-06-01,,GLOBAL,1,2026-10-03 00:00:00,2026-10-03 00:00:00
24,Avocado - Other Fruit,5,24,Other Fruit,1.050000,"Poore and Nemecek (2018), via Our World in Data",https://ourworldindata.org/grapher/ghg-per-kg-poore,OWID ghg-per-kg-poore (2010 values),2018-06-01,2018-06-01,,GLOBAL,1,2026-10-03 00:00:00,2026-10-03 00:00:00
25,Horse Mango (Bacang) - Other Fruit,5,25,Other Fruit,1.050000,"Poore and Nemecek (2018), via Our World in Data",https://ourworldindata.org/grapher/ghg-per-kg-poore,OWID ghg-per-kg-poore (2010 values),2018-06-01,2018-06-01,,GLOBAL,1,2026-10-03 00:00:00,2026-10-03 00:00:00
26,Bambangan - Other Fruit,5,26,Other Fruit,1.050000,"Poore and Nemecek (2018), via Our World in Data",https://ourworldindata.org/grapher/ghg-per-kg-poore,OWID ghg-per-kg-poore (2010 values),2018-06-01,2018-06-01,,GLOBAL,1,2026-10-03 00:00:00,2026-10-03 00:00:00
27,Bilimbi - Other Fruit,5,27,Other Fruit,1.050000,"Poore and Nemecek (2018), via Our World in Data",https://ourworldindata.org/grapher/ghg-per-kg-poore,OWID ghg-per-kg-poore (2010 values),2018-06-01,2018-06-01,,GLOBAL,1,2026-10-03 00:00:00,2026-10-03 00:00:00
28,Baccaurea Angulata - Other Fruit,5,28,Other Fruit,1.050000,"Poore and Nemecek (2018), via Our World in Data",https://ourworldindata.org/grapher/ghg-per-kg-poore,OWID ghg-per-kg-poore (2010 values),2018-06-01,2018-06-01,,GLOBAL,1,2026-10-03 00:00:00,2026-10-03 00:00:00
29,Jujube - Other Fruit,5,29,Other Fruit,1.050000,"Poore and Nemecek (2018), via Our World in Data",https://ourworldindata.org/grapher/ghg-per-kg-poore,OWID ghg-per-kg-poore (2010 values),2018-06-01,2018-06-01,,GLOBAL,1,2026-10-03 00:00:00,2026-10-03 00:00:00
30,Malay Gooseberry (Cermai) - Berries & Grapes,5,30,Berries & Grapes,1.530000,"Poore and Nemecek (2018), via Our World in Data",https://ourworldindata.org/grapher/ghg-per-kg-poore,OWID ghg-per-kg-poore (2010 values),2018-06-01,2018-06-01,,GLOBAL,1,2026-10-03 00:00:00,2026-10-03 00:00:00
31,Dabai - Other Fruit,5,31,Other Fruit,1.050000,"Poore and Nemecek (2018), via Our World in Data",https://ourworldindata.org/grapher/ghg-per-kg-poore,OWID ghg-per-kg-poore (2010 values),2018-06-01,2018-06-01,,GLOBAL,1,2026-10-03 00:00:00,2026-10-03 00:00:00
32,Soursop - Other Fruit,5,32,Other Fruit,1.050000,"Poore and Nemecek (2018), via Our World in Data",https://ourworldindata.org/grapher/ghg-per-kg-poore,OWID ghg-per-kg-poore (2010 values),2018-06-01,2018-06-01,,GLOBAL,1,2026-10-03 00:00:00,2026-10-03 00:00:00
33,Cashew Apple - Other Fruit,5,33,Other Fruit,1.050000,"Poore and Nemecek (2018), via Our World in Data",https://ourworldindata.org/grapher/ghg-per-kg-poore,OWID ghg-per-kg-poore (2010 values),2018-06-01,2018-06-01,,GLOBAL,1,2026-10-03 00:00:00,2026-10-03 00:00:00
34,Water Apple - Apples,5,34,Apples,0.430000,"Poore and Nemecek (2018), via Our World in Data",https://ourworldindata.org/grapher/ghg-per-kg-poore,OWID ghg-per-kg-poore (2010 values),2018-06-01,2018-06-01,,GLOBAL,1,2026-10-03 00:00:00,2026-10-03 00:00:00
35,Wax Apple - Apples,5,35,Apples,0.430000,"Poore and Nemecek (2018), via Our World in Data",https://ourworldindata.org/grapher/ghg-per-kg-poore,OWID ghg-per-kg-poore (2010 values),2018-06-01,2018-06-01,,GLOBAL,1,2026-10-03 00:00:00,2026-10-03 00:00:00
36,Malay Apple - Apples,5,36,Apples,0.430000,"Poore and Nemecek (2018), via Our World in Data",https://ourworldindata.org/grapher/ghg-per-kg-poore,OWID ghg-per-kg-poore (2010 values),2018-06-01,2018-06-01,,GLOBAL,1,2026-10-03 00:00:00,2026-10-03 00:00:00
37,Ambarella - Other Fruit,5,37,Other Fruit,1.050000,"Poore and Nemecek (2018), via Our World in Data",https://ourworldindata.org/grapher/ghg-per-kg-poore,OWID ghg-per-kg-poore (2010 values),2018-06-01,2018-06-01,,GLOBAL,1,2026-10-03 00:00:00,2026-10-03 00:00:00
38,Kuini - Other Fruit,5,38,Other Fruit,1.050000,"Poore and Nemecek (2018), via Our World in Data",https://ourworldindata.org/grapher/ghg-per-kg-poore,OWID ghg-per-kg-poore (2010 values),2018-06-01,2018-06-01,,GLOBAL,1,2026-10-03 00:00:00,2026-10-03 00:00:00
39,Kundang - Other Fruit,5,39,Other Fruit,1.050000,"Poore and Nemecek (2018), via Our World in Data",https://ourworldindata.org/grapher/ghg-per-kg-poore,OWID ghg-per-kg-poore (2010 values),2018-06-01,2018-06-01,,GLOBAL,1,2026-10-03 00:00:00,2026-10-03 00:00:00
40,Lemon - Citrus Fruit,5,40,Citrus Fruit,0.390000,"Poore and Nemecek (2018), via Our World in Data",https://ourworldindata.org/grapher/ghg-per-kg-poore,OWID ghg-per-kg-poore (2010 values),2018-06-01,2018-06-01,,GLOBAL,1,2026-10-03 00:00:00,2026-10-03 00:00:00
41,Longan - Other Fruit,5,41,Other Fruit,1.050000,"Poore and Nemecek (2018), via Our World in Data",https://ourworldindata.org/grapher/ghg-per-kg-poore,OWID ghg-per-kg-poore (2010 values),2018-06-01,2018-06-01,,GLOBAL,1,2026-10-03 00:00:00,2026-10-03 00:00:00
42,Passion Fruit - Other Fruit,5,42,Other Fruit,1.050000,"Poore and Nemecek (2018), via Our World in Data",https://ourworldindata.org/grapher/ghg-per-kg-poore,OWID ghg-per-kg-poore (2010 values),2018-06-01,2018-06-01,,GLOBAL,1,2026-10-03 00:00:00,2026-10-03 00:00:00
43,Cat's Eye Fruit (Mata Kucing) - Other Fruit,5,43,Other Fruit,1.050000,"Poore and Nemecek (2018), via Our World in Data",https://ourworldindata.org/grapher/ghg-per-kg-poore,OWID ghg-per-kg-poore (2010 values),2018-06-01,2018-06-01,,GLOBAL,1,2026-10-03 00:00:00,2026-10-03 00:00:00
44,Velvet Apple - Apples,5,44,Apples,0.430000,"Poore and Nemecek (2018), via Our World in Data",https://ourworldindata.org/grapher/ghg-per-kg-poore,OWID ghg-per-kg-poore (2010 values),2018-06-01,2018-06-01,,GLOBAL,1,2026-10-03 00:00:00,2026-10-03 00:00:00
45,Sweet-sop - Other Fruit,5,45,Other Fruit,1.050000,"Poore and Nemecek (2018), via Our World in Data",https://ourworldindata.org/grapher/ghg-per-kg-poore,OWID ghg-per-kg-poore (2010 values),2018-06-01,2018-06-01,,GLOBAL,1,2026-10-03 00:00:00,2026-10-03 00:00:00
46,Custard Apple - Apples,5,46,Apples,0.430000,"Poore and Nemecek (2018), via Our World in Data",https://ourworldindata.org/grapher/ghg-per-kg-poore,OWID ghg-per-kg-poore (2010 values),2018-06-01,2018-06-01,,GLOBAL,1,2026-10-03 00:00:00,2026-10-03 00:00:00
47,Persimmon - Other Fruit,5,47,Other Fruit,1.050000,"Poore and Nemecek (2018), via Our World in Data",https://ourworldindata.org/grapher/ghg-per-kg-poore,OWID ghg-per-kg-poore (2010 values),2018-06-01,2018-06-01,,GLOBAL,1,2026-10-03 00:00:00,2026-10-03 00:00:00
48,Rambai - Other Fruit,5,48,Other Fruit,1.050000,"Poore and Nemecek (2018), via Our World in Data",https://ourworldindata.org/grapher/ghg-per-kg-poore,OWID ghg-per-kg-poore (2010 values),2018-06-01,2018-06-01,,GLOBAL,1,2026-10-03 00:00:00,2026-10-03 00:00:00
49,Breadfruit - Other Fruit,5,49,Other Fruit,1.050000,"Poore and Nemecek (2018), via Our World in Data",https://ourworldindata.org/grapher/ghg-per-kg-poore,OWID ghg-per-kg-poore (2010 values),2018-06-01,2018-06-01,,GLOBAL,1,2026-10-03 00:00:00,2026-10-03 00:00:00
50,Honeydew - Other Fruit,5,50,Other Fruit,1.050000,"Poore and Nemecek (2018), via Our World in Data",https://ourworldindata.org/grapher/ghg-per-kg-poore,OWID ghg-per-kg-poore (2010 values),2018-06-01,2018-06-01,,GLOBAL,1,2026-10-03 00:00:00,2026-10-03 00:00:00
51,Water Spinach - Other Vegetables,4,101,Other Vegetables,0.530000,"Poore and Nemecek (2018), via Our World in Data",https://ourworldindata.org/grapher/ghg-per-kg-poore,OWID ghg-per-kg-poore (2010 values),2018-06-01,2018-06-01,,GLOBAL,1,2026-10-03 00:00:00,2026-10-03 00:00:00
52,Bok Choy - Brassicas,4,102,Brassicas,0.510000,"Poore and Nemecek (2018), via Our World in Data",https://ourworldindata.org/grapher/ghg-per-kg-poore,OWID ghg-per-kg-poore (2010 values),2018-06-01,2018-06-01,,GLOBAL,1,2026-10-03 00:00:00,2026-10-03 00:00:00
53,Choy Sum - Brassicas,4,103,Brassicas,0.510000,"Poore and Nemecek (2018), via Our World in Data",https://ourworldindata.org/grapher/ghg-per-kg-poore,OWID ghg-per-kg-poore (2010 values),2018-06-01,2018-06-01,,GLOBAL,1,2026-10-03 00:00:00,2026-10-03 00:00:00
54,Chinese Broccoli - Brassicas,4,104,Brassicas,0.510000,"Poore and Nemecek (2018), via Our World in Data",https://ourworldindata.org/grapher/ghg-per-kg-poore,OWID ghg-per-kg-poore (2010 values),2018-06-01,2018-06-01,,GLOBAL,1,2026-10-03 00:00:00,2026-10-03 00:00:00
55,Amaranth Leaves - Other Vegetables,4,105,Other Vegetables,0.530000,"Poore and Nemecek (2018), via Our World in Data",https://ourworldindata.org/grapher/ghg-per-kg-poore,OWID ghg-per-kg-poore (2010 values),2018-06-01,2018-06-01,,GLOBAL,1,2026-10-03 00:00:00,2026-10-03 00:00:00
56,Fiddlehead Fern - Other Vegetables,4,106,Other Vegetables,0.530000,"Poore and Nemecek (2018), via Our World in Data",https://ourworldindata.org/grapher/ghg-per-kg-poore,OWID ghg-per-kg-poore (2010 values),2018-06-01,2018-06-01,,GLOBAL,1,2026-10-03 00:00:00,2026-10-03 00:00:00
57,Sweet Leaf - Other Vegetables,4,107,Other Vegetables,0.530000,"Poore and Nemecek (2018), via Our World in Data",https://ourworldindata.org/grapher/ghg-per-kg-poore,OWID ghg-per-kg-poore (2010 values),2018-06-01,2018-06-01,,GLOBAL,1,2026-10-03 00:00:00,2026-10-03 00:00:00
58,Round Cabbage - Brassicas,4,108,Brassicas,0.510000,"Poore and Nemecek (2018), via Our World in Data",https://ourworldindata.org/grapher/ghg-per-kg-poore,OWID ghg-per-kg-poore (2010 values),2018-06-01,2018-06-01,,GLOBAL,1,2026-10-03 00:00:00,2026-10-03 00:00:00
59,Napa Cabbage - Brassicas,4,109,Brassicas,0.510000,"Poore and Nemecek (2018), via Our World in Data",https://ourworldindata.org/grapher/ghg-per-kg-poore,OWID ghg-per-kg-poore (2010 values),2018-06-01,2018-06-01,,GLOBAL,1,2026-10-03 00:00:00,2026-10-03 00:00:00
60,Watercress - Other Vegetables,4,110,Other Vegetables,0.530000,"Poore and Nemecek (2018), via Our World in Data",https://ourworldindata.org/grapher/ghg-per-kg-poore,OWID ghg-per-kg-poore (2010 values),2018-06-01,2018-06-01,,GLOBAL,1,2026-10-03 00:00:00,2026-10-03 00:00:00
61,Sweet Potato Leaves - Other Vegetables,4,111,Other Vegetables,0.530000,"Poore and Nemecek (2018), via Our World in Data",https://ourworldindata.org/grapher/ghg-per-kg-poore,OWID ghg-per-kg-poore (2010 values),2018-06-01,2018-06-01,,GLOBAL,1,2026-10-03 00:00:00,2026-10-03 00:00:00
62,Ceylon Spinach - Other Vegetables,4,112,Other Vegetables,0.530000,"Poore and Nemecek (2018), via Our World in Data",https://ourworldindata.org/grapher/ghg-per-kg-poore,OWID ghg-per-kg-poore (2010 values),2018-06-01,2018-06-01,,GLOBAL,1,2026-10-03 00:00:00,2026-10-03 00:00:00
63,Iceberg Lettuce - Other Vegetables,4,113,Other Vegetables,0.530000,"Poore and Nemecek (2018), via Our World in Data",https://ourworldindata.org/grapher/ghg-per-kg-poore,OWID ghg-per-kg-poore (2010 values),2018-06-01,2018-06-01,,GLOBAL,1,2026-10-03 00:00:00,2026-10-03 00:00:00
64,Bitter Gourd - Other Vegetables,4,114,Other Vegetables,0.530000,"Poore and Nemecek (2018), via Our World in Data",https://ourworldindata.org/grapher/ghg-per-kg-poore,OWID ghg-per-kg-poore (2010 values),2018-06-01,2018-06-01,,GLOBAL,1,2026-10-03 00:00:00,2026-10-03 00:00:00
65,Ridge Gourd - Other Vegetables,4,115,Other Vegetables,0.530000,"Poore and Nemecek (2018), via Our World in Data",https://ourworldindata.org/grapher/ghg-per-kg-poore,OWID ghg-per-kg-poore (2010 values),2018-06-01,2018-06-01,,GLOBAL,1,2026-10-03 00:00:00,2026-10-03 00:00:00
66,Winter Melon - Other Vegetables,4,116,Other Vegetables,0.530000,"Poore and Nemecek (2018), via Our World in Data",https://ourworldindata.org/grapher/ghg-per-kg-poore,OWID ghg-per-kg-poore (2010 values),2018-06-01,2018-06-01,,GLOBAL,1,2026-10-03 00:00:00,2026-10-03 00:00:00
67,Bottle Gourd - Other Vegetables,4,117,Other Vegetables,0.530000,"Poore and Nemecek (2018), via Our World in Data",https://ourworldindata.org/grapher/ghg-per-kg-poore,OWID ghg-per-kg-poore (2010 values),2018-06-01,2018-06-01,,GLOBAL,1,2026-10-03 00:00:00,2026-10-03 00:00:00
68,Snake Gourd - Other Vegetables,4,118,Other Vegetables,0.530000,"Poore and Nemecek (2018), via Our World in Data",https://ourworldindata.org/grapher/ghg-per-kg-poore,OWID ghg-per-kg-poore (2010 values),2018-06-01,2018-06-01,,GLOBAL,1,2026-10-03 00:00:00,2026-10-03 00:00:00
69,Chayote - Other Vegetables,4,119,Other Vegetables,0.530000,"Poore and Nemecek (2018), via Our World in Data",https://ourworldindata.org/grapher/ghg-per-kg-poore,OWID ghg-per-kg-poore (2010 values),2018-06-01,2018-06-01,,GLOBAL,1,2026-10-03 00:00:00,2026-10-03 00:00:00
70,Cucumber - Other Vegetables,4,120,Other Vegetables,0.530000,"Poore and Nemecek (2018), via Our World in Data",https://ourworldindata.org/grapher/ghg-per-kg-poore,OWID ghg-per-kg-poore (2010 values),2018-06-01,2018-06-01,,GLOBAL,1,2026-10-03 00:00:00,2026-10-03 00:00:00
71,Pumpkin - Other Vegetables,4,121,Other Vegetables,0.530000,"Poore and Nemecek (2018), via Our World in Data",https://ourworldindata.org/grapher/ghg-per-kg-poore,OWID ghg-per-kg-poore (2010 values),2018-06-01,2018-06-01,,GLOBAL,1,2026-10-03 00:00:00,2026-10-03 00:00:00
72,Yardlong Beans - Other Vegetables,4,122,Other Vegetables,0.530000,"Poore and Nemecek (2018), via Our World in Data",https://ourworldindata.org/grapher/ghg-per-kg-poore,OWID ghg-per-kg-poore (2010 values),2018-06-01,2018-06-01,,GLOBAL,1,2026-10-03 00:00:00,2026-10-03 00:00:00
73,French Beans - Other Vegetables,4,123,Other Vegetables,0.530000,"Poore and Nemecek (2018), via Our World in Data",https://ourworldindata.org/grapher/ghg-per-kg-poore,OWID ghg-per-kg-poore (2010 values),2018-06-01,2018-06-01,,GLOBAL,1,2026-10-03 00:00:00,2026-10-03 00:00:00
74,Winged Beans - Other Vegetables,4,124,Other Vegetables,0.530000,"Poore and Nemecek (2018), via Our World in Data",https://ourworldindata.org/grapher/ghg-per-kg-poore,OWID ghg-per-kg-poore (2010 values),2018-06-01,2018-06-01,,GLOBAL,1,2026-10-03 00:00:00,2026-10-03 00:00:00
75,Okra - Other Vegetables,4,125,Other Vegetables,0.530000,"Poore and Nemecek (2018), via Our World in Data",https://ourworldindata.org/grapher/ghg-per-kg-poore,OWID ghg-per-kg-poore (2010 values),2018-06-01,2018-06-01,,GLOBAL,1,2026-10-03 00:00:00,2026-10-03 00:00:00
76,Stink Bean - Other Vegetables,4,126,Other Vegetables,0.530000,"Poore and Nemecek (2018), via Our World in Data",https://ourworldindata.org/grapher/ghg-per-kg-poore,OWID ghg-per-kg-poore (2010 values),2018-06-01,2018-06-01,,GLOBAL,1,2026-10-03 00:00:00,2026-10-03 00:00:00
77,Mung Bean Sprouts - Other Vegetables,4,127,Other Vegetables,0.530000,"Poore and Nemecek (2018), via Our World in Data",https://ourworldindata.org/grapher/ghg-per-kg-poore,OWID ghg-per-kg-poore (2010 values),2018-06-01,2018-06-01,,GLOBAL,1,2026-10-03 00:00:00,2026-10-03 00:00:00
78,Soybean Sprouts - Other Vegetables,4,128,Other Vegetables,0.530000,"Poore and Nemecek (2018), via Our World in Data",https://ourworldindata.org/grapher/ghg-per-kg-poore,OWID ghg-per-kg-poore (2010 values),2018-06-01,2018-06-01,,GLOBAL,1,2026-10-03 00:00:00,2026-10-03 00:00:00
79,Baby Corn - Other Vegetables,4,129,Other Vegetables,0.530000,"Poore and Nemecek (2018), via Our World in Data",https://ourworldindata.org/grapher/ghg-per-kg-poore,OWID ghg-per-kg-poore (2010 values),2018-06-01,2018-06-01,,GLOBAL,1,2026-10-03 00:00:00,2026-10-03 00:00:00
80,Bird's Eye Chili - Other Vegetables,4,130,Other Vegetables,0.530000,"Poore and Nemecek (2018), via Our World in Data",https://ourworldindata.org/grapher/ghg-per-kg-poore,OWID ghg-per-kg-poore (2010 values),2018-06-01,2018-06-01,,GLOBAL,1,2026-10-03 00:00:00,2026-10-03 00:00:00
81,Red Chili - Other Vegetables,4,131,Other Vegetables,0.530000,"Poore and Nemecek (2018), via Our World in Data",https://ourworldindata.org/grapher/ghg-per-kg-poore,OWID ghg-per-kg-poore (2010 values),2018-06-01,2018-06-01,,GLOBAL,1,2026-10-03 00:00:00,2026-10-03 00:00:00
82,Green Chili - Other Vegetables,4,132,Other Vegetables,0.530000,"Poore and Nemecek (2018), via Our World in Data",https://ourworldindata.org/grapher/ghg-per-kg-poore,OWID ghg-per-kg-poore (2010 values),2018-06-01,2018-06-01,,GLOBAL,1,2026-10-03 00:00:00,2026-10-03 00:00:00
83,Eggplant - Other Vegetables,4,133,Other Vegetables,0.530000,"Poore and Nemecek (2018), via Our World in Data",https://ourworldindata.org/grapher/ghg-per-kg-poore,OWID ghg-per-kg-poore (2010 values),2018-06-01,2018-06-01,,GLOBAL,1,2026-10-03 00:00:00,2026-10-03 00:00:00
84,Tomato - Tomatoes,4,134,Tomatoes,2.090000,"Poore and Nemecek (2018), via Our World in Data",https://ourworldindata.org/grapher/ghg-per-kg-poore,OWID ghg-per-kg-poore (2010 values),2018-06-01,2018-06-01,,GLOBAL,1,2026-10-03 00:00:00,2026-10-03 00:00:00
85,Lemongrass - Other Vegetables,4,135,Other Vegetables,0.530000,"Poore and Nemecek (2018), via Our World in Data",https://ourworldindata.org/grapher/ghg-per-kg-poore,OWID ghg-per-kg-poore (2010 values),2018-06-01,2018-06-01,,GLOBAL,1,2026-10-03 00:00:00,2026-10-03 00:00:00
86,Ginger - Other Vegetables,4,136,Other Vegetables,0.530000,"Poore and Nemecek (2018), via Our World in Data",https://ourworldindata.org/grapher/ghg-per-kg-poore,OWID ghg-per-kg-poore (2010 values),2018-06-01,2018-06-01,,GLOBAL,1,2026-10-03 00:00:00,2026-10-03 00:00:00
87,Galangal - Other Vegetables,4,137,Other Vegetables,0.530000,"Poore and Nemecek (2018), via Our World in Data",https://ourworldindata.org/grapher/ghg-per-kg-poore,OWID ghg-per-kg-poore (2010 values),2018-06-01,2018-06-01,,GLOBAL,1,2026-10-03 00:00:00,2026-10-03 00:00:00
88,Turmeric - Other Vegetables,4,138,Other Vegetables,0.530000,"Poore and Nemecek (2018), via Our World in Data",https://ourworldindata.org/grapher/ghg-per-kg-poore,OWID ghg-per-kg-poore (2010 values),2018-06-01,2018-06-01,,GLOBAL,1,2026-10-03 00:00:00,2026-10-03 00:00:00
89,Torch Ginger Flower - Other Vegetables,4,139,Other Vegetables,0.530000,"Poore and Nemecek (2018), via Our World in Data",https://ourworldindata.org/grapher/ghg-per-kg-poore,OWID ghg-per-kg-poore (2010 values),2018-06-01,2018-06-01,,GLOBAL,1,2026-10-03 00:00:00,2026-10-03 00:00:00
90,Curry Leaves - Other Vegetables,4,140,Other Vegetables,0.530000,"Poore and Nemecek (2018), via Our World in Data",https://ourworldindata.org/grapher/ghg-per-kg-poore,OWID ghg-per-kg-poore (2010 values),2018-06-01,2018-06-01,,GLOBAL,1,2026-10-03 00:00:00,2026-10-03 00:00:00
91,Pandan Leaves - Other Vegetables,4,141,Other Vegetables,0.530000,"Poore and Nemecek (2018), via Our World in Data",https://ourworldindata.org/grapher/ghg-per-kg-poore,OWID ghg-per-kg-poore (2010 values),2018-06-01,2018-06-01,,GLOBAL,1,2026-10-03 00:00:00,2026-10-03 00:00:00
92,Kaffir Lime Leaves - Other Vegetables,4,142,Other Vegetables,0.530000,"Poore and Nemecek (2018), via Our World in Data",https://ourworldindata.org/grapher/ghg-per-kg-poore,OWID ghg-per-kg-poore (2010 values),2018-06-01,2018-06-01,,GLOBAL,1,2026-10-03 00:00:00,2026-10-03 00:00:00
93,Spring Onion - Onions & Leeks,4,143,Onions & Leeks,0.500000,"Poore and Nemecek (2018), via Our World in Data",https://ourworldindata.org/grapher/ghg-per-kg-poore,OWID ghg-per-kg-poore (2010 values),2018-06-01,2018-06-01,,GLOBAL,1,2026-10-03 00:00:00,2026-10-03 00:00:00
94,Garlic Chives - Other Vegetables,4,144,Other Vegetables,0.530000,"Poore and Nemecek (2018), via Our World in Data",https://ourworldindata.org/grapher/ghg-per-kg-poore,OWID ghg-per-kg-poore (2010 values),2018-06-01,2018-06-01,,GLOBAL,1,2026-10-03 00:00:00,2026-10-03 00:00:00
95,Chinese Celery - Other Vegetables,4,145,Other Vegetables,0.530000,"Poore and Nemecek (2018), via Our World in Data",https://ourworldindata.org/grapher/ghg-per-kg-poore,OWID ghg-per-kg-poore (2010 values),2018-06-01,2018-06-01,,GLOBAL,1,2026-10-03 00:00:00,2026-10-03 00:00:00
96,Coriander - Other Vegetables,4,146,Other Vegetables,0.530000,"Poore and Nemecek (2018), via Our World in Data",https://ourworldindata.org/grapher/ghg-per-kg-poore,OWID ghg-per-kg-poore (2010 values),2018-06-01,2018-06-01,,GLOBAL,1,2026-10-03 00:00:00,2026-10-03 00:00:00
97,Daikon Radish - Root Vegetables,4,147,Root Vegetables,0.430000,"Poore and Nemecek (2018), via Our World in Data",https://ourworldindata.org/grapher/ghg-per-kg-poore,OWID ghg-per-kg-poore (2010 values),2018-06-01,2018-06-01,,GLOBAL,1,2026-10-03 00:00:00,2026-10-03 00:00:00
98,Carrot - Root Vegetables,4,148,Root Vegetables,0.430000,"Poore and Nemecek (2018), via Our World in Data",https://ourworldindata.org/grapher/ghg-per-kg-poore,OWID ghg-per-kg-poore (2010 values),2018-06-01,2018-06-01,,GLOBAL,1,2026-10-03 00:00:00,2026-10-03 00:00:00
99,Jicama - Other Vegetables,4,149,Other Vegetables,0.530000,"Poore and Nemecek (2018), via Our World in Data",https://ourworldindata.org/grapher/ghg-per-kg-poore,OWID ghg-per-kg-poore (2010 values),2018-06-01,2018-06-01,,GLOBAL,1,2026-10-03 00:00:00,2026-10-03 00:00:00
100,Lotus Root - Other Vegetables,4,150,Other Vegetables,0.530000,"Poore and Nemecek (2018), via Our World in Data",https://ourworldindata.org/grapher/ghg-per-kg-poore,OWID ghg-per-kg-poore (2010 values),2018-06-01,2018-06-01,,GLOBAL,1,2026-10-03 00:00:00,2026-10-03 00:00:00
101,Whole Chicken - Poultry Meat,2,151,Poultry Meat,9.870000,"Poore and Nemecek (2018), via Our World in Data",https://ourworldindata.org/grapher/ghg-per-kg-poore,OWID ghg-per-kg-poore (2010 values),2018-06-01,2018-06-01,,GLOBAL,1,2026-10-03 00:00:00,2026-10-03 00:00:00
102,Chicken Breast - Poultry Meat,2,152,Poultry Meat,9.870000,"Poore and Nemecek (2018), via Our World in Data",https://ourworldindata.org/grapher/ghg-per-kg-poore,OWID ghg-per-kg-poore (2010 values),2018-06-01,2018-06-01,,GLOBAL,1,2026-10-03 00:00:00,2026-10-03 00:00:00
103,Chicken Thigh - Poultry Meat,2,153,Poultry Meat,9.870000,"Poore and Nemecek (2018), via Our World in Data",https://ourworldindata.org/grapher/ghg-per-kg-poore,OWID ghg-per-kg-poore (2010 values),2018-06-01,2018-06-01,,GLOBAL,1,2026-10-03 00:00:00,2026-10-03 00:00:00
104,Chicken Drumstick - Poultry Meat,2,154,Poultry Meat,9.870000,"Poore and Nemecek (2018), via Our World in Data",https://ourworldindata.org/grapher/ghg-per-kg-poore,OWID ghg-per-kg-poore (2010 values),2018-06-01,2018-06-01,,GLOBAL,1,2026-10-03 00:00:00,2026-10-03 00:00:00
105,Chicken Wings - Poultry Meat,2,155,Poultry Meat,9.870000,"Poore and Nemecek (2018), via Our World in Data",https://ourworldindata.org/grapher/ghg-per-kg-poore,OWID ghg-per-kg-poore (2010 values),2018-06-01,2018-06-01,,GLOBAL,1,2026-10-03 00:00:00,2026-10-03 00:00:00
106,Chicken Feet - Poultry Meat,2,156,Poultry Meat,9.870000,"Poore and Nemecek (2018), via Our World in Data",https://ourworldindata.org/grapher/ghg-per-kg-poore,OWID ghg-per-kg-poore (2010 values),2018-06-01,2018-06-01,,GLOBAL,1,2026-10-03 00:00:00,2026-10-03 00:00:00
107,Minced Chicken - Poultry Meat,2,157,Poultry Meat,9.870000,"Poore and Nemecek (2018), via Our World in Data",https://ourworldindata.org/grapher/ghg-per-kg-poore,OWID ghg-per-kg-poore (2010 values),2018-06-01,2018-06-01,,GLOBAL,1,2026-10-03 00:00:00,2026-10-03 00:00:00
108,Chicken Liver - Poultry Meat,2,158,Poultry Meat,9.870000,"Poore and Nemecek (2018), via Our World in Data",https://ourworldindata.org/grapher/ghg-per-kg-poore,OWID ghg-per-kg-poore (2010 values),2018-06-01,2018-06-01,,GLOBAL,1,2026-10-03 00:00:00,2026-10-03 00:00:00
109,Chicken Gizzard - Poultry Meat,2,159,Poultry Meat,9.870000,"Poore and Nemecek (2018), via Our World in Data",https://ourworldindata.org/grapher/ghg-per-kg-poore,OWID ghg-per-kg-poore (2010 values),2018-06-01,2018-06-01,,GLOBAL,1,2026-10-03 00:00:00,2026-10-03 00:00:00
110,Free-Range Chicken - Poultry Meat,2,160,Poultry Meat,9.870000,"Poore and Nemecek (2018), via Our World in Data",https://ourworldindata.org/grapher/ghg-per-kg-poore,OWID ghg-per-kg-poore (2010 values),2018-06-01,2018-06-01,,GLOBAL,1,2026-10-03 00:00:00,2026-10-03 00:00:00
111,Whole Duck - Poultry Meat,2,161,Poultry Meat,9.870000,"Poore and Nemecek (2018), via Our World in Data",https://ourworldindata.org/grapher/ghg-per-kg-poore,OWID ghg-per-kg-poore (2010 values),2018-06-01,2018-06-01,,GLOBAL,1,2026-10-03 00:00:00,2026-10-03 00:00:00
112,Duck Breast - Poultry Meat,2,162,Poultry Meat,9.870000,"Poore and Nemecek (2018), via Our World in Data",https://ourworldindata.org/grapher/ghg-per-kg-poore,OWID ghg-per-kg-poore (2010 values),2018-06-01,2018-06-01,,GLOBAL,1,2026-10-03 00:00:00,2026-10-03 00:00:00
113,Duck Leg - Poultry Meat,2,163,Poultry Meat,9.870000,"Poore and Nemecek (2018), via Our World in Data",https://ourworldindata.org/grapher/ghg-per-kg-poore,OWID ghg-per-kg-poore (2010 values),2018-06-01,2018-06-01,,GLOBAL,1,2026-10-03 00:00:00,2026-10-03 00:00:00
114,Whole Quail - Poultry Meat,2,164,Poultry Meat,9.870000,"Poore and Nemecek (2018), via Our World in Data",https://ourworldindata.org/grapher/ghg-per-kg-poore,OWID ghg-per-kg-poore (2010 values),2018-06-01,2018-06-01,,GLOBAL,1,2026-10-03 00:00:00,2026-10-03 00:00:00
115,Beef Ribeye - Beef (beef herd),2,165,Beef (beef herd),99.480000,"Poore and Nemecek (2018), via Our World in Data",https://ourworldindata.org/grapher/ghg-per-kg-poore,OWID ghg-per-kg-poore (2010 values),2018-06-01,2018-06-01,,GLOBAL,1,2026-10-03 00:00:00,2026-10-03 00:00:00
116,Beef Sirloin - Beef (beef herd),2,166,Beef (beef herd),99.480000,"Poore and Nemecek (2018), via Our World in Data",https://ourworldindata.org/grapher/ghg-per-kg-poore,OWID ghg-per-kg-poore (2010 values),2018-06-01,2018-06-01,,GLOBAL,1,2026-10-03 00:00:00,2026-10-03 00:00:00
117,Beef Tenderloin - Beef (beef herd),2,167,Beef (beef herd),99.480000,"Poore and Nemecek (2018), via Our World in Data",https://ourworldindata.org/grapher/ghg-per-kg-poore,OWID ghg-per-kg-poore (2010 values),2018-06-01,2018-06-01,,GLOBAL,1,2026-10-03 00:00:00,2026-10-03 00:00:00
118,Beef Brisket - Beef (beef herd),2,168,Beef (beef herd),99.480000,"Poore and Nemecek (2018), via Our World in Data",https://ourworldindata.org/grapher/ghg-per-kg-poore,OWID ghg-per-kg-poore (2010 values),2018-06-01,2018-06-01,,GLOBAL,1,2026-10-03 00:00:00,2026-10-03 00:00:00
119,Beef Shank - Beef (beef herd),2,169,Beef (beef herd),99.480000,"Poore and Nemecek (2018), via Our World in Data",https://ourworldindata.org/grapher/ghg-per-kg-poore,OWID ghg-per-kg-poore (2010 values),2018-06-01,2018-06-01,,GLOBAL,1,2026-10-03 00:00:00,2026-10-03 00:00:00
120,Beef Chuck - Beef (beef herd),2,170,Beef (beef herd),99.480000,"Poore and Nemecek (2018), via Our World in Data",https://ourworldindata.org/grapher/ghg-per-kg-poore,OWID ghg-per-kg-poore (2010 values),2018-06-01,2018-06-01,,GLOBAL,1,2026-10-03 00:00:00,2026-10-03 00:00:00
121,Beef Short Ribs - Beef (beef herd),2,171,Beef (beef herd),99.480000,"Poore and Nemecek (2018), via Our World in Data",https://ourworldindata.org/grapher/ghg-per-kg-poore,OWID ghg-per-kg-poore (2010 values),2018-06-01,2018-06-01,,GLOBAL,1,2026-10-03 00:00:00,2026-10-03 00:00:00
122,Beef Flank - Beef (beef herd),2,172,Beef (beef herd),99.480000,"Poore and Nemecek (2018), via Our World in Data",https://ourworldindata.org/grapher/ghg-per-kg-poore,OWID ghg-per-kg-poore (2010 values),2018-06-01,2018-06-01,,GLOBAL,1,2026-10-03 00:00:00,2026-10-03 00:00:00
123,Beef Oxtail - Beef (beef herd),2,173,Beef (beef herd),99.480000,"Poore and Nemecek (2018), via Our World in Data",https://ourworldindata.org/grapher/ghg-per-kg-poore,OWID ghg-per-kg-poore (2010 values),2018-06-01,2018-06-01,,GLOBAL,1,2026-10-03 00:00:00,2026-10-03 00:00:00
124,Minced Beef - Beef (beef herd),2,174,Beef (beef herd),99.480000,"Poore and Nemecek (2018), via Our World in Data",https://ourworldindata.org/grapher/ghg-per-kg-poore,OWID ghg-per-kg-poore (2010 values),2018-06-01,2018-06-01,,GLOBAL,1,2026-10-03 00:00:00,2026-10-03 00:00:00
125,Beef Tendon - Beef (beef herd),2,175,Beef (beef herd),99.480000,"Poore and Nemecek (2018), via Our World in Data",https://ourworldindata.org/grapher/ghg-per-kg-poore,OWID ghg-per-kg-poore (2010 values),2018-06-01,2018-06-01,,GLOBAL,1,2026-10-03 00:00:00,2026-10-03 00:00:00
126,Beef Tripe - Beef (beef herd),2,176,Beef (beef herd),99.480000,"Poore and Nemecek (2018), via Our World in Data",https://ourworldindata.org/grapher/ghg-per-kg-poore,OWID ghg-per-kg-poore (2010 values),2018-06-01,2018-06-01,,GLOBAL,1,2026-10-03 00:00:00,2026-10-03 00:00:00
127,Beef Liver - Beef (beef herd),2,177,Beef (beef herd),99.480000,"Poore and Nemecek (2018), via Our World in Data",https://ourworldindata.org/grapher/ghg-per-kg-poore,OWID ghg-per-kg-poore (2010 values),2018-06-01,2018-06-01,,GLOBAL,1,2026-10-03 00:00:00,2026-10-03 00:00:00
128,Beef Tongue - Beef (beef herd),2,178,Beef (beef herd),99.480000,"Poore and Nemecek (2018), via Our World in Data",https://ourworldindata.org/grapher/ghg-per-kg-poore,OWID ghg-per-kg-poore (2010 values),2018-06-01,2018-06-01,,GLOBAL,1,2026-10-03 00:00:00,2026-10-03 00:00:00
129,Diced Mutton - Lamb & Mutton,2,179,Lamb & Mutton,39.720000,"Poore and Nemecek (2018), via Our World in Data",https://ourworldindata.org/grapher/ghg-per-kg-poore,OWID ghg-per-kg-poore (2010 values),2018-06-01,2018-06-01,,GLOBAL,1,2026-10-03 00:00:00,2026-10-03 00:00:00
130,Lamb Chop - Lamb & Mutton,2,181,Lamb & Mutton,39.720000,"Poore and Nemecek (2018), via Our World in Data",https://ourworldindata.org/grapher/ghg-per-kg-poore,OWID ghg-per-kg-poore (2010 values),2018-06-01,2018-06-01,,GLOBAL,1,2026-10-03 00:00:00,2026-10-03 00:00:00
131,Lamb Shank - Lamb & Mutton,2,182,Lamb & Mutton,39.720000,"Poore and Nemecek (2018), via Our World in Data",https://ourworldindata.org/grapher/ghg-per-kg-poore,OWID ghg-per-kg-poore (2010 values),2018-06-01,2018-06-01,,GLOBAL,1,2026-10-03 00:00:00,2026-10-03 00:00:00
132,Lamb Shoulder - Lamb & Mutton,2,183,Lamb & Mutton,39.720000,"Poore and Nemecek (2018), via Our World in Data",https://ourworldindata.org/grapher/ghg-per-kg-poore,OWID ghg-per-kg-poore (2010 values),2018-06-01,2018-06-01,,GLOBAL,1,2026-10-03 00:00:00,2026-10-03 00:00:00
133,Lamb Leg - Lamb & Mutton,2,184,Lamb & Mutton,39.720000,"Poore and Nemecek (2018), via Our World in Data",https://ourworldindata.org/grapher/ghg-per-kg-poore,OWID ghg-per-kg-poore (2010 values),2018-06-01,2018-06-01,,GLOBAL,1,2026-10-03 00:00:00,2026-10-03 00:00:00
134,Lamb Ribs - Lamb & Mutton,2,185,Lamb & Mutton,39.720000,"Poore and Nemecek (2018), via Our World in Data",https://ourworldindata.org/grapher/ghg-per-kg-poore,OWID ghg-per-kg-poore (2010 values),2018-06-01,2018-06-01,,GLOBAL,1,2026-10-03 00:00:00,2026-10-03 00:00:00
135,Minced Lamb - Lamb & Mutton,2,186,Lamb & Mutton,39.720000,"Poore and Nemecek (2018), via Our World in Data",https://ourworldindata.org/grapher/ghg-per-kg-poore,OWID ghg-per-kg-poore (2010 values),2018-06-01,2018-06-01,,GLOBAL,1,2026-10-03 00:00:00,2026-10-03 00:00:00
136,Pork Belly - Pig Meat,2,187,Pig Meat,12.310000,"Poore and Nemecek (2018), via Our World in Data",https://ourworldindata.org/grapher/ghg-per-kg-poore,OWID ghg-per-kg-poore (2010 values),2018-06-01,2018-06-01,,GLOBAL,1,2026-10-03 00:00:00,2026-10-03 00:00:00
137,Pork Loin - Pig Meat,2,188,Pig Meat,12.310000,"Poore and Nemecek (2018), via Our World in Data",https://ourworldindata.org/grapher/ghg-per-kg-poore,OWID ghg-per-kg-poore (2010 values),2018-06-01,2018-06-01,,GLOBAL,1,2026-10-03 00:00:00,2026-10-03 00:00:00
138,Pork Shoulder - Pig Meat,2,189,Pig Meat,12.310000,"Poore and Nemecek (2018), via Our World in Data",https://ourworldindata.org/grapher/ghg-per-kg-poore,OWID ghg-per-kg-poore (2010 values),2018-06-01,2018-06-01,,GLOBAL,1,2026-10-03 00:00:00,2026-10-03 00:00:00
139,Pork Collar - Pig Meat,2,190,Pig Meat,12.310000,"Poore and Nemecek (2018), via Our World in Data",https://ourworldindata.org/grapher/ghg-per-kg-poore,OWID ghg-per-kg-poore (2010 values),2018-06-01,2018-06-01,,GLOBAL,1,2026-10-03 00:00:00,2026-10-03 00:00:00
140,Pork Ribs - Pig Meat,2,191,Pig Meat,12.310000,"Poore and Nemecek (2018), via Our World in Data",https://ourworldindata.org/grapher/ghg-per-kg-poore,OWID ghg-per-kg-poore (2010 values),2018-06-01,2018-06-01,,GLOBAL,1,2026-10-03 00:00:00,2026-10-03 00:00:00
141,Pork Chops - Pig Meat,2,192,Pig Meat,12.310000,"Poore and Nemecek (2018), via Our World in Data",https://ourworldindata.org/grapher/ghg-per-kg-poore,OWID ghg-per-kg-poore (2010 values),2018-06-01,2018-06-01,,GLOBAL,1,2026-10-03 00:00:00,2026-10-03 00:00:00
142,Minced Pork - Pig Meat,2,193,Pig Meat,12.310000,"Poore and Nemecek (2018), via Our World in Data",https://ourworldindata.org/grapher/ghg-per-kg-poore,OWID ghg-per-kg-poore (2010 values),2018-06-01,2018-06-01,,GLOBAL,1,2026-10-03 00:00:00,2026-10-03 00:00:00
143,Pork Trotters - Pig Meat,2,194,Pig Meat,12.310000,"Poore and Nemecek (2018), via Our World in Data",https://ourworldindata.org/grapher/ghg-per-kg-poore,OWID ghg-per-kg-poore (2010 values),2018-06-01,2018-06-01,,GLOBAL,1,2026-10-03 00:00:00,2026-10-03 00:00:00
144,Pork Liver - Pig Meat,2,195,Pig Meat,12.310000,"Poore and Nemecek (2018), via Our World in Data",https://ourworldindata.org/grapher/ghg-per-kg-poore,OWID ghg-per-kg-poore (2010 values),2018-06-01,2018-06-01,,GLOBAL,1,2026-10-03 00:00:00,2026-10-03 00:00:00
145,Pork Intestines - Pig Meat,2,196,Pig Meat,12.310000,"Poore and Nemecek (2018), via Our World in Data",https://ourworldindata.org/grapher/ghg-per-kg-poore,OWID ghg-per-kg-poore (2010 values),2018-06-01,2018-06-01,,GLOBAL,1,2026-10-03 00:00:00,2026-10-03 00:00:00
146,Pork Tenderloin - Pig Meat,2,197,Pig Meat,12.310000,"Poore and Nemecek (2018), via Our World in Data",https://ourworldindata.org/grapher/ghg-per-kg-poore,OWID ghg-per-kg-poore (2010 values),2018-06-01,2018-06-01,,GLOBAL,1,2026-10-03 00:00:00,2026-10-03 00:00:00
147,Pork Belly Slices - Pig Meat,2,198,Pig Meat,12.310000,"Poore and Nemecek (2018), via Our World in Data",https://ourworldindata.org/grapher/ghg-per-kg-poore,OWID ghg-per-kg-poore (2010 values),2018-06-01,2018-06-01,,GLOBAL,1,2026-10-03 00:00:00,2026-10-03 00:00:00
148,Beef Striploin - Beef (beef herd),2,199,Beef (beef herd),99.480000,"Poore and Nemecek (2018), via Our World in Data",https://ourworldindata.org/grapher/ghg-per-kg-poore,OWID ghg-per-kg-poore (2010 values),2018-06-01,2018-06-01,,GLOBAL,1,2026-10-03 00:00:00,2026-10-03 00:00:00
149,Beef Knuckle - Beef (beef herd),2,200,Beef (beef herd),99.480000,"Poore and Nemecek (2018), via Our World in Data",https://ourworldindata.org/grapher/ghg-per-kg-poore,OWID ghg-per-kg-poore (2010 values),2018-06-01,2018-06-01,,GLOBAL,1,2026-10-03 00:00:00,2026-10-03 00:00:00
150,10% red wine - Wine,7,201,Wine,1.790000,"Poore and Nemecek (2018), via Our World in Data",https://ourworldindata.org/grapher/ghg-per-kg-poore,OWID ghg-per-kg-poore (2010 values),2018-06-01,2018-06-01,,GLOBAL,1,2026-10-03 00:00:00,2026-10-03 00:00:00
151,11% dry white wine - Wine,7,202,Wine,1.790000,"Poore and Nemecek (2018), via Our World in Data",https://ourworldindata.org/grapher/ghg-per-kg-poore,OWID ghg-per-kg-poore (2010 values),2018-06-01,2018-06-01,,GLOBAL,1,2026-10-03 00:00:00,2026-10-03 00:00:00
152,11% red wine - Wine,7,203,Wine,1.790000,"Poore and Nemecek (2018), via Our World in Data",https://ourworldindata.org/grapher/ghg-per-kg-poore,OWID ghg-per-kg-poore (2010 values),2018-06-01,2018-06-01,,GLOBAL,1,2026-10-03 00:00:00,2026-10-03 00:00:00
153,11% rosé wine - Wine,7,204,Wine,1.790000,"Poore and Nemecek (2018), via Our World in Data",https://ourworldindata.org/grapher/ghg-per-kg-poore,OWID ghg-per-kg-poore (2010 values),2018-06-01,2018-06-01,,GLOBAL,1,2026-10-03 00:00:00,2026-10-03 00:00:00
154,11% white wine - Wine,7,205,Wine,1.790000,"Poore and Nemecek (2018), via Our World in Data",https://ourworldindata.org/grapher/ghg-per-kg-poore,OWID ghg-per-kg-poore (2010 values),2018-06-01,2018-06-01,,GLOBAL,1,2026-10-03 00:00:00,2026-10-03 00:00:00
155,12% red wine - Wine,7,206,Wine,1.790000,"Poore and Nemecek (2018), via Our World in Data",https://ourworldindata.org/grapher/ghg-per-kg-poore,OWID ghg-per-kg-poore (2010 values),2018-06-01,2018-06-01,,GLOBAL,1,2026-10-03 00:00:00,2026-10-03 00:00:00
156,13% red wine - Wine,7,207,Wine,1.790000,"Poore and Nemecek (2018), via Our World in Data",https://ourworldindata.org/grapher/ghg-per-kg-poore,OWID ghg-per-kg-poore (2010 values),2018-06-01,2018-06-01,,GLOBAL,1,2026-10-03 00:00:00,2026-10-03 00:00:00
157,Abate pears - Other Fruit,5,233,Other Fruit,1.050000,"Poore and Nemecek (2018), via Our World in Data",https://ourworldindata.org/grapher/ghg-per-kg-poore,OWID ghg-per-kg-poore (2010 values),2018-06-01,2018-06-01,,GLOBAL,1,2026-10-03 00:00:00,2026-10-03 00:00:00
158,Abbaye cheeses - Cheese,1,234,Cheese,23.880000,"Poore and Nemecek (2018), via Our World in Data",https://ourworldindata.org/grapher/ghg-per-kg-poore,OWID ghg-per-kg-poore (2010 values),2018-06-01,2018-06-01,,GLOBAL,1,2026-10-03 00:00:00,2026-10-03 00:00:00
159,Acidic apples - Other Fruit,5,243,Other Fruit,1.050000,"Poore and Nemecek (2018), via Our World in Data",https://ourworldindata.org/grapher/ghg-per-kg-poore,OWID ghg-per-kg-poore (2010 values),2018-06-01,2018-06-01,,GLOBAL,1,2026-10-03 00:00:00,2026-10-03 00:00:00
160,Alder wood smoked tofu - Tofu,16,262,Tofu,3.160000,"Poore and Nemecek (2018), via Our World in Data",https://ourworldindata.org/grapher/ghg-per-kg-poore,OWID ghg-per-kg-poore (2010 values),2018-06-01,2018-06-01,,GLOBAL,1,2026-10-03 00:00:00,2026-10-03 00:00:00
161,American cheeses - Cheese,1,303,Cheese,23.880000,"Poore and Nemecek (2018), via Our World in Data",https://ourworldindata.org/grapher/ghg-per-kg-poore,OWID ghg-per-kg-poore (2010 values),2018-06-01,2018-06-01,,GLOBAL,1,2026-10-03 00:00:00,2026-10-03 00:00:00
162,Appenzeller cheese - Cheese,1,326,Cheese,23.880000,"Poore and Nemecek (2018), via Our World in Data",https://ourworldindata.org/grapher/ghg-per-kg-poore,OWID ghg-per-kg-poore (2010 values),2018-06-01,2018-06-01,,GLOBAL,1,2026-10-03 00:00:00,2026-10-03 00:00:00
163,Apple pulp - Apples,5,338,Apples,0.430000,"Poore and Nemecek (2018), via Our World in Data",https://ourworldindata.org/grapher/ghg-per-kg-poore,OWID ghg-per-kg-poore (2010 values),2018-06-01,2018-06-01,,GLOBAL,1,2026-10-03 00:00:00,2026-10-03 00:00:00
164,Apple pulp and peel - Apples,5,339,Apples,0.430000,"Poore and Nemecek (2018), via Our World in Data",https://ourworldindata.org/grapher/ghg-per-kg-poore,OWID ghg-per-kg-poore (2010 values),2018-06-01,2018-06-01,,GLOBAL,1,2026-10-03 00:00:00,2026-10-03 00:00:00
165,Apples - Other Fruit,5,346,Other Fruit,1.050000,"Poore and Nemecek (2018), via Our World in Data",https://ourworldindata.org/grapher/ghg-per-kg-poore,OWID ghg-per-kg-poore (2010 values),2018-06-01,2018-06-01,,GLOBAL,1,2026-10-03 00:00:00,2026-10-03 00:00:00
166,Apples Chantecler - Other Fruit,5,347,Other Fruit,1.050000,"Poore and Nemecek (2018), via Our World in Data",https://ourworldindata.org/grapher/ghg-per-kg-poore,OWID ghg-per-kg-poore (2010 values),2018-06-01,2018-06-01,,GLOBAL,1,2026-10-03 00:00:00,2026-10-03 00:00:00
167,Applewood cheese - Cheese,1,350,Cheese,23.880000,"Poore and Nemecek (2018), via Our World in Data",https://ourworldindata.org/grapher/ghg-per-kg-poore,OWID ghg-per-kg-poore (2010 values),2018-06-01,2018-06-01,,GLOBAL,1,2026-10-03 00:00:00,2026-10-03 00:00:00
168,Apricots - Other Fruit,5,359,Other Fruit,1.050000,"Poore and Nemecek (2018), via Our World in Data",https://ourworldindata.org/grapher/ghg-per-kg-poore,OWID ghg-per-kg-poore (2010 values),2018-06-01,2018-06-01,,GLOBAL,1,2026-10-03 00:00:00,2026-10-03 00:00:00
169,Arborio rices - Rice,14,365,Rice,4.450000,"Poore and Nemecek (2018), via Our World in Data",https://ourworldindata.org/grapher/ghg-per-kg-poore,OWID ghg-per-kg-poore (2010 values),2018-06-01,2018-06-01,,GLOBAL,1,2026-10-03 00:00:00,2026-10-03 00:00:00
170,Argentine cheeses - Cheese,1,372,Cheese,23.880000,"Poore and Nemecek (2018), via Our World in Data",https://ourworldindata.org/grapher/ghg-per-kg-poore,OWID ghg-per-kg-poore (2010 values),2018-06-01,2018-06-01,,GLOBAL,1,2026-10-03 00:00:00,2026-10-03 00:00:00
171,Ariane apples - Other Fruit,5,374,Other Fruit,1.050000,"Poore and Nemecek (2018), via Our World in Data",https://ourworldindata.org/grapher/ghg-per-kg-poore,OWID ghg-per-kg-poore (2010 values),2018-06-01,2018-06-01,,GLOBAL,1,2026-10-03 00:00:00,2026-10-03 00:00:00
172,Armagh Bramley Apples - Other Fruit,5,375,Other Fruit,1.050000,"Poore and Nemecek (2018), via Our World in Data",https://ourworldindata.org/grapher/ghg-per-kg-poore,OWID ghg-per-kg-poore (2010 values),2018-06-01,2018-06-01,,GLOBAL,1,2026-10-03 00:00:00,2026-10-03 00:00:00
173,Aromatic rices - Rice,14,382,Rice,4.450000,"Poore and Nemecek (2018), via Our World in Data",https://ourworldindata.org/grapher/ghg-per-kg-poore,OWID ghg-per-kg-poore (2010 values),2018-06-01,2018-06-01,,GLOBAL,1,2026-10-03 00:00:00,2026-10-03 00:00:00
174,Artichoke hearts - Other Vegetables,4,386,Other Vegetables,0.530000,"Poore and Nemecek (2018), via Our World in Data",https://ourworldindata.org/grapher/ghg-per-kg-poore,OWID ghg-per-kg-poore (2010 values),2018-06-01,2018-06-01,,GLOBAL,1,2026-10-03 00:00:00,2026-10-03 00:00:00
175,Artichokes - Other Vegetables,4,388,Other Vegetables,0.530000,"Poore and Nemecek (2018), via Our World in Data",https://ourworldindata.org/grapher/ghg-per-kg-poore,OWID ghg-per-kg-poore (2010 values),2018-06-01,2018-06-01,,GLOBAL,1,2026-10-03 00:00:00,2026-10-03 00:00:00
176,Artisan cheeses - Cheese,1,391,Cheese,23.880000,"Poore and Nemecek (2018), via Our World in Data",https://ourworldindata.org/grapher/ghg-per-kg-poore,OWID ghg-per-kg-poore (2010 values),2018-06-01,2018-06-01,,GLOBAL,1,2026-10-03 00:00:00,2026-10-03 00:00:00
177,Asian pears - Other Fruit,5,398,Other Fruit,1.050000,"Poore and Nemecek (2018), via Our World in Data",https://ourworldindata.org/grapher/ghg-per-kg-poore,OWID ghg-per-kg-poore (2010 values),2018-06-01,2018-06-01,,GLOBAL,1,2026-10-03 00:00:00,2026-10-03 00:00:00
178,Asparagus - Other Vegetables,4,399,Other Vegetables,0.530000,"Poore and Nemecek (2018), via Our World in Data",https://ourworldindata.org/grapher/ghg-per-kg-poore,OWID ghg-per-kg-poore (2010 values),2018-06-01,2018-06-01,,GLOBAL,1,2026-10-03 00:00:00,2026-10-03 00:00:00
179,Asparagus from Sable des Landes - Other Vegetables,4,400,Other Vegetables,0.530000,"Poore and Nemecek (2018), via Our World in Data",https://ourworldindata.org/grapher/ghg-per-kg-poore,OWID ghg-per-kg-poore (2010 values),2018-06-01,2018-06-01,,GLOBAL,1,2026-10-03 00:00:00,2026-10-03 00:00:00
180,Asparagus heads - Other Vegetables,4,401,Other Vegetables,0.530000,"Poore and Nemecek (2018), via Our World in Data",https://ourworldindata.org/grapher/ghg-per-kg-poore,OWID ghg-per-kg-poore (2010 values),2018-06-01,2018-06-01,,GLOBAL,1,2026-10-03 00:00:00,2026-10-03 00:00:00
181,Attested milks - Milk,1,413,Milk,3.150000,"Poore and Nemecek (2018), via Our World in Data",https://ourworldindata.org/grapher/ghg-per-kg-poore,OWID ghg-per-kg-poore (2010 values),2018-06-01,2018-06-01,,GLOBAL,1,2026-10-03 00:00:00,2026-10-03 00:00:00
182,Aubergines - Other Vegetables,4,414,Other Vegetables,0.530000,"Poore and Nemecek (2018), via Our World in Data",https://ourworldindata.org/grapher/ghg-per-kg-poore,OWID ghg-per-kg-poore (2010 values),2018-06-01,2018-06-01,,GLOBAL,1,2026-10-03 00:00:00,2026-10-03 00:00:00
183,Austrian cheeses - Cheese,1,415,Cheese,23.880000,"Poore and Nemecek (2018), via Our World in Data",https://ourworldindata.org/grapher/ghg-per-kg-poore,OWID ghg-per-kg-poore (2010 values),2018-06-01,2018-06-01,,GLOBAL,1,2026-10-03 00:00:00,2026-10-03 00:00:00
184,Austrian fruit - Other Fruit,5,416,Other Fruit,1.050000,"Poore and Nemecek (2018), via Our World in Data",https://ourworldindata.org/grapher/ghg-per-kg-poore,OWID ghg-per-kg-poore (2010 values),2018-06-01,2018-06-01,,GLOBAL,1,2026-10-03 00:00:00,2026-10-03 00:00:00
185,Austrian vegetables - Other Vegetables,4,421,Other Vegetables,0.530000,"Poore and Nemecek (2018), via Our World in Data",https://ourworldindata.org/grapher/ghg-per-kg-poore,OWID ghg-per-kg-poore (2010 values),2018-06-01,2018-06-01,,GLOBAL,1,2026-10-03 00:00:00,2026-10-03 00:00:00
186,Auvergne blue cheese from cow's milk - Cheese,1,422,Cheese,23.880000,"Poore and Nemecek (2018), via Our World in Data",https://ourworldindata.org/grapher/ghg-per-kg-poore,OWID ghg-per-kg-poore (2010 values),2018-06-01,2018-06-01,,GLOBAL,1,2026-10-03 00:00:00,2026-10-03 00:00:00
187,Avocado pulp - Other Fruit,5,425,Other Fruit,1.050000,"Poore and Nemecek (2018), via Our World in Data",https://ourworldindata.org/grapher/ghg-per-kg-poore,OWID ghg-per-kg-poore (2010 values),2018-06-01,2018-06-01,,GLOBAL,1,2026-10-03 00:00:00,2026-10-03 00:00:00
188,Avocados - Other Fruit,5,426,Other Fruit,1.050000,"Poore and Nemecek (2018), via Our World in Data",https://ourworldindata.org/grapher/ghg-per-kg-poore,OWID ghg-per-kg-poore (2010 values),2018-06-01,2018-06-01,,GLOBAL,1,2026-10-03 00:00:00,2026-10-03 00:00:00
189,Azuki beans - Other Pulses,14,430,Other Pulses,1.790000,"Poore and Nemecek (2018), via Our World in Data",https://ourworldindata.org/grapher/ghg-per-kg-poore,OWID ghg-per-kg-poore (2010 values),2018-06-01,2018-06-01,,GLOBAL,1,2026-10-03 00:00:00,2026-10-03 00:00:00
190,Bahía rices - Rice,14,457,Rice,4.450000,"Poore and Nemecek (2018), via Our World in Data",https://ourworldindata.org/grapher/ghg-per-kg-poore,OWID ghg-per-kg-poore (2010 values),2018-06-01,2018-06-01,,GLOBAL,1,2026-10-03 00:00:00,2026-10-03 00:00:00
191,Baked milk - Milk,1,464,Milk,3.150000,"Poore and Nemecek (2018), via Our World in Data",https://ourworldindata.org/grapher/ghg-per-kg-poore,OWID ghg-per-kg-poore (2010 values),2018-06-01,2018-06-01,,GLOBAL,1,2026-10-03 00:00:00,2026-10-03 00:00:00
192,Baldo rices - Rice,14,468,Rice,4.450000,"Poore and Nemecek (2018), via Our World in Data",https://ourworldindata.org/grapher/ghg-per-kg-poore,OWID ghg-per-kg-poore (2010 values),2018-06-01,2018-06-01,,GLOBAL,1,2026-10-03 00:00:00,2026-10-03 00:00:00
193,Balilla x Sollana rices - Rice,14,469,Rice,4.450000,"Poore and Nemecek (2018), via Our World in Data",https://ourworldindata.org/grapher/ghg-per-kg-poore,OWID ghg-per-kg-poore (2010 values),2018-06-01,2018-06-01,,GLOBAL,1,2026-10-03 00:00:00,2026-10-03 00:00:00
194,Balkan cheese - Cheese,1,470,Cheese,23.880000,"Poore and Nemecek (2018), via Our World in Data",https://ourworldindata.org/grapher/ghg-per-kg-poore,OWID ghg-per-kg-poore (2010 values),2018-06-01,2018-06-01,,GLOBAL,1,2026-10-03 00:00:00,2026-10-03 00:00:00
195,Bambara groundnuts - Groundnuts,14,475,Groundnuts,3.230000,"Poore and Nemecek (2018), via Our World in Data",https://ourworldindata.org/grapher/ghg-per-kg-poore,OWID ghg-per-kg-poore (2010 values),2018-06-01,2018-06-01,,GLOBAL,1,2026-10-03 00:00:00,2026-10-03 00:00:00
196,Bananas - Bananas,5,486,Bananas,0.860000,"Poore and Nemecek (2018), via Our World in Data",https://ourworldindata.org/grapher/ghg-per-kg-poore,OWID ghg-per-kg-poore (2010 values),2018-06-01,2018-06-01,,GLOBAL,1,2026-10-03 00:00:00,2026-10-03 00:00:00
197,Bananas from the Canary Islands - Bananas,5,487,Bananas,0.860000,"Poore and Nemecek (2018), via Our World in Data",https://ourworldindata.org/grapher/ghg-per-kg-poore,OWID ghg-per-kg-poore (2010 values),2018-06-01,2018-06-01,,GLOBAL,1,2026-10-03 00:00:00,2026-10-03 00:00:00
198,Barley - Barley,14,497,Barley,1.180000,"Poore and Nemecek (2018), via Our World in Data",https://ourworldindata.org/grapher/ghg-per-kg-poore,OWID ghg-per-kg-poore (2010 values),2018-06-01,2018-06-01,,GLOBAL,1,2026-10-03 00:00:00,2026-10-03 00:00:00
199,Barley flakes - Barley,14,499,Barley,1.180000,"Poore and Nemecek (2018), via Our World in Data",https://ourworldindata.org/grapher/ghg-per-kg-poore,OWID ghg-per-kg-poore (2010 values),2018-06-01,2018-06-01,,GLOBAL,1,2026-10-03 00:00:00,2026-10-03 00:00:00
200,Barley flours - Barley,14,500,Barley,1.180000,"Poore and Nemecek (2018), via Our World in Data",https://ourworldindata.org/grapher/ghg-per-kg-poore,OWID ghg-per-kg-poore (2010 values),2018-06-01,2018-06-01,,GLOBAL,1,2026-10-03 00:00:00,2026-10-03 00:00:00
201,Barley malt flours - Barley,14,501,Barley,1.180000,"Poore and Nemecek (2018), via Our World in Data",https://ourworldindata.org/grapher/ghg-per-kg-poore,OWID ghg-per-kg-poore (2010 values),2018-06-01,2018-06-01,,GLOBAL,1,2026-10-03 00:00:00,2026-10-03 00:00:00
202,Barley pasta - Barley,14,503,Barley,1.180000,"Poore and Nemecek (2018), via Our World in Data",https://ourworldindata.org/grapher/ghg-per-kg-poore,OWID ghg-per-kg-poore (2010 values),2018-06-01,2018-06-01,,GLOBAL,1,2026-10-03 00:00:00,2026-10-03 00:00:00
203,Barn chicken eggs - Eggs,18,504,Eggs,4.670000,"Poore and Nemecek (2018), via Our World in Data",https://ourworldindata.org/grapher/ghg-per-kg-poore,OWID ghg-per-kg-poore (2010 values),2018-06-01,2018-06-01,,GLOBAL,1,2026-10-03 00:00:00,2026-10-03 00:00:00
204,Basmati rices - Rice,14,510,Rice,4.450000,"Poore and Nemecek (2018), via Our World in Data",https://ourworldindata.org/grapher/ghg-per-kg-poore,OWID ghg-per-kg-poore (2010 values),2018-06-01,2018-06-01,,GLOBAL,1,2026-10-03 00:00:00,2026-10-03 00:00:00
205,Beacon Fell traditional Lancashire cheese - Cheese,1,524,Cheese,23.880000,"Poore and Nemecek (2018), via Our World in Data",https://ourworldindata.org/grapher/ghg-per-kg-poore,OWID ghg-per-kg-poore (2010 values),2018-06-01,2018-06-01,,GLOBAL,1,2026-10-03 00:00:00,2026-10-03 00:00:00
206,Beading wines - Wine,7,525,Wine,1.790000,"Poore and Nemecek (2018), via Our World in Data",https://ourworldindata.org/grapher/ghg-per-kg-poore,OWID ghg-per-kg-poore (2010 values),2018-06-01,2018-06-01,,GLOBAL,1,2026-10-03 00:00:00,2026-10-03 00:00:00
207,Beech wood smoked tofu - Tofu,16,534,Tofu,3.160000,"Poore and Nemecek (2018), via Our World in Data",https://ourworldindata.org/grapher/ghg-per-kg-poore,OWID ghg-per-kg-poore (2010 values),2018-06-01,2018-06-01,,GLOBAL,1,2026-10-03 00:00:00,2026-10-03 00:00:00
208,Beef - Beef (beef herd),2,535,Beef (beef herd),99.480000,"Poore and Nemecek (2018), via Our World in Data",https://ourworldindata.org/grapher/ghg-per-kg-poore,OWID ghg-per-kg-poore (2010 values),2018-06-01,2018-06-01,,GLOBAL,1,2026-10-03 00:00:00,2026-10-03 00:00:00
209,Beef bacon - Beef (beef herd),2,536,Beef (beef herd),99.480000,"Poore and Nemecek (2018), via Our World in Data",https://ourworldindata.org/grapher/ghg-per-kg-poore,OWID ghg-per-kg-poore (2010 values),2018-06-01,2018-06-01,,GLOBAL,1,2026-10-03 00:00:00,2026-10-03 00:00:00
210,Beef based burger with 15% fat - Beef (beef herd),2,537,Beef (beef herd),99.480000,"Poore and Nemecek (2018), via Our World in Data",https://ourworldindata.org/grapher/ghg-per-kg-poore,OWID ghg-per-kg-poore (2010 values),2018-06-01,2018-06-01,,GLOBAL,1,2026-10-03 00:00:00,2026-10-03 00:00:00
211,Beef blood - Beef (beef herd),2,538,Beef (beef herd),99.480000,"Poore and Nemecek (2018), via Our World in Data",https://ourworldindata.org/grapher/ghg-per-kg-poore,OWID ghg-per-kg-poore (2010 values),2018-06-01,2018-06-01,,GLOBAL,1,2026-10-03 00:00:00,2026-10-03 00:00:00
212,Beef bolar-blade - Beef (beef herd),2,539,Beef (beef herd),99.480000,"Poore and Nemecek (2018), via Our World in Data",https://ourworldindata.org/grapher/ghg-per-kg-poore,OWID ghg-per-kg-poore (2010 values),2018-06-01,2018-06-01,,GLOBAL,1,2026-10-03 00:00:00,2026-10-03 00:00:00
213,Beef cheek - Beef (beef herd),2,541,Beef (beef herd),99.480000,"Poore and Nemecek (2018), via Our World in Data",https://ourworldindata.org/grapher/ghg-per-kg-poore,OWID ghg-per-kg-poore (2010 values),2018-06-01,2018-06-01,,GLOBAL,1,2026-10-03 00:00:00,2026-10-03 00:00:00
214,Beef flank steak - Beef (beef herd),2,544,Beef (beef herd),99.480000,"Poore and Nemecek (2018), via Our World in Data",https://ourworldindata.org/grapher/ghg-per-kg-poore,OWID ghg-per-kg-poore (2010 values),2018-06-01,2018-06-01,,GLOBAL,1,2026-10-03 00:00:00,2026-10-03 00:00:00
215,Beef from Bazas - Beef (beef herd),2,545,Beef (beef herd),99.480000,"Poore and Nemecek (2018), via Our World in Data",https://ourworldindata.org/grapher/ghg-per-kg-poore,OWID ghg-per-kg-poore (2010 values),2018-06-01,2018-06-01,,GLOBAL,1,2026-10-03 00:00:00,2026-10-03 00:00:00
216,Beef from Chalosse - Beef (beef herd),2,546,Beef (beef herd),99.480000,"Poore and Nemecek (2018), via Our World in Data",https://ourworldindata.org/grapher/ghg-per-kg-poore,OWID ghg-per-kg-poore (2010 values),2018-06-01,2018-06-01,,GLOBAL,1,2026-10-03 00:00:00,2026-10-03 00:00:00
217,Beef from Charolles - Beef (beef herd),2,547,Beef (beef herd),99.480000,"Poore and Nemecek (2018), via Our World in Data",https://ourworldindata.org/grapher/ghg-per-kg-poore,OWID ghg-per-kg-poore (2010 values),2018-06-01,2018-06-01,,GLOBAL,1,2026-10-03 00:00:00,2026-10-03 00:00:00
218,Beef from Maine - Beef (beef herd),2,548,Beef (beef herd),99.480000,"Poore and Nemecek (2018), via Our World in Data",https://ourworldindata.org/grapher/ghg-per-kg-poore,OWID ghg-per-kg-poore (2010 values),2018-06-01,2018-06-01,,GLOBAL,1,2026-10-03 00:00:00,2026-10-03 00:00:00
219,Beef from Vendée - Beef (beef herd),2,549,Beef (beef herd),99.480000,"Poore and Nemecek (2018), via Our World in Data",https://ourworldindata.org/grapher/ghg-per-kg-poore,OWID ghg-per-kg-poore (2010 values),2018-06-01,2018-06-01,,GLOBAL,1,2026-10-03 00:00:00,2026-10-03 00:00:00
220,Beef front quarter - Beef (beef herd),2,550,Beef (beef herd),99.480000,"Poore and Nemecek (2018), via Our World in Data",https://ourworldindata.org/grapher/ghg-per-kg-poore,OWID ghg-per-kg-poore (2010 values),2018-06-01,2018-06-01,,GLOBAL,1,2026-10-03 00:00:00,2026-10-03 00:00:00
221,Beef hanger steak - Beef (beef herd),2,551,Beef (beef herd),99.480000,"Poore and Nemecek (2018), via Our World in Data",https://ourworldindata.org/grapher/ghg-per-kg-poore,OWID ghg-per-kg-poore (2010 values),2018-06-01,2018-06-01,,GLOBAL,1,2026-10-03 00:00:00,2026-10-03 00:00:00
222,Beef heart - Beef (beef herd),2,552,Beef (beef herd),99.480000,"Poore and Nemecek (2018), via Our World in Data",https://ourworldindata.org/grapher/ghg-per-kg-poore,OWID ghg-per-kg-poore (2010 values),2018-06-01,2018-06-01,,GLOBAL,1,2026-10-03 00:00:00,2026-10-03 00:00:00
223,Beef kidney - Beef (beef herd),2,554,Beef (beef herd),99.480000,"Poore and Nemecek (2018), via Our World in Data",https://ourworldindata.org/grapher/ghg-per-kg-poore,OWID ghg-per-kg-poore (2010 values),2018-06-01,2018-06-01,,GLOBAL,1,2026-10-03 00:00:00,2026-10-03 00:00:00
224,Beef livers - Beef (beef herd),2,555,Beef (beef herd),99.480000,"Poore and Nemecek (2018), via Our World in Data",https://ourworldindata.org/grapher/ghg-per-kg-poore,OWID ghg-per-kg-poore (2010 values),2018-06-01,2018-06-01,,GLOBAL,1,2026-10-03 00:00:00,2026-10-03 00:00:00
225,Beef marrowbone - Beef (beef herd),2,556,Beef (beef herd),99.480000,"Poore and Nemecek (2018), via Our World in Data",https://ourworldindata.org/grapher/ghg-per-kg-poore,OWID ghg-per-kg-poore (2010 values),2018-06-01,2018-06-01,,GLOBAL,1,2026-10-03 00:00:00,2026-10-03 00:00:00
226,Beef offals - Beef (beef herd),2,557,Beef (beef herd),99.480000,"Poore and Nemecek (2018), via Our World in Data",https://ourworldindata.org/grapher/ghg-per-kg-poore,OWID ghg-per-kg-poore (2010 values),2018-06-01,2018-06-01,,GLOBAL,1,2026-10-03 00:00:00,2026-10-03 00:00:00
227,Beef rib steak - Beef (beef herd),2,560,Beef (beef herd),99.480000,"Poore and Nemecek (2018), via Our World in Data",https://ourworldindata.org/grapher/ghg-per-kg-poore,OWID ghg-per-kg-poore (2010 values),2018-06-01,2018-06-01,,GLOBAL,1,2026-10-03 00:00:00,2026-10-03 00:00:00
228,Beef ribs - Beef (beef herd),2,561,Beef (beef herd),99.480000,"Poore and Nemecek (2018), via Our World in Data",https://ourworldindata.org/grapher/ghg-per-kg-poore,OWID ghg-per-kg-poore (2010 values),2018-06-01,2018-06-01,,GLOBAL,1,2026-10-03 00:00:00,2026-10-03 00:00:00
229,Beef round - Beef (beef herd),2,563,Beef (beef herd),99.480000,"Poore and Nemecek (2018), via Our World in Data",https://ourworldindata.org/grapher/ghg-per-kg-poore,OWID ghg-per-kg-poore (2010 values),2018-06-01,2018-06-01,,GLOBAL,1,2026-10-03 00:00:00,2026-10-03 00:00:00
230,Beef rump steak - Beef (beef herd),2,564,Beef (beef herd),99.480000,"Poore and Nemecek (2018), via Our World in Data",https://ourworldindata.org/grapher/ghg-per-kg-poore,OWID ghg-per-kg-poore (2010 values),2018-06-01,2018-06-01,,GLOBAL,1,2026-10-03 00:00:00,2026-10-03 00:00:00
231,Beef shoulder - Beef (beef herd),2,566,Beef (beef herd),99.480000,"Poore and Nemecek (2018), via Our World in Data",https://ourworldindata.org/grapher/ghg-per-kg-poore,OWID ghg-per-kg-poore (2010 values),2018-06-01,2018-06-01,,GLOBAL,1,2026-10-03 00:00:00,2026-10-03 00:00:00
232,Beef sirloin steak - Beef (beef herd),2,567,Beef (beef herd),99.480000,"Poore and Nemecek (2018), via Our World in Data",https://ourworldindata.org/grapher/ghg-per-kg-poore,OWID ghg-per-kg-poore (2010 values),2018-06-01,2018-06-01,,GLOBAL,1,2026-10-03 00:00:00,2026-10-03 00:00:00
233,Beef sirloin steak red label - Beef (beef herd),2,568,Beef (beef herd),99.480000,"Poore and Nemecek (2018), via Our World in Data",https://ourworldindata.org/grapher/ghg-per-kg-poore,OWID ghg-per-kg-poore (2010 values),2018-06-01,2018-06-01,,GLOBAL,1,2026-10-03 00:00:00,2026-10-03 00:00:00
234,Beef steaks - Beef (beef herd),2,569,Beef (beef herd),99.480000,"Poore and Nemecek (2018), via Our World in Data",https://ourworldindata.org/grapher/ghg-per-kg-poore,OWID ghg-per-kg-poore (2010 values),2018-06-01,2018-06-01,,GLOBAL,1,2026-10-03 00:00:00,2026-10-03 00:00:00
235,Beef stew meat - Beef (beef herd),2,570,Beef (beef herd),99.480000,"Poore and Nemecek (2018), via Our World in Data",https://ourworldindata.org/grapher/ghg-per-kg-poore,OWID ghg-per-kg-poore (2010 values),2018-06-01,2018-06-01,,GLOBAL,1,2026-10-03 00:00:00,2026-10-03 00:00:00
236,Beef thin flank - Beef (beef herd),2,574,Beef (beef herd),99.480000,"Poore and Nemecek (2018), via Our World in Data",https://ourworldindata.org/grapher/ghg-per-kg-poore,OWID ghg-per-kg-poore (2010 values),2018-06-01,2018-06-01,,GLOBAL,1,2026-10-03 00:00:00,2026-10-03 00:00:00
237,Beef tongues - Beef (beef herd),2,575,Beef (beef herd),99.480000,"Poore and Nemecek (2018), via Our World in Data",https://ourworldindata.org/grapher/ghg-per-kg-poore,OWID ghg-per-kg-poore (2010 values),2018-06-01,2018-06-01,,GLOBAL,1,2026-10-03 00:00:00,2026-10-03 00:00:00
238,Beef topside - Beef (beef herd),2,576,Beef (beef herd),99.480000,"Poore and Nemecek (2018), via Our World in Data",https://ourworldindata.org/grapher/ghg-per-kg-poore,OWID ghg-per-kg-poore (2010 values),2018-06-01,2018-06-01,,GLOBAL,1,2026-10-03 00:00:00,2026-10-03 00:00:00
239,Beenleigh Blue cheese - Cheese,1,580,Cheese,23.880000,"Poore and Nemecek (2018), via Our World in Data",https://ourworldindata.org/grapher/ghg-per-kg-poore,OWID ghg-per-kg-poore (2010 values),2018-06-01,2018-06-01,,GLOBAL,1,2026-10-03 00:00:00,2026-10-03 00:00:00
240,Beet sugars - Beet Sugar,15,596,Beet Sugar,1.810000,"Poore and Nemecek (2018), via Our World in Data",https://ourworldindata.org/grapher/ghg-per-kg-poore,OWID ghg-per-kg-poore (2010 values),2018-06-01,2018-06-01,,GLOBAL,1,2026-10-03 00:00:00,2026-10-03 00:00:00
241,Beetroot - Root Vegetables,4,597,Root Vegetables,0.430000,"Poore and Nemecek (2018), via Our World in Data",https://ourworldindata.org/grapher/ghg-per-kg-poore,OWID ghg-per-kg-poore (2010 values),2018-06-01,2018-06-01,,GLOBAL,1,2026-10-03 00:00:00,2026-10-03 00:00:00
242,Belgian cheeses - Cheese,1,602,Cheese,23.880000,"Poore and Nemecek (2018), via Our World in Data",https://ourworldindata.org/grapher/ghg-per-kg-poore,OWID ghg-per-kg-poore (2010 values),2018-06-01,2018-06-01,,GLOBAL,1,2026-10-03 00:00:00,2026-10-03 00:00:00
243,Belgian endives - Other Vegetables,4,603,Other Vegetables,0.530000,"Poore and Nemecek (2018), via Our World in Data",https://ourworldindata.org/grapher/ghg-per-kg-poore,OWID ghg-per-kg-poore (2010 values),2018-06-01,2018-06-01,,GLOBAL,1,2026-10-03 00:00:00,2026-10-03 00:00:00
244,Belgian fruits - Other Fruit,5,605,Other Fruit,1.050000,"Poore and Nemecek (2018), via Our World in Data",https://ourworldindata.org/grapher/ghg-per-kg-poore,OWID ghg-per-kg-poore (2010 values),2018-06-01,2018-06-01,,GLOBAL,1,2026-10-03 00:00:00,2026-10-03 00:00:00
245,Belgian vegetables - Other Vegetables,4,609,Other Vegetables,0.530000,"Poore and Nemecek (2018), via Our World in Data",https://ourworldindata.org/grapher/ghg-per-kg-poore,OWID ghg-per-kg-poore (2010 values),2018-06-01,2018-06-01,,GLOBAL,1,2026-10-03 00:00:00,2026-10-03 00:00:00
246,Berries - Berries & Grapes,5,614,Berries & Grapes,1.530000,"Poore and Nemecek (2018), via Our World in Data",https://ourworldindata.org/grapher/ghg-per-kg-poore,OWID ghg-per-kg-poore (2010 values),2018-06-01,2018-06-01,,GLOBAL,1,2026-10-03 00:00:00,2026-10-03 00:00:00
247,Bilberries - Berries & Grapes,5,628,Berries & Grapes,1.530000,"Poore and Nemecek (2018), via Our World in Data",https://ourworldindata.org/grapher/ghg-per-kg-poore,OWID ghg-per-kg-poore (2010 values),2018-06-01,2018-06-01,,GLOBAL,1,2026-10-03 00:00:00,2026-10-03 00:00:00
248,Black beans - Other Pulses,14,659,Other Pulses,1.790000,"Poore and Nemecek (2018), via Our World in Data",https://ourworldindata.org/grapher/ghg-per-kg-poore,OWID ghg-per-kg-poore (2010 values),2018-06-01,2018-06-01,,GLOBAL,1,2026-10-03 00:00:00,2026-10-03 00:00:00
249,Black chickpeas - Other Pulses,14,662,Other Pulses,1.790000,"Poore and Nemecek (2018), via Our World in Data",https://ourworldindata.org/grapher/ghg-per-kg-poore,OWID ghg-per-kg-poore (2010 values),2018-06-01,2018-06-01,,GLOBAL,1,2026-10-03 00:00:00,2026-10-03 00:00:00
250,Black-eyed peas - Peas,14,663,Peas,0.980000,"Poore and Nemecek (2018), via Our World in Data",https://ourworldindata.org/grapher/ghg-per-kg-poore,OWID ghg-per-kg-poore (2010 values),2018-06-01,2018-06-01,,GLOBAL,1,2026-10-03 00:00:00,2026-10-03 00:00:00
251,Black grapes - Berries & Grapes,5,666,Berries & Grapes,1.530000,"Poore and Nemecek (2018), via Our World in Data",https://ourworldindata.org/grapher/ghg-per-kg-poore,OWID ghg-per-kg-poore (2010 values),2018-06-01,2018-06-01,,GLOBAL,1,2026-10-03 00:00:00,2026-10-03 00:00:00
252,Black lentils - Other Pulses,14,667,Other Pulses,1.790000,"Poore and Nemecek (2018), via Our World in Data",https://ourworldindata.org/grapher/ghg-per-kg-poore,OWID ghg-per-kg-poore (2010 values),2018-06-01,2018-06-01,,GLOBAL,1,2026-10-03 00:00:00,2026-10-03 00:00:00
253,Black mulberries - Berries & Grapes,5,668,Berries & Grapes,1.530000,"Poore and Nemecek (2018), via Our World in Data",https://ourworldindata.org/grapher/ghg-per-kg-poore,OWID ghg-per-kg-poore (2010 values),2018-06-01,2018-06-01,,GLOBAL,1,2026-10-03 00:00:00,2026-10-03 00:00:00
254,Black radishes - Root Vegetables,4,672,Root Vegetables,0.430000,"Poore and Nemecek (2018), via Our World in Data",https://ourworldindata.org/grapher/ghg-per-kg-poore,OWID ghg-per-kg-poore (2010 values),2018-06-01,2018-06-01,,GLOBAL,1,2026-10-03 00:00:00,2026-10-03 00:00:00
255,Black rices - Rice,14,674,Rice,4.450000,"Poore and Nemecek (2018), via Our World in Data",https://ourworldindata.org/grapher/ghg-per-kg-poore,OWID ghg-per-kg-poore (2010 values),2018-06-01,2018-06-01,,GLOBAL,1,2026-10-03 00:00:00,2026-10-03 00:00:00
256,Black salsify - Other Vegetables,4,675,Other Vegetables,0.530000,"Poore and Nemecek (2018), via Our World in Data",https://ourworldindata.org/grapher/ghg-per-kg-poore,OWID ghg-per-kg-poore (2010 values),2018-06-01,2018-06-01,,GLOBAL,1,2026-10-03 00:00:00,2026-10-03 00:00:00
257,Black seedless grapes - Berries & Grapes,5,677,Berries & Grapes,1.530000,"Poore and Nemecek (2018), via Our World in Data",https://ourworldindata.org/grapher/ghg-per-kg-poore,OWID ghg-per-kg-poore (2010 values),2018-06-01,2018-06-01,,GLOBAL,1,2026-10-03 00:00:00,2026-10-03 00:00:00
258,Black Splendor plums - Other Fruit,5,679,Other Fruit,1.050000,"Poore and Nemecek (2018), via Our World in Data",https://ourworldindata.org/grapher/ghg-per-kg-poore,OWID ghg-per-kg-poore (2010 values),2018-06-01,2018-06-01,,GLOBAL,1,2026-10-03 00:00:00,2026-10-03 00:00:00
259,Blackberries - Berries & Grapes,5,684,Berries & Grapes,1.530000,"Poore and Nemecek (2018), via Our World in Data",https://ourworldindata.org/grapher/ghg-per-kg-poore,OWID ghg-per-kg-poore (2010 values),2018-06-01,2018-06-01,,GLOBAL,1,2026-10-03 00:00:00,2026-10-03 00:00:00
260,Blackcurrants - Other Fruit,5,698,Other Fruit,1.050000,"Poore and Nemecek (2018), via Our World in Data",https://ourworldindata.org/grapher/ghg-per-kg-poore,OWID ghg-per-kg-poore (2010 values),2018-06-01,2018-06-01,,GLOBAL,1,2026-10-03 00:00:00,2026-10-03 00:00:00
261,Blackthorns - Other Fruit,5,700,Other Fruit,1.050000,"Poore and Nemecek (2018), via Our World in Data",https://ourworldindata.org/grapher/ghg-per-kg-poore,OWID ghg-per-kg-poore (2010 values),2018-06-01,2018-06-01,,GLOBAL,1,2026-10-03 00:00:00,2026-10-03 00:00:00
262,Blonde lentils - Other Pulses,14,714,Other Pulses,1.790000,"Poore and Nemecek (2018), via Our World in Data",https://ourworldindata.org/grapher/ghg-per-kg-poore,OWID ghg-per-kg-poore (2010 values),2018-06-01,2018-06-01,,GLOBAL,1,2026-10-03 00:00:00,2026-10-03 00:00:00
263,Blood oranges - Citrus Fruit,5,716,Citrus Fruit,0.390000,"Poore and Nemecek (2018), via Our World in Data",https://ourworldindata.org/grapher/ghg-per-kg-poore,OWID ghg-per-kg-poore (2010 values),2018-06-01,2018-06-01,,GLOBAL,1,2026-10-03 00:00:00,2026-10-03 00:00:00
264,Blue Stilton cheese - Cheese,1,723,Cheese,23.880000,"Poore and Nemecek (2018), via Our World in Data",https://ourworldindata.org/grapher/ghg-per-kg-poore,OWID ghg-per-kg-poore (2010 values),2018-06-01,2018-06-01,,GLOBAL,1,2026-10-03 00:00:00,2026-10-03 00:00:00
265,Blue-veined cheeses - Cheese,1,724,Cheese,23.880000,"Poore and Nemecek (2018), via Our World in Data",https://ourworldindata.org/grapher/ghg-per-kg-poore,OWID ghg-per-kg-poore (2010 values),2018-06-01,2018-06-01,,GLOBAL,1,2026-10-03 00:00:00,2026-10-03 00:00:00
266,Blueberries - Berries & Grapes,5,725,Berries & Grapes,1.530000,"Poore and Nemecek (2018), via Our World in Data",https://ourworldindata.org/grapher/ghg-per-kg-poore,OWID ghg-per-kg-poore (2010 values),2018-06-01,2018-06-01,,GLOBAL,1,2026-10-03 00:00:00,2026-10-03 00:00:00
267,Bog bilberries - Berries & Grapes,5,738,Berries & Grapes,1.530000,"Poore and Nemecek (2018), via Our World in Data",https://ourworldindata.org/grapher/ghg-per-kg-poore,OWID ghg-per-kg-poore (2010 values),2018-06-01,2018-06-01,,GLOBAL,1,2026-10-03 00:00:00,2026-10-03 00:00:00
268,Boiled apples without skin - Other Fruit,5,740,Other Fruit,1.050000,"Poore and Nemecek (2018), via Our World in Data",https://ourworldindata.org/grapher/ghg-per-kg-poore,OWID ghg-per-kg-poore (2010 values),2018-06-01,2018-06-01,,GLOBAL,1,2026-10-03 00:00:00,2026-10-03 00:00:00
269,Boiled beef knuckle - Beef (beef herd),2,741,Beef (beef herd),99.480000,"Poore and Nemecek (2018), via Our World in Data",https://ourworldindata.org/grapher/ghg-per-kg-poore,OWID ghg-per-kg-poore (2010 values),2018-06-01,2018-06-01,,GLOBAL,1,2026-10-03 00:00:00,2026-10-03 00:00:00
270,Boiled beef oxtail - Beef (beef herd),2,742,Beef (beef herd),99.480000,"Poore and Nemecek (2018), via Our World in Data",https://ourworldindata.org/grapher/ghg-per-kg-poore,OWID ghg-per-kg-poore (2010 values),2018-06-01,2018-06-01,,GLOBAL,1,2026-10-03 00:00:00,2026-10-03 00:00:00
271,Boiled chicken leg meat - Poultry Meat,2,745,Poultry Meat,9.870000,"Poore and Nemecek (2018), via Our World in Data",https://ourworldindata.org/grapher/ghg-per-kg-poore,OWID ghg-per-kg-poore (2010 values),2018-06-01,2018-06-01,,GLOBAL,1,2026-10-03 00:00:00,2026-10-03 00:00:00
272,Boiled chicken leg with meat and skin - Poultry Meat,2,746,Poultry Meat,9.870000,"Poore and Nemecek (2018), via Our World in Data",https://ourworldindata.org/grapher/ghg-per-kg-poore,OWID ghg-per-kg-poore (2010 values),2018-06-01,2018-06-01,,GLOBAL,1,2026-10-03 00:00:00,2026-10-03 00:00:00
273,Boiled eggs - Eggs,18,751,Eggs,4.670000,"Poore and Nemecek (2018), via Our World in Data",https://ourworldindata.org/grapher/ghg-per-kg-poore,OWID ghg-per-kg-poore (2010 values),2018-06-01,2018-06-01,,GLOBAL,1,2026-10-03 00:00:00,2026-10-03 00:00:00
274,Boiled fennel - Other Vegetables,4,752,Other Vegetables,0.530000,"Poore and Nemecek (2018), via Our World in Data",https://ourworldindata.org/grapher/ghg-per-kg-poore,OWID ghg-per-kg-poore (2010 values),2018-06-01,2018-06-01,,GLOBAL,1,2026-10-03 00:00:00,2026-10-03 00:00:00
275,Boiled green cabbage - Brassicas,4,753,Brassicas,0.510000,"Poore and Nemecek (2018), via Our World in Data",https://ourworldindata.org/grapher/ghg-per-kg-poore,OWID ghg-per-kg-poore (2010 values),2018-06-01,2018-06-01,,GLOBAL,1,2026-10-03 00:00:00,2026-10-03 00:00:00
276,Boiled kohlrabi - Other Vegetables,4,754,Other Vegetables,0.530000,"Poore and Nemecek (2018), via Our World in Data",https://ourworldindata.org/grapher/ghg-per-kg-poore,OWID ghg-per-kg-poore (2010 values),2018-06-01,2018-06-01,,GLOBAL,1,2026-10-03 00:00:00,2026-10-03 00:00:00
277,Boiled red cabbage - Brassicas,4,758,Brassicas,0.510000,"Poore and Nemecek (2018), via Our World in Data",https://ourworldindata.org/grapher/ghg-per-kg-poore,OWID ghg-per-kg-poore (2010 values),2018-06-01,2018-06-01,,GLOBAL,1,2026-10-03 00:00:00,2026-10-03 00:00:00
278,Bomba rices - Rice,14,773,Rice,4.450000,"Poore and Nemecek (2018), via Our World in Data",https://ourworldindata.org/grapher/ghg-per-kg-poore,OWID ghg-per-kg-poore (2010 values),2018-06-01,2018-06-01,,GLOBAL,1,2026-10-03 00:00:00,2026-10-03 00:00:00
279,Bordeaux wines - Wine,7,778,Wine,1.790000,"Poore and Nemecek (2018), via Our World in Data",https://ourworldindata.org/grapher/ghg-per-kg-poore,OWID ghg-per-kg-poore (2010 values),2018-06-01,2018-06-01,,GLOBAL,1,2026-10-03 00:00:00,2026-10-03 00:00:00
280,Bowland cheese - Cheese,1,787,Cheese,23.880000,"Poore and Nemecek (2018), via Our World in Data",https://ourworldindata.org/grapher/ghg-per-kg-poore,OWID ghg-per-kg-poore (2010 values),2018-06-01,2018-06-01,,GLOBAL,1,2026-10-03 00:00:00,2026-10-03 00:00:00
281,Braised beef - Beef (beef herd),2,788,Beef (beef herd),99.480000,"Poore and Nemecek (2018), via Our World in Data",https://ourworldindata.org/grapher/ghg-per-kg-poore,OWID ghg-per-kg-poore (2010 values),2018-06-01,2018-06-01,,GLOBAL,1,2026-10-03 00:00:00,2026-10-03 00:00:00
282,Braised beef cheek - Beef (beef herd),2,789,Beef (beef herd),99.480000,"Poore and Nemecek (2018), via Our World in Data",https://ourworldindata.org/grapher/ghg-per-kg-poore,OWID ghg-per-kg-poore (2010 values),2018-06-01,2018-06-01,,GLOBAL,1,2026-10-03 00:00:00,2026-10-03 00:00:00
283,Braised beef chuck - Beef (beef herd),2,790,Beef (beef herd),99.480000,"Poore and Nemecek (2018), via Our World in Data",https://ourworldindata.org/grapher/ghg-per-kg-poore,OWID ghg-per-kg-poore (2010 values),2018-06-01,2018-06-01,,GLOBAL,1,2026-10-03 00:00:00,2026-10-03 00:00:00
284,Braised beef neck - Beef (beef herd),2,791,Beef (beef herd),99.480000,"Poore and Nemecek (2018), via Our World in Data",https://ourworldindata.org/grapher/ghg-per-kg-poore,OWID ghg-per-kg-poore (2010 values),2018-06-01,2018-06-01,,GLOBAL,1,2026-10-03 00:00:00,2026-10-03 00:00:00
285,Braised beef short ribs - Beef (beef herd),2,792,Beef (beef herd),99.480000,"Poore and Nemecek (2018), via Our World in Data",https://ourworldindata.org/grapher/ghg-per-kg-poore,OWID ghg-per-kg-poore (2010 values),2018-06-01,2018-06-01,,GLOBAL,1,2026-10-03 00:00:00,2026-10-03 00:00:00
286,Braised lamb kidneys - Lamb & Mutton,2,794,Lamb & Mutton,39.720000,"Poore and Nemecek (2018), via Our World in Data",https://ourworldindata.org/grapher/ghg-per-kg-poore,OWID ghg-per-kg-poore (2010 values),2018-06-01,2018-06-01,,GLOBAL,1,2026-10-03 00:00:00,2026-10-03 00:00:00
287,Braised lamb leg - Lamb & Mutton,2,795,Lamb & Mutton,39.720000,"Poore and Nemecek (2018), via Our World in Data",https://ourworldindata.org/grapher/ghg-per-kg-poore,OWID ghg-per-kg-poore (2010 values),2018-06-01,2018-06-01,,GLOBAL,1,2026-10-03 00:00:00,2026-10-03 00:00:00
288,Braised lamb neck - Lamb & Mutton,2,796,Lamb & Mutton,39.720000,"Poore and Nemecek (2018), via Our World in Data",https://ourworldindata.org/grapher/ghg-per-kg-poore,OWID ghg-per-kg-poore (2010 values),2018-06-01,2018-06-01,,GLOBAL,1,2026-10-03 00:00:00,2026-10-03 00:00:00
289,Braised pork brain - Pig Meat,2,797,Pig Meat,12.310000,"Poore and Nemecek (2018), via Our World in Data",https://ourworldindata.org/grapher/ghg-per-kg-poore,OWID ghg-per-kg-poore (2010 values),2018-06-01,2018-06-01,,GLOBAL,1,2026-10-03 00:00:00,2026-10-03 00:00:00
290,Braised pork spare-ribs - Pig Meat,2,798,Pig Meat,12.310000,"Poore and Nemecek (2018), via Our World in Data",https://ourworldindata.org/grapher/ghg-per-kg-poore,OWID ghg-per-kg-poore (2010 values),2018-06-01,2018-06-01,,GLOBAL,1,2026-10-03 00:00:00,2026-10-03 00:00:00
291,Branco melons - Other Fruit,5,806,Other Fruit,1.050000,"Poore and Nemecek (2018), via Our World in Data",https://ourworldindata.org/grapher/ghg-per-kg-poore,OWID ghg-per-kg-poore (2010 values),2018-06-01,2018-06-01,,GLOBAL,1,2026-10-03 00:00:00,2026-10-03 00:00:00
292,Breaded camemberts - Cheese,1,818,Cheese,23.880000,"Poore and Nemecek (2018), via Our World in Data",https://ourworldindata.org/grapher/ghg-per-kg-poore,OWID ghg-per-kg-poore (2010 values),2018-06-01,2018-06-01,,GLOBAL,1,2026-10-03 00:00:00,2026-10-03 00:00:00
293,Breaded cheeses - Cheese,1,819,Cheese,23.880000,"Poore and Nemecek (2018), via Our World in Data",https://ourworldindata.org/grapher/ghg-per-kg-poore,OWID ghg-per-kg-poore (2010 values),2018-06-01,2018-06-01,,GLOBAL,1,2026-10-03 00:00:00,2026-10-03 00:00:00
294,Breaded chicken - Poultry Meat,2,820,Poultry Meat,9.870000,"Poore and Nemecek (2018), via Our World in Data",https://ourworldindata.org/grapher/ghg-per-kg-poore,OWID ghg-per-kg-poore (2010 values),2018-06-01,2018-06-01,,GLOBAL,1,2026-10-03 00:00:00,2026-10-03 00:00:00
295,Breaded chicken cutlets - Poultry Meat,2,821,Poultry Meat,9.870000,"Poore and Nemecek (2018), via Our World in Data",https://ourworldindata.org/grapher/ghg-per-kg-poore,OWID ghg-per-kg-poore (2010 values),2018-06-01,2018-06-01,,GLOBAL,1,2026-10-03 00:00:00,2026-10-03 00:00:00
296,Breaded halloumi - Cheese,1,829,Cheese,23.880000,"Poore and Nemecek (2018), via Our World in Data",https://ourworldindata.org/grapher/ghg-per-kg-poore,OWID ghg-per-kg-poore (2010 values),2018-06-01,2018-06-01,,GLOBAL,1,2026-10-03 00:00:00,2026-10-03 00:00:00
297,Breaded reconstituted chicken cutlets - Poultry Meat,2,832,Poultry Meat,9.870000,"Poore and Nemecek (2018), via Our World in Data",https://ourworldindata.org/grapher/ghg-per-kg-poore,OWID ghg-per-kg-poore (2010 values),2018-06-01,2018-06-01,,GLOBAL,1,2026-10-03 00:00:00,2026-10-03 00:00:00
298,Breakfast chocolate cereals with wheat grain flakes not fortified with vitamins and chemical elements - Wheat & Rye,14,867,Wheat & Rye,1.570000,"Poore and Nemecek (2018), via Our World in Data",https://ourworldindata.org/grapher/ghg-per-kg-poore,OWID ghg-per-kg-poore (2010 values),2018-06-01,2018-06-01,,GLOBAL,1,2026-10-03 00:00:00,2026-10-03 00:00:00
299,Bresse blue cheese from cow's milk - Cheese,1,870,Cheese,23.880000,"Poore and Nemecek (2018), via Our World in Data",https://ourworldindata.org/grapher/ghg-per-kg-poore,OWID ghg-per-kg-poore (2010 values),2018-06-01,2018-06-01,,GLOBAL,1,2026-10-03 00:00:00,2026-10-03 00:00:00
300,Bresse blue cheese from cow's milk reduced fat around 15% fat - Cheese,1,871,Cheese,23.880000,"Poore and Nemecek (2018), via Our World in Data",https://ourworldindata.org/grapher/ghg-per-kg-poore,OWID ghg-per-kg-poore (2010 values),2018-06-01,2018-06-01,,GLOBAL,1,2026-10-03 00:00:00,2026-10-03 00:00:00
301,Brie de Meaux cheeses - Cheese,1,883,Cheese,23.880000,"Poore and Nemecek (2018), via Our World in Data",https://ourworldindata.org/grapher/ghg-per-kg-poore,OWID ghg-per-kg-poore (2010 values),2018-06-01,2018-06-01,,GLOBAL,1,2026-10-03 00:00:00,2026-10-03 00:00:00
302,Brie de Melun - Cheese,1,884,Cheese,23.880000,"Poore and Nemecek (2018), via Our World in Data",https://ourworldindata.org/grapher/ghg-per-kg-poore,OWID ghg-per-kg-poore (2010 values),2018-06-01,2018-06-01,,GLOBAL,1,2026-10-03 00:00:00,2026-10-03 00:00:00
303,Bries - Cheese,1,885,Cheese,23.880000,"Poore and Nemecek (2018), via Our World in Data",https://ourworldindata.org/grapher/ghg-per-kg-poore,OWID ghg-per-kg-poore (2010 values),2018-06-01,2018-06-01,,GLOBAL,1,2026-10-03 00:00:00,2026-10-03 00:00:00
304,Brined cheeses - Cheese,1,887,Cheese,23.880000,"Poore and Nemecek (2018), via Our World in Data",https://ourworldindata.org/grapher/ghg-per-kg-poore,OWID ghg-per-kg-poore (2010 values),2018-06-01,2018-06-01,,GLOBAL,1,2026-10-03 00:00:00,2026-10-03 00:00:00
305,British fruit - Other Fruit,5,897,Other Fruit,1.050000,"Poore and Nemecek (2018), via Our World in Data",https://ourworldindata.org/grapher/ghg-per-kg-poore,OWID ghg-per-kg-poore (2010 values),2018-06-01,2018-06-01,,GLOBAL,1,2026-10-03 00:00:00,2026-10-03 00:00:00
306,British wines - Wine,7,900,Wine,1.790000,"Poore and Nemecek (2018), via Our World in Data",https://ourworldindata.org/grapher/ghg-per-kg-poore,OWID ghg-per-kg-poore (2010 values),2018-06-01,2018-06-01,,GLOBAL,1,2026-10-03 00:00:00,2026-10-03 00:00:00
307,Broad beans - Other Vegetables,4,904,Other Vegetables,0.530000,"Poore and Nemecek (2018), via Our World in Data",https://ourworldindata.org/grapher/ghg-per-kg-poore,OWID ghg-per-kg-poore (2010 values),2018-06-01,2018-06-01,,GLOBAL,1,2026-10-03 00:00:00,2026-10-03 00:00:00
308,Broccoli - Brassicas,4,905,Brassicas,0.510000,"Poore and Nemecek (2018), via Our World in Data",https://ourworldindata.org/grapher/ghg-per-kg-poore,OWID ghg-per-kg-poore (2010 values),2018-06-01,2018-06-01,,GLOBAL,1,2026-10-03 00:00:00,2026-10-03 00:00:00
309,Brown Basmati rices - Rice,14,910,Rice,4.450000,"Poore and Nemecek (2018), via Our World in Data",https://ourworldindata.org/grapher/ghg-per-kg-poore,OWID ghg-per-kg-poore (2010 values),2018-06-01,2018-06-01,,GLOBAL,1,2026-10-03 00:00:00,2026-10-03 00:00:00
310,Brown Camargue rices - Rice,14,912,Rice,4.450000,"Poore and Nemecek (2018), via Our World in Data",https://ourworldindata.org/grapher/ghg-per-kg-poore,OWID ghg-per-kg-poore (2010 values),2018-06-01,2018-06-01,,GLOBAL,1,2026-10-03 00:00:00,2026-10-03 00:00:00
311,Brown Jasmine rices - Rice,14,913,Rice,4.450000,"Poore and Nemecek (2018), via Our World in Data",https://ourworldindata.org/grapher/ghg-per-kg-poore,OWID ghg-per-kg-poore (2010 values),2018-06-01,2018-06-01,,GLOBAL,1,2026-10-03 00:00:00,2026-10-03 00:00:00
312,Brown lentils - Other Pulses,14,914,Other Pulses,1.790000,"Poore and Nemecek (2018), via Our World in Data",https://ourworldindata.org/grapher/ghg-per-kg-poore,OWID ghg-per-kg-poore (2010 values),2018-06-01,2018-06-01,,GLOBAL,1,2026-10-03 00:00:00,2026-10-03 00:00:00
313,Brown rices - Rice,14,916,Rice,4.450000,"Poore and Nemecek (2018), via Our World in Data",https://ourworldindata.org/grapher/ghg-per-kg-poore,OWID ghg-per-kg-poore (2010 values),2018-06-01,2018-06-01,,GLOBAL,1,2026-10-03 00:00:00,2026-10-03 00:00:00
314,Brussels sprouts - Other Vegetables,4,926,Other Vegetables,0.530000,"Poore and Nemecek (2018), via Our World in Data",https://ourworldindata.org/grapher/ghg-per-kg-poore,OWID ghg-per-kg-poore (2010 values),2018-06-01,2018-06-01,,GLOBAL,1,2026-10-03 00:00:00,2026-10-03 00:00:00
315,Buckwheat flours - Wheat & Rye,14,938,Wheat & Rye,1.570000,"Poore and Nemecek (2018), via Our World in Data",https://ourworldindata.org/grapher/ghg-per-kg-poore,OWID ghg-per-kg-poore (2010 values),2018-06-01,2018-06-01,,GLOBAL,1,2026-10-03 00:00:00,2026-10-03 00:00:00
316,Buckwheat groats - Oatmeal,14,939,Oatmeal,2.480000,"Poore and Nemecek (2018), via Our World in Data",https://ourworldindata.org/grapher/ghg-per-kg-poore,OWID ghg-per-kg-poore (2010 values),2018-06-01,2018-06-01,,GLOBAL,1,2026-10-03 00:00:00,2026-10-03 00:00:00
317,Buffalo camemberts - Cheese,1,945,Cheese,23.880000,"Poore and Nemecek (2018), via Our World in Data",https://ourworldindata.org/grapher/ghg-per-kg-poore,OWID ghg-per-kg-poore (2010 values),2018-06-01,2018-06-01,,GLOBAL,1,2026-10-03 00:00:00,2026-10-03 00:00:00
318,Buffalo cheeses - Cheese,1,946,Cheese,23.880000,"Poore and Nemecek (2018), via Our World in Data",https://ourworldindata.org/grapher/ghg-per-kg-poore,OWID ghg-per-kg-poore (2010 values),2018-06-01,2018-06-01,,GLOBAL,1,2026-10-03 00:00:00,2026-10-03 00:00:00
319,Buffalo milks - Milk,1,947,Milk,3.150000,"Poore and Nemecek (2018), via Our World in Data",https://ourworldindata.org/grapher/ghg-per-kg-poore,OWID ghg-per-kg-poore (2010 values),2018-06-01,2018-06-01,,GLOBAL,1,2026-10-03 00:00:00,2026-10-03 00:00:00
320,Buffalo mozzarella - Cheese,1,948,Cheese,23.880000,"Poore and Nemecek (2018), via Our World in Data",https://ourworldindata.org/grapher/ghg-per-kg-poore,OWID ghg-per-kg-poore (2010 values),2018-06-01,2018-06-01,,GLOBAL,1,2026-10-03 00:00:00,2026-10-03 00:00:00
321,Bulgarian cheeses - Cheese,1,950,Cheese,23.880000,"Poore and Nemecek (2018), via Our World in Data",https://ourworldindata.org/grapher/ghg-per-kg-poore,OWID ghg-per-kg-poore (2010 values),2018-06-01,2018-06-01,,GLOBAL,1,2026-10-03 00:00:00,2026-10-03 00:00:00
322,Bulgarian white brine cheese - Cheese,1,952,Cheese,23.880000,"Poore and Nemecek (2018), via Our World in Data",https://ourworldindata.org/grapher/ghg-per-kg-poore,OWID ghg-per-kg-poore (2010 values),2018-06-01,2018-06-01,,GLOBAL,1,2026-10-03 00:00:00,2026-10-03 00:00:00
323,Bulgarian wines spirit - Wine,7,953,Wine,1.790000,"Poore and Nemecek (2018), via Our World in Data",https://ourworldindata.org/grapher/ghg-per-kg-poore,OWID ghg-per-kg-poore (2010 values),2018-06-01,2018-06-01,,GLOBAL,1,2026-10-03 00:00:00,2026-10-03 00:00:00
324,Burgundy wines - Wine,7,961,Wine,1.790000,"Poore and Nemecek (2018), via Our World in Data",https://ourworldindata.org/grapher/ghg-per-kg-poore,OWID ghg-per-kg-poore (2010 values),2018-06-01,2018-06-01,,GLOBAL,1,2026-10-03 00:00:00,2026-10-03 00:00:00
325,Butter beans - Other Vegetables,4,964,Other Vegetables,0.530000,"Poore and Nemecek (2018), via Our World in Data",https://ourworldindata.org/grapher/ghg-per-kg-poore,OWID ghg-per-kg-poore (2010 values),2018-06-01,2018-06-01,,GLOBAL,1,2026-10-03 00:00:00,2026-10-03 00:00:00
326,Cabbages - Brassicas,4,976,Brassicas,0.510000,"Poore and Nemecek (2018), via Our World in Data",https://ourworldindata.org/grapher/ghg-per-kg-poore,OWID ghg-per-kg-poore (2010 values),2018-06-01,2018-06-01,,GLOBAL,1,2026-10-03 00:00:00,2026-10-03 00:00:00
327,Cage chicken eggs - Eggs,18,985,Eggs,4.670000,"Poore and Nemecek (2018), via Our World in Data",https://ourworldindata.org/grapher/ghg-per-kg-poore,OWID ghg-per-kg-poore (2010 values),2018-06-01,2018-06-01,,GLOBAL,1,2026-10-03 00:00:00,2026-10-03 00:00:00
328,Calrose rices - Rice,14,998,Rice,4.450000,"Poore and Nemecek (2018), via Our World in Data",https://ourworldindata.org/grapher/ghg-per-kg-poore,OWID ghg-per-kg-poore (2010 values),2018-06-01,2018-06-01,,GLOBAL,1,2026-10-03 00:00:00,2026-10-03 00:00:00
329,Camargue rices - Rice,14,1000,Rice,4.450000,"Poore and Nemecek (2018), via Our World in Data",https://ourworldindata.org/grapher/ghg-per-kg-poore,OWID ghg-per-kg-poore (2010 values),2018-06-01,2018-06-01,,GLOBAL,1,2026-10-03 00:00:00,2026-10-03 00:00:00
330,Cambrian Mountains Lamb - Lamb & Mutton,2,1001,Lamb & Mutton,39.720000,"Poore and Nemecek (2018), via Our World in Data",https://ourworldindata.org/grapher/ghg-per-kg-poore,OWID ghg-per-kg-poore (2010 values),2018-06-01,2018-06-01,,GLOBAL,1,2026-10-03 00:00:00,2026-10-03 00:00:00
331,Camembert with Calvados - Cheese,1,1003,Cheese,23.880000,"Poore and Nemecek (2018), via Our World in Data",https://ourworldindata.org/grapher/ghg-per-kg-poore,OWID ghg-per-kg-poore (2010 values),2018-06-01,2018-06-01,,GLOBAL,1,2026-10-03 00:00:00,2026-10-03 00:00:00
332,Camemberts - Cheese,1,1004,Cheese,23.880000,"Poore and Nemecek (2018), via Our World in Data",https://ourworldindata.org/grapher/ghg-per-kg-poore,OWID ghg-per-kg-poore (2010 values),2018-06-01,2018-06-01,,GLOBAL,1,2026-10-03 00:00:00,2026-10-03 00:00:00
333,Camemberts de Normandie - Cheese,1,1005,Cheese,23.880000,"Poore and Nemecek (2018), via Our World in Data",https://ourworldindata.org/grapher/ghg-per-kg-poore,OWID ghg-per-kg-poore (2010 values),2018-06-01,2018-06-01,,GLOBAL,1,2026-10-03 00:00:00,2026-10-03 00:00:00
334,Camemberts from microfiltered cow milk - Cheese,1,1006,Cheese,23.880000,"Poore and Nemecek (2018), via Our World in Data",https://ourworldindata.org/grapher/ghg-per-kg-poore,OWID ghg-per-kg-poore (2010 values),2018-06-01,2018-06-01,,GLOBAL,1,2026-10-03 00:00:00,2026-10-03 00:00:00
335,Camemberts from pasteurized buffalo milk - Cheese,1,1007,Cheese,23.880000,"Poore and Nemecek (2018), via Our World in Data",https://ourworldindata.org/grapher/ghg-per-kg-poore,OWID ghg-per-kg-poore (2010 values),2018-06-01,2018-06-01,,GLOBAL,1,2026-10-03 00:00:00,2026-10-03 00:00:00
336,Camemberts from pasteurized cow milk - Cheese,1,1008,Cheese,23.880000,"Poore and Nemecek (2018), via Our World in Data",https://ourworldindata.org/grapher/ghg-per-kg-poore,OWID ghg-per-kg-poore (2010 values),2018-06-01,2018-06-01,,GLOBAL,1,2026-10-03 00:00:00,2026-10-03 00:00:00
337,Camemberts from raw buffalo milk - Cheese,1,1009,Cheese,23.880000,"Poore and Nemecek (2018), via Our World in Data",https://ourworldindata.org/grapher/ghg-per-kg-poore,OWID ghg-per-kg-poore (2010 values),2018-06-01,2018-06-01,,GLOBAL,1,2026-10-03 00:00:00,2026-10-03 00:00:00
338,Camemberts from raw cow milk - Cheese,1,1010,Cheese,23.880000,"Poore and Nemecek (2018), via Our World in Data",https://ourworldindata.org/grapher/ghg-per-kg-poore,OWID ghg-per-kg-poore (2010 values),2018-06-01,2018-06-01,,GLOBAL,1,2026-10-03 00:00:00,2026-10-03 00:00:00
339,Camemberts from thermized cow milk - Cheese,1,1011,Cheese,23.880000,"Poore and Nemecek (2018), via Our World in Data",https://ourworldindata.org/grapher/ghg-per-kg-poore,OWID ghg-per-kg-poore (2010 values),2018-06-01,2018-06-01,,GLOBAL,1,2026-10-03 00:00:00,2026-10-03 00:00:00
340,Camolino rices - Rice,14,1012,Rice,4.450000,"Poore and Nemecek (2018), via Our World in Data",https://ourworldindata.org/grapher/ghg-per-kg-poore,OWID ghg-per-kg-poore (2010 values),2018-06-01,2018-06-01,,GLOBAL,1,2026-10-03 00:00:00,2026-10-03 00:00:00
341,Camu-Camu - Other Fruit,5,1013,Other Fruit,1.050000,"Poore and Nemecek (2018), via Our World in Data",https://ourworldindata.org/grapher/ghg-per-kg-poore,OWID ghg-per-kg-poore (2010 values),2018-06-01,2018-06-01,,GLOBAL,1,2026-10-03 00:00:00,2026-10-03 00:00:00
342,Canada apple pulp - Apples,5,1014,Apples,0.430000,"Poore and Nemecek (2018), via Our World in Data",https://ourworldindata.org/grapher/ghg-per-kg-poore,OWID ghg-per-kg-poore (2010 values),2018-06-01,2018-06-01,,GLOBAL,1,2026-10-03 00:00:00,2026-10-03 00:00:00
343,Canada Reinettes apples - Other Fruit,5,1015,Other Fruit,1.050000,"Poore and Nemecek (2018), via Our World in Data",https://ourworldindata.org/grapher/ghg-per-kg-poore,OWID ghg-per-kg-poore (2010 values),2018-06-01,2018-06-01,,GLOBAL,1,2026-10-03 00:00:00,2026-10-03 00:00:00
344,Canary melons - Other Fruit,5,1020,Other Fruit,1.050000,"Poore and Nemecek (2018), via Our World in Data",https://ourworldindata.org/grapher/ghg-per-kg-poore,OWID ghg-per-kg-poore (2010 values),2018-06-01,2018-06-01,,GLOBAL,1,2026-10-03 00:00:00,2026-10-03 00:00:00
345,Cane sugars - Cane Sugar,15,1041,Cane Sugar,3.200000,"Poore and Nemecek (2018), via Our World in Data",https://ourworldindata.org/grapher/ghg-per-kg-poore,OWID ghg-per-kg-poore (2010 values),2018-06-01,2018-06-01,,GLOBAL,1,2026-10-03 00:00:00,2026-10-03 00:00:00
346,Canned black beans - Other Pulses,14,1056,Other Pulses,1.790000,"Poore and Nemecek (2018), via Our World in Data",https://ourworldindata.org/grapher/ghg-per-kg-poore,OWID ghg-per-kg-poore (2010 values),2018-06-01,2018-06-01,,GLOBAL,1,2026-10-03 00:00:00,2026-10-03 00:00:00
347,Canned coco white beans - Other Pulses,14,1076,Other Pulses,1.790000,"Poore and Nemecek (2018), via Our World in Data",https://ourworldindata.org/grapher/ghg-per-kg-poore,OWID ghg-per-kg-poore (2010 values),2018-06-01,2018-06-01,,GLOBAL,1,2026-10-03 00:00:00,2026-10-03 00:00:00
348,Canned green cabbage - Brassicas,4,1100,Brassicas,0.510000,"Poore and Nemecek (2018), via Our World in Data",https://ourworldindata.org/grapher/ghg-per-kg-poore,OWID ghg-per-kg-poore (2010 values),2018-06-01,2018-06-01,,GLOBAL,1,2026-10-03 00:00:00,2026-10-03 00:00:00
349,Canned okras - Other Vegetables,4,1127,Other Vegetables,0.530000,"Poore and Nemecek (2018), via Our World in Data",https://ourworldindata.org/grapher/ghg-per-kg-poore,OWID ghg-per-kg-poore (2010 values),2018-06-01,2018-06-01,,GLOBAL,1,2026-10-03 00:00:00,2026-10-03 00:00:00
350,Canned red cabbage - Brassicas,4,1156,Brassicas,0.510000,"Poore and Nemecek (2018), via Our World in Data",https://ourworldindata.org/grapher/ghg-per-kg-poore,OWID ghg-per-kg-poore (2010 values),2018-06-01,2018-06-01,,GLOBAL,1,2026-10-03 00:00:00,2026-10-03 00:00:00
351,Canned sorrel - Other Vegetables,4,1173,Other Vegetables,0.530000,"Poore and Nemecek (2018), via Our World in Data",https://ourworldindata.org/grapher/ghg-per-kg-poore,OWID ghg-per-kg-poore (2010 values),2018-06-01,2018-06-01,,GLOBAL,1,2026-10-03 00:00:00,2026-10-03 00:00:00
352,Canned sweet red peppers - Other Vegetables,4,1178,Other Vegetables,0.530000,"Poore and Nemecek (2018), via Our World in Data",https://ourworldindata.org/grapher/ghg-per-kg-poore,OWID ghg-per-kg-poore (2010 values),2018-06-01,2018-06-01,,GLOBAL,1,2026-10-03 00:00:00,2026-10-03 00:00:00
353,Canned white cabbage - Brassicas,4,1194,Brassicas,0.510000,"Poore and Nemecek (2018), via Our World in Data",https://ourworldindata.org/grapher/ghg-per-kg-poore,OWID ghg-per-kg-poore (2010 values),2018-06-01,2018-06-01,,GLOBAL,1,2026-10-03 00:00:00,2026-10-03 00:00:00
354,Cantaloupe melon pulp - Other Fruit,5,1207,Other Fruit,1.050000,"Poore and Nemecek (2018), via Our World in Data",https://ourworldindata.org/grapher/ghg-per-kg-poore,OWID ghg-per-kg-poore (2010 values),2018-06-01,2018-06-01,,GLOBAL,1,2026-10-03 00:00:00,2026-10-03 00:00:00
355,Cantaloupe melons - Other Fruit,5,1208,Other Fruit,1.050000,"Poore and Nemecek (2018), via Our World in Data",https://ourworldindata.org/grapher/ghg-per-kg-poore,OWID ghg-per-kg-poore (2010 values),2018-06-01,2018-06-01,,GLOBAL,1,2026-10-03 00:00:00,2026-10-03 00:00:00
356,Carambola - Other Fruit,5,1217,Other Fruit,1.050000,"Poore and Nemecek (2018), via Our World in Data",https://ourworldindata.org/grapher/ghg-per-kg-poore,OWID ghg-per-kg-poore (2010 values),2018-06-01,2018-06-01,,GLOBAL,1,2026-10-03 00:00:00,2026-10-03 00:00:00
357,Cardoons - Other Vegetables,4,1262,Other Vegetables,0.530000,"Poore and Nemecek (2018), via Our World in Data",https://ourworldindata.org/grapher/ghg-per-kg-poore,OWID ghg-per-kg-poore (2010 values),2018-06-01,2018-06-01,,GLOBAL,1,2026-10-03 00:00:00,2026-10-03 00:00:00
358,Carnaroli rices - Rice,14,1263,Rice,4.450000,"Poore and Nemecek (2018), via Our World in Data",https://ourworldindata.org/grapher/ghg-per-kg-poore,OWID ghg-per-kg-poore (2010 values),2018-06-01,2018-06-01,,GLOBAL,1,2026-10-03 00:00:00,2026-10-03 00:00:00
359,Carolino rices - Rice,14,1265,Rice,4.450000,"Poore and Nemecek (2018), via Our World in Data",https://ourworldindata.org/grapher/ghg-per-kg-poore,OWID ghg-per-kg-poore (2010 values),2018-06-01,2018-06-01,,GLOBAL,1,2026-10-03 00:00:00,2026-10-03 00:00:00
360,Carrots - Root Vegetables,4,1272,Root Vegetables,0.430000,"Poore and Nemecek (2018), via Our World in Data",https://ourworldindata.org/grapher/ghg-per-kg-poore,OWID ghg-per-kg-poore (2010 values),2018-06-01,2018-06-01,,GLOBAL,1,2026-10-03 00:00:00,2026-10-03 00:00:00
361,Cassava roots - Other Vegetables,4,1278,Other Vegetables,0.530000,"Poore and Nemecek (2018), via Our World in Data",https://ourworldindata.org/grapher/ghg-per-kg-poore,OWID ghg-per-kg-poore (2010 values),2018-06-01,2018-06-01,,GLOBAL,1,2026-10-03 00:00:00,2026-10-03 00:00:00
362,Castellana Lentils - Other Pulses,14,1282,Other Pulses,1.790000,"Poore and Nemecek (2018), via Our World in Data",https://ourworldindata.org/grapher/ghg-per-kg-poore,OWID ghg-per-kg-poore (2010 values),2018-06-01,2018-06-01,,GLOBAL,1,2026-10-03 00:00:00,2026-10-03 00:00:00
363,Castellano chickpeas - Other Pulses,14,1283,Other Pulses,1.790000,"Poore and Nemecek (2018), via Our World in Data",https://ourworldindata.org/grapher/ghg-per-kg-poore,OWID ghg-per-kg-poore (2010 values),2018-06-01,2018-06-01,,GLOBAL,1,2026-10-03 00:00:00,2026-10-03 00:00:00
364,Cauliflowers - Brassicas,4,1289,Brassicas,0.510000,"Poore and Nemecek (2018), via Our World in Data",https://ourworldindata.org/grapher/ghg-per-kg-poore,OWID ghg-per-kg-poore (2010 values),2018-06-01,2018-06-01,,GLOBAL,1,2026-10-03 00:00:00,2026-10-03 00:00:00
365,Causses blue cheeses - Cheese,1,1290,Cheese,23.880000,"Poore and Nemecek (2018), via Our World in Data",https://ourworldindata.org/grapher/ghg-per-kg-poore,OWID ghg-per-kg-poore (2010 values),2018-06-01,2018-06-01,,GLOBAL,1,2026-10-03 00:00:00,2026-10-03 00:00:00
366,Cavendish Bananas - Bananas,5,1291,Bananas,0.860000,"Poore and Nemecek (2018), via Our World in Data",https://ourworldindata.org/grapher/ghg-per-kg-poore,OWID ghg-per-kg-poore (2010 values),2018-06-01,2018-06-01,,GLOBAL,1,2026-10-03 00:00:00,2026-10-03 00:00:00
367,Century egg - Eggs,18,1301,Eggs,4.670000,"Poore and Nemecek (2018), via Our World in Data",https://ourworldindata.org/grapher/ghg-per-kg-poore,OWID ghg-per-kg-poore (2010 values),2018-06-01,2018-06-01,,GLOBAL,1,2026-10-03 00:00:00,2026-10-03 00:00:00
368,Chards - Other Vegetables,4,1346,Other Vegetables,0.530000,"Poore and Nemecek (2018), via Our World in Data",https://ourworldindata.org/grapher/ghg-per-kg-poore,OWID ghg-per-kg-poore (2010 values),2018-06-01,2018-06-01,,GLOBAL,1,2026-10-03 00:00:00,2026-10-03 00:00:00
369,Charentais melons - Other Fruit,5,1347,Other Fruit,1.050000,"Poore and Nemecek (2018), via Our World in Data",https://ourworldindata.org/grapher/ghg-per-kg-poore,OWID ghg-per-kg-poore (2010 values),2018-06-01,2018-06-01,,GLOBAL,1,2026-10-03 00:00:00,2026-10-03 00:00:00
370,Cheddar cheese - Cheese,1,1351,Cheese,23.880000,"Poore and Nemecek (2018), via Our World in Data",https://ourworldindata.org/grapher/ghg-per-kg-poore,OWID ghg-per-kg-poore (2010 values),2018-06-01,2018-06-01,,GLOBAL,1,2026-10-03 00:00:00,2026-10-03 00:00:00
371,Cheddar slices - Cheese,1,1352,Cheese,23.880000,"Poore and Nemecek (2018), via Our World in Data",https://ourworldindata.org/grapher/ghg-per-kg-poore,OWID ghg-per-kg-poore (2010 values),2018-06-01,2018-06-01,,GLOBAL,1,2026-10-03 00:00:00,2026-10-03 00:00:00
372,Cheddar with chili - Cheese,1,1353,Cheese,23.880000,"Poore and Nemecek (2018), via Our World in Data",https://ourworldindata.org/grapher/ghg-per-kg-poore,OWID ghg-per-kg-poore (2010 values),2018-06-01,2018-06-01,,GLOBAL,1,2026-10-03 00:00:00,2026-10-03 00:00:00
373,Cheddar with onions - Cheese,1,1354,Cheese,23.880000,"Poore and Nemecek (2018), via Our World in Data",https://ourworldindata.org/grapher/ghg-per-kg-poore,OWID ghg-per-kg-poore (2010 values),2018-06-01,2018-06-01,,GLOBAL,1,2026-10-03 00:00:00,2026-10-03 00:00:00
374,Cheese appetizers - Cheese,1,1359,Cheese,23.880000,"Poore and Nemecek (2018), via Our World in Data",https://ourworldindata.org/grapher/ghg-per-kg-poore,OWID ghg-per-kg-poore (2010 values),2018-06-01,2018-06-01,,GLOBAL,1,2026-10-03 00:00:00,2026-10-03 00:00:00
375,Cheese from ewe's whey - Cheese,1,1362,Cheese,23.880000,"Poore and Nemecek (2018), via Our World in Data",https://ourworldindata.org/grapher/ghg-per-kg-poore,OWID ghg-per-kg-poore (2010 values),2018-06-01,2018-06-01,,GLOBAL,1,2026-10-03 00:00:00,2026-10-03 00:00:00
376,Cheese from goat's milk fresh - Cheese,1,1363,Cheese,23.880000,"Poore and Nemecek (2018), via Our World in Data",https://ourworldindata.org/grapher/ghg-per-kg-poore,OWID ghg-per-kg-poore (2010 values),2018-06-01,2018-06-01,,GLOBAL,1,2026-10-03 00:00:00,2026-10-03 00:00:00
377,Cheese from goat's milk fresh from raw milk - Cheese,1,1364,Cheese,23.880000,"Poore and Nemecek (2018), via Our World in Data",https://ourworldindata.org/grapher/ghg-per-kg-poore,OWID ghg-per-kg-poore (2010 values),2018-06-01,2018-06-01,,GLOBAL,1,2026-10-03 00:00:00,2026-10-03 00:00:00
378,Cheese from goat's milk from pasteurised milk - Cheese,1,1365,Cheese,23.880000,"Poore and Nemecek (2018), via Our World in Data",https://ourworldindata.org/grapher/ghg-per-kg-poore,OWID ghg-per-kg-poore (2010 values),2018-06-01,2018-06-01,,GLOBAL,1,2026-10-03 00:00:00,2026-10-03 00:00:00
379,Cheese from goat's milk from raw milk - Cheese,1,1366,Cheese,23.880000,"Poore and Nemecek (2018), via Our World in Data",https://ourworldindata.org/grapher/ghg-per-kg-poore,OWID ghg-per-kg-poore (2010 values),2018-06-01,2018-06-01,,GLOBAL,1,2026-10-03 00:00:00,2026-10-03 00:00:00
380,Cheese preparations - Cheese,1,1371,Cheese,23.880000,"Poore and Nemecek (2018), via Our World in Data",https://ourworldindata.org/grapher/ghg-per-kg-poore,OWID ghg-per-kg-poore (2010 values),2018-06-01,2018-06-01,,GLOBAL,1,2026-10-03 00:00:00,2026-10-03 00:00:00
381,Cheese spreads - Cheese,1,1378,Cheese,23.880000,"Poore and Nemecek (2018), via Our World in Data",https://ourworldindata.org/grapher/ghg-per-kg-poore,OWID ghg-per-kg-poore (2010 values),2018-06-01,2018-06-01,,GLOBAL,1,2026-10-03 00:00:00,2026-10-03 00:00:00
382,Cheeses - Cheese,1,1383,Cheese,23.880000,"Poore and Nemecek (2018), via Our World in Data",https://ourworldindata.org/grapher/ghg-per-kg-poore,OWID ghg-per-kg-poore (2010 values),2018-06-01,2018-06-01,,GLOBAL,1,2026-10-03 00:00:00,2026-10-03 00:00:00
383,Cheeses for kids - Cheese,1,1384,Cheese,23.880000,"Poore and Nemecek (2018), via Our World in Data",https://ourworldindata.org/grapher/ghg-per-kg-poore,OWID ghg-per-kg-poore (2010 values),2018-06-01,2018-06-01,,GLOBAL,1,2026-10-03 00:00:00,2026-10-03 00:00:00
384,Cheeses from Corsica - Cheese,1,1385,Cheese,23.880000,"Poore and Nemecek (2018), via Our World in Data",https://ourworldindata.org/grapher/ghg-per-kg-poore,OWID ghg-per-kg-poore (2010 values),2018-06-01,2018-06-01,,GLOBAL,1,2026-10-03 00:00:00,2026-10-03 00:00:00
385,Cheeses from England - Cheese,1,1386,Cheese,23.880000,"Poore and Nemecek (2018), via Our World in Data",https://ourworldindata.org/grapher/ghg-per-kg-poore,OWID ghg-per-kg-poore (2010 values),2018-06-01,2018-06-01,,GLOBAL,1,2026-10-03 00:00:00,2026-10-03 00:00:00
386,Cheeses from Northern Ireland - Cheese,1,1387,Cheese,23.880000,"Poore and Nemecek (2018), via Our World in Data",https://ourworldindata.org/grapher/ghg-per-kg-poore,OWID ghg-per-kg-poore (2010 values),2018-06-01,2018-06-01,,GLOBAL,1,2026-10-03 00:00:00,2026-10-03 00:00:00
387,Cheeses from Norway - Cheese,1,1388,Cheese,23.880000,"Poore and Nemecek (2018), via Our World in Data",https://ourworldindata.org/grapher/ghg-per-kg-poore,OWID ghg-per-kg-poore (2010 values),2018-06-01,2018-06-01,,GLOBAL,1,2026-10-03 00:00:00,2026-10-03 00:00:00
388,Cheeses from Scotland - Cheese,1,1389,Cheese,23.880000,"Poore and Nemecek (2018), via Our World in Data",https://ourworldindata.org/grapher/ghg-per-kg-poore,OWID ghg-per-kg-poore (2010 values),2018-06-01,2018-06-01,,GLOBAL,1,2026-10-03 00:00:00,2026-10-03 00:00:00
389,Cheeses from Switzerland - Cheese,1,1390,Cheese,23.880000,"Poore and Nemecek (2018), via Our World in Data",https://ourworldindata.org/grapher/ghg-per-kg-poore,OWID ghg-per-kg-poore (2010 values),2018-06-01,2018-06-01,,GLOBAL,1,2026-10-03 00:00:00,2026-10-03 00:00:00
390,Cheeses from the United Kingdom - Cheese,1,1391,Cheese,23.880000,"Poore and Nemecek (2018), via Our World in Data",https://ourworldindata.org/grapher/ghg-per-kg-poore,OWID ghg-per-kg-poore (2010 values),2018-06-01,2018-06-01,,GLOBAL,1,2026-10-03 00:00:00,2026-10-03 00:00:00
391,Cheeses from Wales - Cheese,1,1392,Cheese,23.880000,"Poore and Nemecek (2018), via Our World in Data",https://ourworldindata.org/grapher/ghg-per-kg-poore,OWID ghg-per-kg-poore (2010 values),2018-06-01,2018-06-01,,GLOBAL,1,2026-10-03 00:00:00,2026-10-03 00:00:00
392,Cheeses of the Netherlands - Cheese,1,1393,Cheese,23.880000,"Poore and Nemecek (2018), via Our World in Data",https://ourworldindata.org/grapher/ghg-per-kg-poore,OWID ghg-per-kg-poore (2010 values),2018-06-01,2018-06-01,,GLOBAL,1,2026-10-03 00:00:00,2026-10-03 00:00:00
393,Cheeses (perishable) - Cheese,1,1394,Cheese,23.880000,"Poore and Nemecek (2018), via Our World in Data",https://ourworldindata.org/grapher/ghg-per-kg-poore,OWID ghg-per-kg-poore (2010 values),2018-06-01,2018-06-01,,GLOBAL,1,2026-10-03 00:00:00,2026-10-03 00:00:00
394,Cheeses with walnuts - Cheese,1,1395,Cheese,23.880000,"Poore and Nemecek (2018), via Our World in Data",https://ourworldindata.org/grapher/ghg-per-kg-poore,OWID ghg-per-kg-poore (2010 values),2018-06-01,2018-06-01,,GLOBAL,1,2026-10-03 00:00:00,2026-10-03 00:00:00
395,Cherries - Other Fruit,5,1396,Other Fruit,1.050000,"Poore and Nemecek (2018), via Our World in Data",https://ourworldindata.org/grapher/ghg-per-kg-poore,OWID ghg-per-kg-poore (2010 values),2018-06-01,2018-06-01,,GLOBAL,1,2026-10-03 00:00:00,2026-10-03 00:00:00
396,Cherry plum tomatoes - Tomatoes,4,1405,Tomatoes,2.090000,"Poore and Nemecek (2018), via Our World in Data",https://ourworldindata.org/grapher/ghg-per-kg-poore,OWID ghg-per-kg-poore (2010 values),2018-06-01,2018-06-01,,GLOBAL,1,2026-10-03 00:00:00,2026-10-03 00:00:00
397,Cherry tomatoes - Tomatoes,4,1408,Tomatoes,2.090000,"Poore and Nemecek (2018), via Our World in Data",https://ourworldindata.org/grapher/ghg-per-kg-poore,OWID ghg-per-kg-poore (2010 values),2018-06-01,2018-06-01,,GLOBAL,1,2026-10-03 00:00:00,2026-10-03 00:00:00
398,Cheshire cheese - Cheese,1,1410,Cheese,23.880000,"Poore and Nemecek (2018), via Our World in Data",https://ourworldindata.org/grapher/ghg-per-kg-poore,OWID ghg-per-kg-poore (2010 values),2018-06-01,2018-06-01,,GLOBAL,1,2026-10-03 00:00:00,2026-10-03 00:00:00
399,Chevington cheese - Cheese,1,1418,Cheese,23.880000,"Poore and Nemecek (2018), via Our World in Data",https://ourworldindata.org/grapher/ghg-per-kg-poore,OWID ghg-per-kg-poore (2010 values),2018-06-01,2018-06-01,,GLOBAL,1,2026-10-03 00:00:00,2026-10-03 00:00:00
400,Chevrot cheese from goat's milk - Cheese,1,1419,Cheese,23.880000,"Poore and Nemecek (2018), via Our World in Data",https://ourworldindata.org/grapher/ghg-per-kg-poore,OWID ghg-per-kg-poore (2010 values),2018-06-01,2018-06-01,,GLOBAL,1,2026-10-03 00:00:00,2026-10-03 00:00:00
401,Chicken and its products - Poultry Meat,2,1423,Poultry Meat,9.870000,"Poore and Nemecek (2018), via Our World in Data",https://ourworldindata.org/grapher/ghg-per-kg-poore,OWID ghg-per-kg-poore (2010 values),2018-06-01,2018-06-01,,GLOBAL,1,2026-10-03 00:00:00,2026-10-03 00:00:00
402,Chicken breast meat and skin raw - Poultry Meat,2,1428,Poultry Meat,9.870000,"Poore and Nemecek (2018), via Our World in Data",https://ourworldindata.org/grapher/ghg-per-kg-poore,OWID ghg-per-kg-poore (2010 values),2018-06-01,2018-06-01,,GLOBAL,1,2026-10-03 00:00:00,2026-10-03 00:00:00
403,Chicken breast without skin raw - Poultry Meat,2,1429,Poultry Meat,9.870000,"Poore and Nemecek (2018), via Our World in Data",https://ourworldindata.org/grapher/ghg-per-kg-poore,OWID ghg-per-kg-poore (2010 values),2018-06-01,2018-06-01,,GLOBAL,1,2026-10-03 00:00:00,2026-10-03 00:00:00
404,Chicken breasts - Poultry Meat,2,1430,Poultry Meat,9.870000,"Poore and Nemecek (2018), via Our World in Data",https://ourworldindata.org/grapher/ghg-per-kg-poore,OWID ghg-per-kg-poore (2010 values),2018-06-01,2018-06-01,,GLOBAL,1,2026-10-03 00:00:00,2026-10-03 00:00:00
405,Chicken carcass - Poultry Meat,2,1431,Poultry Meat,9.870000,"Poore and Nemecek (2018), via Our World in Data",https://ourworldindata.org/grapher/ghg-per-kg-poore,OWID ghg-per-kg-poore (2010 values),2018-06-01,2018-06-01,,GLOBAL,1,2026-10-03 00:00:00,2026-10-03 00:00:00
406,Chicken cordons bleus - Poultry Meat,2,1433,Poultry Meat,9.870000,"Poore and Nemecek (2018), via Our World in Data",https://ourworldindata.org/grapher/ghg-per-kg-poore,OWID ghg-per-kg-poore (2010 values),2018-06-01,2018-06-01,,GLOBAL,1,2026-10-03 00:00:00,2026-10-03 00:00:00
407,Chicken cutlets - Poultry Meat,2,1438,Poultry Meat,9.870000,"Poore and Nemecek (2018), via Our World in Data",https://ourworldindata.org/grapher/ghg-per-kg-poore,OWID ghg-per-kg-poore (2010 values),2018-06-01,2018-06-01,,GLOBAL,1,2026-10-03 00:00:00,2026-10-03 00:00:00
408,Chicken drumsticks - Poultry Meat,2,1439,Poultry Meat,9.870000,"Poore and Nemecek (2018), via Our World in Data",https://ourworldindata.org/grapher/ghg-per-kg-poore,OWID ghg-per-kg-poore (2010 values),2018-06-01,2018-06-01,,GLOBAL,1,2026-10-03 00:00:00,2026-10-03 00:00:00
409,Chicken eggs - Eggs,18,1440,Eggs,4.670000,"Poore and Nemecek (2018), via Our World in Data",https://ourworldindata.org/grapher/ghg-per-kg-poore,OWID ghg-per-kg-poore (2010 values),2018-06-01,2018-06-01,,GLOBAL,1,2026-10-03 00:00:00,2026-10-03 00:00:00
410,Chicken eviscerated without offal raw - Poultry Meat,2,1441,Poultry Meat,9.870000,"Poore and Nemecek (2018), via Our World in Data",https://ourworldindata.org/grapher/ghg-per-kg-poore,OWID ghg-per-kg-poore (2010 values),2018-06-01,2018-06-01,,GLOBAL,1,2026-10-03 00:00:00,2026-10-03 00:00:00
411,Chicken free-range meat and skin raw - Poultry Meat,2,1442,Poultry Meat,9.870000,"Poore and Nemecek (2018), via Our World in Data",https://ourworldindata.org/grapher/ghg-per-kg-poore,OWID ghg-per-kg-poore (2010 values),2018-06-01,2018-06-01,,GLOBAL,1,2026-10-03 00:00:00,2026-10-03 00:00:00
412,Chicken heart - Poultry Meat,2,1443,Poultry Meat,9.870000,"Poore and Nemecek (2018), via Our World in Data",https://ourworldindata.org/grapher/ghg-per-kg-poore,OWID ghg-per-kg-poore (2010 values),2018-06-01,2018-06-01,,GLOBAL,1,2026-10-03 00:00:00,2026-10-03 00:00:00
413,Chicken high leg meat raw - Poultry Meat,2,1444,Poultry Meat,9.870000,"Poore and Nemecek (2018), via Our World in Data",https://ourworldindata.org/grapher/ghg-per-kg-poore,OWID ghg-per-kg-poore (2010 values),2018-06-01,2018-06-01,,GLOBAL,1,2026-10-03 00:00:00,2026-10-03 00:00:00
414,Chicken kievs - Poultry Meat,2,1446,Poultry Meat,9.870000,"Poore and Nemecek (2018), via Our World in Data",https://ourworldindata.org/grapher/ghg-per-kg-poore,OWID ghg-per-kg-poore (2010 values),2018-06-01,2018-06-01,,GLOBAL,1,2026-10-03 00:00:00,2026-10-03 00:00:00
415,Chicken leg meat and skin raw - Poultry Meat,2,1448,Poultry Meat,9.870000,"Poore and Nemecek (2018), via Our World in Data",https://ourworldindata.org/grapher/ghg-per-kg-poore,OWID ghg-per-kg-poore (2010 values),2018-06-01,2018-06-01,,GLOBAL,1,2026-10-03 00:00:00,2026-10-03 00:00:00
416,Chicken leg meat raw - Poultry Meat,2,1449,Poultry Meat,9.870000,"Poore and Nemecek (2018), via Our World in Data",https://ourworldindata.org/grapher/ghg-per-kg-poore,OWID ghg-per-kg-poore (2010 values),2018-06-01,2018-06-01,,GLOBAL,1,2026-10-03 00:00:00,2026-10-03 00:00:00
417,Chicken meat and skin roasted/baked - Poultry Meat,2,1450,Poultry Meat,9.870000,"Poore and Nemecek (2018), via Our World in Data",https://ourworldindata.org/grapher/ghg-per-kg-poore,OWID ghg-per-kg-poore (2010 values),2018-06-01,2018-06-01,,GLOBAL,1,2026-10-03 00:00:00,2026-10-03 00:00:00
418,Chicken meat balls - Poultry Meat,2,1451,Poultry Meat,9.870000,"Poore and Nemecek (2018), via Our World in Data",https://ourworldindata.org/grapher/ghg-per-kg-poore,OWID ghg-per-kg-poore (2010 values),2018-06-01,2018-06-01,,GLOBAL,1,2026-10-03 00:00:00,2026-10-03 00:00:00
419,chicken meat without skin - Poultry Meat,2,1452,Poultry Meat,9.870000,"Poore and Nemecek (2018), via Our World in Data",https://ourworldindata.org/grapher/ghg-per-kg-poore,OWID ghg-per-kg-poore (2010 values),2018-06-01,2018-06-01,,GLOBAL,1,2026-10-03 00:00:00,2026-10-03 00:00:00
420,Chicken nuggets - Poultry Meat,2,1454,Poultry Meat,9.870000,"Poore and Nemecek (2018), via Our World in Data",https://ourworldindata.org/grapher/ghg-per-kg-poore,OWID ghg-per-kg-poore (2010 values),2018-06-01,2018-06-01,,GLOBAL,1,2026-10-03 00:00:00,2026-10-03 00:00:00
421,Chicken patties - Poultry Meat,2,1456,Poultry Meat,9.870000,"Poore and Nemecek (2018), via Our World in Data",https://ourworldindata.org/grapher/ghg-per-kg-poore,OWID ghg-per-kg-poore (2010 values),2018-06-01,2018-06-01,,GLOBAL,1,2026-10-03 00:00:00,2026-10-03 00:00:00
422,Chicken preparations - Poultry Meat,2,1458,Poultry Meat,9.870000,"Poore and Nemecek (2018), via Our World in Data",https://ourworldindata.org/grapher/ghg-per-kg-poore,OWID ghg-per-kg-poore (2010 values),2018-06-01,2018-06-01,,GLOBAL,1,2026-10-03 00:00:00,2026-10-03 00:00:00
423,Chicken sausages - Poultry Meat,2,1464,Poultry Meat,9.870000,"Poore and Nemecek (2018), via Our World in Data",https://ourworldindata.org/grapher/ghg-per-kg-poore,OWID ghg-per-kg-poore (2010 values),2018-06-01,2018-06-01,,GLOBAL,1,2026-10-03 00:00:00,2026-10-03 00:00:00
424,chicken skewers - Poultry Meat,2,1466,Poultry Meat,9.870000,"Poore and Nemecek (2018), via Our World in Data",https://ourworldindata.org/grapher/ghg-per-kg-poore,OWID ghg-per-kg-poore (2010 values),2018-06-01,2018-06-01,,GLOBAL,1,2026-10-03 00:00:00,2026-10-03 00:00:00
425,Chicken stewing leg frozen - Poultry Meat,2,1469,Poultry Meat,9.870000,"Poore and Nemecek (2018), via Our World in Data",https://ourworldindata.org/grapher/ghg-per-kg-poore,OWID ghg-per-kg-poore (2010 values),2018-06-01,2018-06-01,,GLOBAL,1,2026-10-03 00:00:00,2026-10-03 00:00:00
426,Chicken stewing leg raw - Poultry Meat,2,1470,Poultry Meat,9.870000,"Poore and Nemecek (2018), via Our World in Data",https://ourworldindata.org/grapher/ghg-per-kg-poore,OWID ghg-per-kg-poore (2010 values),2018-06-01,2018-06-01,,GLOBAL,1,2026-10-03 00:00:00,2026-10-03 00:00:00
427,Chicken thighs - Poultry Meat,2,1475,Poultry Meat,9.870000,"Poore and Nemecek (2018), via Our World in Data",https://ourworldindata.org/grapher/ghg-per-kg-poore,OWID ghg-per-kg-poore (2010 values),2018-06-01,2018-06-01,,GLOBAL,1,2026-10-03 00:00:00,2026-10-03 00:00:00
428,Chicken white race meat and skin raw - Poultry Meat,2,1480,Poultry Meat,9.870000,"Poore and Nemecek (2018), via Our World in Data",https://ourworldindata.org/grapher/ghg-per-kg-poore,OWID ghg-per-kg-poore (2010 values),2018-06-01,2018-06-01,,GLOBAL,1,2026-10-03 00:00:00,2026-10-03 00:00:00
429,Chicken wing meat and skin raw - Poultry Meat,2,1481,Poultry Meat,9.870000,"Poore and Nemecek (2018), via Our World in Data",https://ourworldindata.org/grapher/ghg-per-kg-poore,OWID ghg-per-kg-poore (2010 values),2018-06-01,2018-06-01,,GLOBAL,1,2026-10-03 00:00:00,2026-10-03 00:00:00
430,Chickens - Poultry Meat,2,1483,Poultry Meat,9.870000,"Poore and Nemecek (2018), via Our World in Data",https://ourworldindata.org/grapher/ghg-per-kg-poore,OWID ghg-per-kg-poore (2010 values),2018-06-01,2018-06-01,,GLOBAL,1,2026-10-03 00:00:00,2026-10-03 00:00:00
431,Chickpea pasta - Other Pulses,14,1485,Other Pulses,1.790000,"Poore and Nemecek (2018), via Our World in Data",https://ourworldindata.org/grapher/ghg-per-kg-poore,OWID ghg-per-kg-poore (2010 values),2018-06-01,2018-06-01,,GLOBAL,1,2026-10-03 00:00:00,2026-10-03 00:00:00
432,Chickpeas - Other Pulses,14,1486,Other Pulses,1.790000,"Poore and Nemecek (2018), via Our World in Data",https://ourworldindata.org/grapher/ghg-per-kg-poore,OWID ghg-per-kg-poore (2010 values),2018-06-01,2018-06-01,,GLOBAL,1,2026-10-03 00:00:00,2026-10-03 00:00:00
433,Chinese cabbage - Brassicas,4,1494,Brassicas,0.510000,"Poore and Nemecek (2018), via Our World in Data",https://ourworldindata.org/grapher/ghg-per-kg-poore,OWID ghg-per-kg-poore (2010 values),2018-06-01,2018-06-01,,GLOBAL,1,2026-10-03 00:00:00,2026-10-03 00:00:00
434,Chirimuyas - Other Fruit,5,1504,Other Fruit,1.050000,"Poore and Nemecek (2018), via Our World in Data",https://ourworldindata.org/grapher/ghg-per-kg-poore,OWID ghg-per-kg-poore (2010 values),2018-06-01,2018-06-01,,GLOBAL,1,2026-10-03 00:00:00,2026-10-03 00:00:00
435,Chocolate puffed rice - Rice,14,1569,Rice,4.450000,"Poore and Nemecek (2018), via Our World in Data",https://ourworldindata.org/grapher/ghg-per-kg-poore,OWID ghg-per-kg-poore (2010 values),2018-06-01,2018-06-01,,GLOBAL,1,2026-10-03 00:00:00,2026-10-03 00:00:00
436,Chocolate puffed rice fortified with vitamins and chemical elements - Rice,14,1570,Rice,4.450000,"Poore and Nemecek (2018), via Our World in Data",https://ourworldindata.org/grapher/ghg-per-kg-poore,OWID ghg-per-kg-poore (2010 values),2018-06-01,2018-06-01,,GLOBAL,1,2026-10-03 00:00:00,2026-10-03 00:00:00
437,Chocolate puffed rice not fortified with vitamins and chemical elements - Rice,14,1571,Rice,4.450000,"Poore and Nemecek (2018), via Our World in Data",https://ourworldindata.org/grapher/ghg-per-kg-poore,OWID ghg-per-kg-poore (2010 values),2018-06-01,2018-06-01,,GLOBAL,1,2026-10-03 00:00:00,2026-10-03 00:00:00
438,Chocolate puffed wheat grains fortified with vitamins and chemical elements - Wheat & Rye,14,1574,Wheat & Rye,1.570000,"Poore and Nemecek (2018), via Our World in Data",https://ourworldindata.org/grapher/ghg-per-kg-poore,OWID ghg-per-kg-poore (2010 values),2018-06-01,2018-06-01,,GLOBAL,1,2026-10-03 00:00:00,2026-10-03 00:00:00
439,Chocolate wheat grain flakes fortified with vitamins and chemical elements - Wheat & Rye,14,1594,Wheat & Rye,1.570000,"Poore and Nemecek (2018), via Our World in Data",https://ourworldindata.org/grapher/ghg-per-kg-poore,OWID ghg-per-kg-poore (2010 values),2018-06-01,2018-06-01,,GLOBAL,1,2026-10-03 00:00:00,2026-10-03 00:00:00
440,Chop grilled lamb rib - Lamb & Mutton,2,1605,Lamb & Mutton,39.720000,"Poore and Nemecek (2018), via Our World in Data",https://ourworldindata.org/grapher/ghg-per-kg-poore,OWID ghg-per-kg-poore (2010 values),2018-06-01,2018-06-01,,GLOBAL,1,2026-10-03 00:00:00,2026-10-03 00:00:00
441,Chubut Cheese - Cheese,1,1617,Cheese,23.880000,"Poore and Nemecek (2018), via Our World in Data",https://ourworldindata.org/grapher/ghg-per-kg-poore,OWID ghg-per-kg-poore (2010 values),2018-06-01,2018-06-01,,GLOBAL,1,2026-10-03 00:00:00,2026-10-03 00:00:00
442,Citrus - Citrus Fruit,5,1630,Citrus Fruit,0.390000,"Poore and Nemecek (2018), via Our World in Data",https://ourworldindata.org/grapher/ghg-per-kg-poore,OWID ghg-per-kg-poore (2010 values),2018-06-01,2018-06-01,,GLOBAL,1,2026-10-03 00:00:00,2026-10-03 00:00:00
443,Clementine pulp - Citrus Fruit,5,1644,Citrus Fruit,0.390000,"Poore and Nemecek (2018), via Our World in Data",https://ourworldindata.org/grapher/ghg-per-kg-poore,OWID ghg-per-kg-poore (2010 values),2018-06-01,2018-06-01,,GLOBAL,1,2026-10-03 00:00:00,2026-10-03 00:00:00
444,Clementines - Citrus Fruit,5,1645,Citrus Fruit,0.390000,"Poore and Nemecek (2018), via Our World in Data",https://ourworldindata.org/grapher/ghg-per-kg-poore,OWID ghg-per-kg-poore (2010 values),2018-06-01,2018-06-01,,GLOBAL,1,2026-10-03 00:00:00,2026-10-03 00:00:00
445,Clementines from Corsica - Citrus Fruit,5,1646,Citrus Fruit,0.390000,"Poore and Nemecek (2018), via Our World in Data",https://ourworldindata.org/grapher/ghg-per-kg-poore,OWID ghg-per-kg-poore (2010 values),2018-06-01,2018-06-01,,GLOBAL,1,2026-10-03 00:00:00,2026-10-03 00:00:00
446,Clemenvillas - Other Fruit,5,1647,Other Fruit,1.050000,"Poore and Nemecek (2018), via Our World in Data",https://ourworldindata.org/grapher/ghg-per-kg-poore,OWID ghg-per-kg-poore (2010 values),2018-06-01,2018-06-01,,GLOBAL,1,2026-10-03 00:00:00,2026-10-03 00:00:00
447,Coco white beans - Other Pulses,14,1661,Other Pulses,1.790000,"Poore and Nemecek (2018), via Our World in Data",https://ourworldindata.org/grapher/ghg-per-kg-poore,OWID ghg-per-kg-poore (2010 values),2018-06-01,2018-06-01,,GLOBAL,1,2026-10-03 00:00:00,2026-10-03 00:00:00
448,Coconuts - Other Fruit,5,1680,Other Fruit,1.050000,"Poore and Nemecek (2018), via Our World in Data",https://ourworldindata.org/grapher/ghg-per-kg-poore,OWID ghg-per-kg-poore (2010 values),2018-06-01,2018-06-01,,GLOBAL,1,2026-10-03 00:00:00,2026-10-03 00:00:00
449,Coffee milks - Milk,1,1693,Milk,3.150000,"Poore and Nemecek (2018), via Our World in Data",https://ourworldindata.org/grapher/ghg-per-kg-poore,OWID ghg-per-kg-poore (2010 values),2018-06-01,2018-06-01,,GLOBAL,1,2026-10-03 00:00:00,2026-10-03 00:00:00
450,Colby cheese - Cheese,1,1707,Cheese,23.880000,"Poore and Nemecek (2018), via Our World in Data",https://ourworldindata.org/grapher/ghg-per-kg-poore,OWID ghg-per-kg-poore (2010 values),2018-06-01,2018-06-01,,GLOBAL,1,2026-10-03 00:00:00,2026-10-03 00:00:00
451,Coleraine cheddar - Cheese,1,1710,Cheese,23.880000,"Poore and Nemecek (2018), via Our World in Data",https://ourworldindata.org/grapher/ghg-per-kg-poore,OWID ghg-per-kg-poore (2010 values),2018-06-01,2018-06-01,,GLOBAL,1,2026-10-03 00:00:00,2026-10-03 00:00:00
452,Collard greens - Other Vegetables,4,1712,Other Vegetables,0.530000,"Poore and Nemecek (2018), via Our World in Data",https://ourworldindata.org/grapher/ghg-per-kg-poore,OWID ghg-per-kg-poore (2010 values),2018-06-01,2018-06-01,,GLOBAL,1,2026-10-03 00:00:00,2026-10-03 00:00:00
453,Comeragh Mountain Lamb - Lamb & Mutton,2,1715,Lamb & Mutton,39.720000,"Poore and Nemecek (2018), via Our World in Data",https://ourworldindata.org/grapher/ghg-per-kg-poore,OWID ghg-per-kg-poore (2010 values),2018-06-01,2018-06-01,,GLOBAL,1,2026-10-03 00:00:00,2026-10-03 00:00:00
454,Comice pears - Other Fruit,5,1716,Other Fruit,1.050000,"Poore and Nemecek (2018), via Our World in Data",https://ourworldindata.org/grapher/ghg-per-kg-poore,OWID ghg-per-kg-poore (2010 values),2018-06-01,2018-06-01,,GLOBAL,1,2026-10-03 00:00:00,2026-10-03 00:00:00
455,Common bilberries - Berries & Grapes,5,1720,Berries & Grapes,1.530000,"Poore and Nemecek (2018), via Our World in Data",https://ourworldindata.org/grapher/ghg-per-kg-poore,OWID ghg-per-kg-poore (2010 values),2018-06-01,2018-06-01,,GLOBAL,1,2026-10-03 00:00:00,2026-10-03 00:00:00
456,Common wheat flours - Wheat & Rye,14,1726,Wheat & Rye,1.570000,"Poore and Nemecek (2018), via Our World in Data",https://ourworldindata.org/grapher/ghg-per-kg-poore,OWID ghg-per-kg-poore (2010 values),2018-06-01,2018-06-01,,GLOBAL,1,2026-10-03 00:00:00,2026-10-03 00:00:00
457,Conference pears - Other Fruit,5,1744,Other Fruit,1.050000,"Poore and Nemecek (2018), via Our World in Data",https://ourworldindata.org/grapher/ghg-per-kg-poore,OWID ghg-per-kg-poore (2010 values),2018-06-01,2018-06-01,,GLOBAL,1,2026-10-03 00:00:00,2026-10-03 00:00:00
458,Connemara Hill Lamb - Lamb & Mutton,2,1747,Lamb & Mutton,39.720000,"Poore and Nemecek (2018), via Our World in Data",https://ourworldindata.org/grapher/ghg-per-kg-poore,OWID ghg-per-kg-poore (2010 values),2018-06-01,2018-06-01,,GLOBAL,1,2026-10-03 00:00:00,2026-10-03 00:00:00
459,Cooked beef heart - Beef (beef herd),2,1750,Beef (beef herd),99.480000,"Poore and Nemecek (2018), via Our World in Data",https://ourworldindata.org/grapher/ghg-per-kg-poore,OWID ghg-per-kg-poore (2010 values),2018-06-01,2018-06-01,,GLOBAL,1,2026-10-03 00:00:00,2026-10-03 00:00:00
460,Cooked beef kidney - Beef (beef herd),2,1751,Beef (beef herd),99.480000,"Poore and Nemecek (2018), via Our World in Data",https://ourworldindata.org/grapher/ghg-per-kg-poore,OWID ghg-per-kg-poore (2010 values),2018-06-01,2018-06-01,,GLOBAL,1,2026-10-03 00:00:00,2026-10-03 00:00:00
461,Cooked beef meat - Beef (beef herd),2,1752,Beef (beef herd),99.480000,"Poore and Nemecek (2018), via Our World in Data",https://ourworldindata.org/grapher/ghg-per-kg-poore,OWID ghg-per-kg-poore (2010 values),2018-06-01,2018-06-01,,GLOBAL,1,2026-10-03 00:00:00,2026-10-03 00:00:00
462,Cooked beef round - Beef (beef herd),2,1753,Beef (beef herd),99.480000,"Poore and Nemecek (2018), via Our World in Data",https://ourworldindata.org/grapher/ghg-per-kg-poore,OWID ghg-per-kg-poore (2010 values),2018-06-01,2018-06-01,,GLOBAL,1,2026-10-03 00:00:00,2026-10-03 00:00:00
463,Cooked beef tongue - Beef (beef herd),2,1754,Beef (beef herd),99.480000,"Poore and Nemecek (2018), via Our World in Data",https://ourworldindata.org/grapher/ghg-per-kg-poore,OWID ghg-per-kg-poore (2010 values),2018-06-01,2018-06-01,,GLOBAL,1,2026-10-03 00:00:00,2026-10-03 00:00:00
464,Cooked beetroots - Root Vegetables,4,1755,Root Vegetables,0.430000,"Poore and Nemecek (2018), via Our World in Data",https://ourworldindata.org/grapher/ghg-per-kg-poore,OWID ghg-per-kg-poore (2010 values),2018-06-01,2018-06-01,,GLOBAL,1,2026-10-03 00:00:00,2026-10-03 00:00:00
465,Cooked blond lentils - Other Pulses,14,1756,Other Pulses,1.790000,"Poore and Nemecek (2018), via Our World in Data",https://ourworldindata.org/grapher/ghg-per-kg-poore,OWID ghg-per-kg-poore (2010 values),2018-06-01,2018-06-01,,GLOBAL,1,2026-10-03 00:00:00,2026-10-03 00:00:00
466,Cooked broad beans - Other Vegetables,4,1757,Other Vegetables,0.530000,"Poore and Nemecek (2018), via Our World in Data",https://ourworldindata.org/grapher/ghg-per-kg-poore,OWID ghg-per-kg-poore (2010 values),2018-06-01,2018-06-01,,GLOBAL,1,2026-10-03 00:00:00,2026-10-03 00:00:00
467,Cooked broccoli - Brassicas,4,1758,Brassicas,0.510000,"Poore and Nemecek (2018), via Our World in Data",https://ourworldindata.org/grapher/ghg-per-kg-poore,OWID ghg-per-kg-poore (2010 values),2018-06-01,2018-06-01,,GLOBAL,1,2026-10-03 00:00:00,2026-10-03 00:00:00
468,Cooked brown rices - Rice,14,1759,Rice,4.450000,"Poore and Nemecek (2018), via Our World in Data",https://ourworldindata.org/grapher/ghg-per-kg-poore,OWID ghg-per-kg-poore (2010 values),2018-06-01,2018-06-01,,GLOBAL,1,2026-10-03 00:00:00,2026-10-03 00:00:00
469,Cooked Brussels sprouts - Other Vegetables,4,1760,Other Vegetables,0.530000,"Poore and Nemecek (2018), via Our World in Data",https://ourworldindata.org/grapher/ghg-per-kg-poore,OWID ghg-per-kg-poore (2010 values),2018-06-01,2018-06-01,,GLOBAL,1,2026-10-03 00:00:00,2026-10-03 00:00:00
470,Cooked cardoons - Other Vegetables,4,1764,Other Vegetables,0.530000,"Poore and Nemecek (2018), via Our World in Data",https://ourworldindata.org/grapher/ghg-per-kg-poore,OWID ghg-per-kg-poore (2010 values),2018-06-01,2018-06-01,,GLOBAL,1,2026-10-03 00:00:00,2026-10-03 00:00:00
471,Cooked carrots - Root Vegetables,4,1765,Root Vegetables,0.430000,"Poore and Nemecek (2018), via Our World in Data",https://ourworldindata.org/grapher/ghg-per-kg-poore,OWID ghg-per-kg-poore (2010 values),2018-06-01,2018-06-01,,GLOBAL,1,2026-10-03 00:00:00,2026-10-03 00:00:00
472,Cooked cassava - Other Vegetables,4,1766,Other Vegetables,0.530000,"Poore and Nemecek (2018), via Our World in Data",https://ourworldindata.org/grapher/ghg-per-kg-poore,OWID ghg-per-kg-poore (2010 values),2018-06-01,2018-06-01,,GLOBAL,1,2026-10-03 00:00:00,2026-10-03 00:00:00
473,Cooked cauliflowers - Brassicas,4,1767,Brassicas,0.510000,"Poore and Nemecek (2018), via Our World in Data",https://ourworldindata.org/grapher/ghg-per-kg-poore,OWID ghg-per-kg-poore (2010 values),2018-06-01,2018-06-01,,GLOBAL,1,2026-10-03 00:00:00,2026-10-03 00:00:00
474,Cooked chick peas - Peas,14,1770,Peas,0.980000,"Poore and Nemecek (2018), via Our World in Data",https://ourworldindata.org/grapher/ghg-per-kg-poore,OWID ghg-per-kg-poore (2010 values),2018-06-01,2018-06-01,,GLOBAL,1,2026-10-03 00:00:00,2026-10-03 00:00:00
475,Cooked chicken - Poultry Meat,2,1771,Poultry Meat,9.870000,"Poore and Nemecek (2018), via Our World in Data",https://ourworldindata.org/grapher/ghg-per-kg-poore,OWID ghg-per-kg-poore (2010 values),2018-06-01,2018-06-01,,GLOBAL,1,2026-10-03 00:00:00,2026-10-03 00:00:00
476,Cooked chicken breast slices - Poultry Meat,2,1772,Poultry Meat,9.870000,"Poore and Nemecek (2018), via Our World in Data",https://ourworldindata.org/grapher/ghg-per-kg-poore,OWID ghg-per-kg-poore (2010 values),2018-06-01,2018-06-01,,GLOBAL,1,2026-10-03 00:00:00,2026-10-03 00:00:00
477,Cooked chicken breast without skin - Poultry Meat,2,1773,Poultry Meat,9.870000,"Poore and Nemecek (2018), via Our World in Data",https://ourworldindata.org/grapher/ghg-per-kg-poore,OWID ghg-per-kg-poore (2010 values),2018-06-01,2018-06-01,,GLOBAL,1,2026-10-03 00:00:00,2026-10-03 00:00:00
478,Cooked chicken heart - Poultry Meat,2,1774,Poultry Meat,9.870000,"Poore and Nemecek (2018), via Our World in Data",https://ourworldindata.org/grapher/ghg-per-kg-poore,OWID ghg-per-kg-poore (2010 values),2018-06-01,2018-06-01,,GLOBAL,1,2026-10-03 00:00:00,2026-10-03 00:00:00
479,Cooked chicken liver - Poultry Meat,2,1775,Poultry Meat,9.870000,"Poore and Nemecek (2018), via Our World in Data",https://ourworldindata.org/grapher/ghg-per-kg-poore,OWID ghg-per-kg-poore (2010 values),2018-06-01,2018-06-01,,GLOBAL,1,2026-10-03 00:00:00,2026-10-03 00:00:00
480,Cooked Chinese cabbage - Brassicas,4,1776,Brassicas,0.510000,"Poore and Nemecek (2018), via Our World in Data",https://ourworldindata.org/grapher/ghg-per-kg-poore,OWID ghg-per-kg-poore (2010 values),2018-06-01,2018-06-01,,GLOBAL,1,2026-10-03 00:00:00,2026-10-03 00:00:00
481,Cooked curly kale - Brassicas,4,1782,Brassicas,0.510000,"Poore and Nemecek (2018), via Our World in Data",https://ourworldindata.org/grapher/ghg-per-kg-poore,OWID ghg-per-kg-poore (2010 values),2018-06-01,2018-06-01,,GLOBAL,1,2026-10-03 00:00:00,2026-10-03 00:00:00
482,Cooked egg yolk - Eggs,18,1784,Eggs,4.670000,"Poore and Nemecek (2018), via Our World in Data",https://ourworldindata.org/grapher/ghg-per-kg-poore,OWID ghg-per-kg-poore (2010 values),2018-06-01,2018-06-01,,GLOBAL,1,2026-10-03 00:00:00,2026-10-03 00:00:00
483,Cooked French beans - Other Vegetables,4,1789,Other Vegetables,0.530000,"Poore and Nemecek (2018), via Our World in Data",https://ourworldindata.org/grapher/ghg-per-kg-poore,OWID ghg-per-kg-poore (2010 values),2018-06-01,2018-06-01,,GLOBAL,1,2026-10-03 00:00:00,2026-10-03 00:00:00
484,Cooked garden peas - Peas,4,1794,Peas,0.980000,"Poore and Nemecek (2018), via Our World in Data",https://ourworldindata.org/grapher/ghg-per-kg-poore,OWID ghg-per-kg-poore (2010 values),2018-06-01,2018-06-01,,GLOBAL,1,2026-10-03 00:00:00,2026-10-03 00:00:00
485,Cooked globe artichoke - Other Vegetables,4,1795,Other Vegetables,0.530000,"Poore and Nemecek (2018), via Our World in Data",https://ourworldindata.org/grapher/ghg-per-kg-poore,OWID ghg-per-kg-poore (2010 values),2018-06-01,2018-06-01,,GLOBAL,1,2026-10-03 00:00:00,2026-10-03 00:00:00
486,Cooked green lentils - Other Pulses,14,1797,Other Pulses,1.790000,"Poore and Nemecek (2018), via Our World in Data",https://ourworldindata.org/grapher/ghg-per-kg-poore,OWID ghg-per-kg-poore (2010 values),2018-06-01,2018-06-01,,GLOBAL,1,2026-10-03 00:00:00,2026-10-03 00:00:00
487,Cooked ground beef steaks - Beef (beef herd),2,1798,Beef (beef herd),99.480000,"Poore and Nemecek (2018), via Our World in Data",https://ourworldindata.org/grapher/ghg-per-kg-poore,OWID ghg-per-kg-poore (2010 values),2018-06-01,2018-06-01,,GLOBAL,1,2026-10-03 00:00:00,2026-10-03 00:00:00
488,Cooked Jerusalem artichoke - Other Vegetables,4,1800,Other Vegetables,0.530000,"Poore and Nemecek (2018), via Our World in Data",https://ourworldindata.org/grapher/ghg-per-kg-poore,OWID ghg-per-kg-poore (2010 values),2018-06-01,2018-06-01,,GLOBAL,1,2026-10-03 00:00:00,2026-10-03 00:00:00
489,Cooked lamb brains - Lamb & Mutton,2,1802,Lamb & Mutton,39.720000,"Poore and Nemecek (2018), via Our World in Data",https://ourworldindata.org/grapher/ghg-per-kg-poore,OWID ghg-per-kg-poore (2010 values),2018-06-01,2018-06-01,,GLOBAL,1,2026-10-03 00:00:00,2026-10-03 00:00:00
490,Cooked lamb chops - Lamb & Mutton,2,1803,Lamb & Mutton,39.720000,"Poore and Nemecek (2018), via Our World in Data",https://ourworldindata.org/grapher/ghg-per-kg-poore,OWID ghg-per-kg-poore (2010 values),2018-06-01,2018-06-01,,GLOBAL,1,2026-10-03 00:00:00,2026-10-03 00:00:00
491,Cooked lamb hearts - Lamb & Mutton,2,1804,Lamb & Mutton,39.720000,"Poore and Nemecek (2018), via Our World in Data",https://ourworldindata.org/grapher/ghg-per-kg-poore,OWID ghg-per-kg-poore (2010 values),2018-06-01,2018-06-01,,GLOBAL,1,2026-10-03 00:00:00,2026-10-03 00:00:00
492,Cooked lamb liver - Lamb & Mutton,2,1805,Lamb & Mutton,39.720000,"Poore and Nemecek (2018), via Our World in Data",https://ourworldindata.org/grapher/ghg-per-kg-poore,OWID ghg-per-kg-poore (2010 values),2018-06-01,2018-06-01,,GLOBAL,1,2026-10-03 00:00:00,2026-10-03 00:00:00
493,Cooked lamb meat - Lamb & Mutton,2,1806,Lamb & Mutton,39.720000,"Poore and Nemecek (2018), via Our World in Data",https://ourworldindata.org/grapher/ghg-per-kg-poore,OWID ghg-per-kg-poore (2010 values),2018-06-01,2018-06-01,,GLOBAL,1,2026-10-03 00:00:00,2026-10-03 00:00:00
494,Cooked lamb sweetbread - Lamb & Mutton,2,1807,Lamb & Mutton,39.720000,"Poore and Nemecek (2018), via Our World in Data",https://ourworldindata.org/grapher/ghg-per-kg-poore,OWID ghg-per-kg-poore (2010 values),2018-06-01,2018-06-01,,GLOBAL,1,2026-10-03 00:00:00,2026-10-03 00:00:00
495,Cooked leeks - Onions & Leeks,4,1808,Onions & Leeks,0.500000,"Poore and Nemecek (2018), via Our World in Data",https://ourworldindata.org/grapher/ghg-per-kg-poore,OWID ghg-per-kg-poore (2010 values),2018-06-01,2018-06-01,,GLOBAL,1,2026-10-03 00:00:00,2026-10-03 00:00:00
496,Cooked lentils - Other Pulses,14,1809,Other Pulses,1.790000,"Poore and Nemecek (2018), via Our World in Data",https://ourworldindata.org/grapher/ghg-per-kg-poore,OWID ghg-per-kg-poore (2010 values),2018-06-01,2018-06-01,,GLOBAL,1,2026-10-03 00:00:00,2026-10-03 00:00:00
497,Cooked minced beef steak with 10% fat - Beef (beef herd),2,1813,Beef (beef herd),99.480000,"Poore and Nemecek (2018), via Our World in Data",https://ourworldindata.org/grapher/ghg-per-kg-poore,OWID ghg-per-kg-poore (2010 values),2018-06-01,2018-06-01,,GLOBAL,1,2026-10-03 00:00:00,2026-10-03 00:00:00
498,Cooked minced beef steak with 15% fat - Beef (beef herd),2,1814,Beef (beef herd),99.480000,"Poore and Nemecek (2018), via Our World in Data",https://ourworldindata.org/grapher/ghg-per-kg-poore,OWID ghg-per-kg-poore (2010 values),2018-06-01,2018-06-01,,GLOBAL,1,2026-10-03 00:00:00,2026-10-03 00:00:00
499,Cooked minced beef steak with 20% fat - Beef (beef herd),2,1815,Beef (beef herd),99.480000,"Poore and Nemecek (2018), via Our World in Data",https://ourworldindata.org/grapher/ghg-per-kg-poore,OWID ghg-per-kg-poore (2010 values),2018-06-01,2018-06-01,,GLOBAL,1,2026-10-03 00:00:00,2026-10-03 00:00:00
500,Cooked minced beef steak with 5% fat - Beef (beef herd),2,1816,Beef (beef herd),99.480000,"Poore and Nemecek (2018), via Our World in Data",https://ourworldindata.org/grapher/ghg-per-kg-poore,OWID ghg-per-kg-poore (2010 values),2018-06-01,2018-06-01,,GLOBAL,1,2026-10-03 00:00:00,2026-10-03 00:00:00
501,Cooked Mung beans - Other Pulses,14,1818,Other Pulses,1.790000,"Poore and Nemecek (2018), via Our World in Data",https://ourworldindata.org/grapher/ghg-per-kg-poore,OWID ghg-per-kg-poore (2010 values),2018-06-01,2018-06-01,,GLOBAL,1,2026-10-03 00:00:00,2026-10-03 00:00:00
502,Cooked New Zealand spinach - Other Vegetables,4,1819,Other Vegetables,0.530000,"Poore and Nemecek (2018), via Our World in Data",https://ourworldindata.org/grapher/ghg-per-kg-poore,OWID ghg-per-kg-poore (2010 values),2018-06-01,2018-06-01,,GLOBAL,1,2026-10-03 00:00:00,2026-10-03 00:00:00
503,Cooked oat flakes - Oatmeal,14,1821,Oatmeal,2.480000,"Poore and Nemecek (2018), via Our World in Data",https://ourworldindata.org/grapher/ghg-per-kg-poore,OWID ghg-per-kg-poore (2010 values),2018-06-01,2018-06-01,,GLOBAL,1,2026-10-03 00:00:00,2026-10-03 00:00:00
504,Cooked parsnip - Root Vegetables,4,1825,Root Vegetables,0.430000,"Poore and Nemecek (2018), via Our World in Data",https://ourworldindata.org/grapher/ghg-per-kg-poore,OWID ghg-per-kg-poore (2010 values),2018-06-01,2018-06-01,,GLOBAL,1,2026-10-03 00:00:00,2026-10-03 00:00:00
505,Cooked pink lentils - Other Pulses,14,1826,Other Pulses,1.790000,"Poore and Nemecek (2018), via Our World in Data",https://ourworldindata.org/grapher/ghg-per-kg-poore,OWID ghg-per-kg-poore (2010 values),2018-06-01,2018-06-01,,GLOBAL,1,2026-10-03 00:00:00,2026-10-03 00:00:00
506,Cooked plantain bananas - Bananas,5,1827,Bananas,0.860000,"Poore and Nemecek (2018), via Our World in Data",https://ourworldindata.org/grapher/ghg-per-kg-poore,OWID ghg-per-kg-poore (2010 values),2018-06-01,2018-06-01,,GLOBAL,1,2026-10-03 00:00:00,2026-10-03 00:00:00
507,Cooked pork filet mignon - Pig Meat,2,1828,Pig Meat,12.310000,"Poore and Nemecek (2018), via Our World in Data",https://ourworldindata.org/grapher/ghg-per-kg-poore,OWID ghg-per-kg-poore (2010 values),2018-06-01,2018-06-01,,GLOBAL,1,2026-10-03 00:00:00,2026-10-03 00:00:00
508,Cooked pork ham escalope - Pig Meat,2,1829,Pig Meat,12.310000,"Poore and Nemecek (2018), via Our World in Data",https://ourworldindata.org/grapher/ghg-per-kg-poore,OWID ghg-per-kg-poore (2010 values),2018-06-01,2018-06-01,,GLOBAL,1,2026-10-03 00:00:00,2026-10-03 00:00:00
509,Cooked pork kidneys - Pig Meat,2,1830,Pig Meat,12.310000,"Poore and Nemecek (2018), via Our World in Data",https://ourworldindata.org/grapher/ghg-per-kg-poore,OWID ghg-per-kg-poore (2010 values),2018-06-01,2018-06-01,,GLOBAL,1,2026-10-03 00:00:00,2026-10-03 00:00:00
510,Cooked pork liver - Pig Meat,2,1831,Pig Meat,12.310000,"Poore and Nemecek (2018), via Our World in Data",https://ourworldindata.org/grapher/ghg-per-kg-poore,OWID ghg-per-kg-poore (2010 values),2018-06-01,2018-06-01,,GLOBAL,1,2026-10-03 00:00:00,2026-10-03 00:00:00
511,Cooked pork loin - Pig Meat,2,1832,Pig Meat,12.310000,"Poore and Nemecek (2018), via Our World in Data",https://ourworldindata.org/grapher/ghg-per-kg-poore,OWID ghg-per-kg-poore (2010 values),2018-06-01,2018-06-01,,GLOBAL,1,2026-10-03 00:00:00,2026-10-03 00:00:00
512,Cooked pork meat - Pig Meat,2,1833,Pig Meat,12.310000,"Poore and Nemecek (2018), via Our World in Data",https://ourworldindata.org/grapher/ghg-per-kg-poore,OWID ghg-per-kg-poore (2010 values),2018-06-01,2018-06-01,,GLOBAL,1,2026-10-03 00:00:00,2026-10-03 00:00:00
513,Cooked pork racks - Pig Meat,2,1834,Pig Meat,12.310000,"Poore and Nemecek (2018), via Our World in Data",https://ourworldindata.org/grapher/ghg-per-kg-poore,OWID ghg-per-kg-poore (2010 values),2018-06-01,2018-06-01,,GLOBAL,1,2026-10-03 00:00:00,2026-10-03 00:00:00
514,Cooked pork roast - Pig Meat,2,1835,Pig Meat,12.310000,"Poore and Nemecek (2018), via Our World in Data",https://ourworldindata.org/grapher/ghg-per-kg-poore,OWID ghg-per-kg-poore (2010 values),2018-06-01,2018-06-01,,GLOBAL,1,2026-10-03 00:00:00,2026-10-03 00:00:00
515,Cooked pork round steak - Pig Meat,2,1836,Pig Meat,12.310000,"Poore and Nemecek (2018), via Our World in Data",https://ourworldindata.org/grapher/ghg-per-kg-poore,OWID ghg-per-kg-poore (2010 values),2018-06-01,2018-06-01,,GLOBAL,1,2026-10-03 00:00:00,2026-10-03 00:00:00
516,Cooked pork shoulder - Pig Meat,2,1837,Pig Meat,12.310000,"Poore and Nemecek (2018), via Our World in Data",https://ourworldindata.org/grapher/ghg-per-kg-poore,OWID ghg-per-kg-poore (2010 values),2018-06-01,2018-06-01,,GLOBAL,1,2026-10-03 00:00:00,2026-10-03 00:00:00
517,Cooked pork shoulder choice - Pig Meat,2,1838,Pig Meat,12.310000,"Poore and Nemecek (2018), via Our World in Data",https://ourworldindata.org/grapher/ghg-per-kg-poore,OWID ghg-per-kg-poore (2010 values),2018-06-01,2018-06-01,,GLOBAL,1,2026-10-03 00:00:00,2026-10-03 00:00:00
518,Cooked pork tenderloin roast - Pig Meat,2,1839,Pig Meat,12.310000,"Poore and Nemecek (2018), via Our World in Data",https://ourworldindata.org/grapher/ghg-per-kg-poore,OWID ghg-per-kg-poore (2010 values),2018-06-01,2018-06-01,,GLOBAL,1,2026-10-03 00:00:00,2026-10-03 00:00:00
519,Cooked pulp and peel courgette - Other Vegetables,4,1843,Other Vegetables,0.530000,"Poore and Nemecek (2018), via Our World in Data",https://ourworldindata.org/grapher/ghg-per-kg-poore,OWID ghg-per-kg-poore (2010 values),2018-06-01,2018-06-01,,GLOBAL,1,2026-10-03 00:00:00,2026-10-03 00:00:00
520,Cooked quail eggs - Eggs,18,1846,Eggs,4.670000,"Poore and Nemecek (2018), via Our World in Data",https://ourworldindata.org/grapher/ghg-per-kg-poore,OWID ghg-per-kg-poore (2010 values),2018-06-01,2018-06-01,,GLOBAL,1,2026-10-03 00:00:00,2026-10-03 00:00:00
521,Cooked quail with meat and skin - Poultry Meat,2,1847,Poultry Meat,9.870000,"Poore and Nemecek (2018), via Our World in Data",https://ourworldindata.org/grapher/ghg-per-kg-poore,OWID ghg-per-kg-poore (2010 values),2018-06-01,2018-06-01,,GLOBAL,1,2026-10-03 00:00:00,2026-10-03 00:00:00
522,Cooked red kidney beans - Other Pulses,14,1850,Other Pulses,1.790000,"Poore and Nemecek (2018), via Our World in Data",https://ourworldindata.org/grapher/ghg-per-kg-poore,OWID ghg-per-kg-poore (2010 values),2018-06-01,2018-06-01,,GLOBAL,1,2026-10-03 00:00:00,2026-10-03 00:00:00
523,Cooked rutabaga - Other Vegetables,4,1852,Other Vegetables,0.530000,"Poore and Nemecek (2018), via Our World in Data",https://ourworldindata.org/grapher/ghg-per-kg-poore,OWID ghg-per-kg-poore (2010 values),2018-06-01,2018-06-01,,GLOBAL,1,2026-10-03 00:00:00,2026-10-03 00:00:00
524,Cooked salsify - Other Vegetables,4,1854,Other Vegetables,0.530000,"Poore and Nemecek (2018), via Our World in Data",https://ourworldindata.org/grapher/ghg-per-kg-poore,OWID ghg-per-kg-poore (2010 values),2018-06-01,2018-06-01,,GLOBAL,1,2026-10-03 00:00:00,2026-10-03 00:00:00
525,Cooked snow peas - Peas,14,1863,Peas,0.980000,"Poore and Nemecek (2018), via Our World in Data",https://ourworldindata.org/grapher/ghg-per-kg-poore,OWID ghg-per-kg-poore (2010 values),2018-06-01,2018-06-01,,GLOBAL,1,2026-10-03 00:00:00,2026-10-03 00:00:00
526,Cooked spinach - Other Vegetables,4,1864,Other Vegetables,0.530000,"Poore and Nemecek (2018), via Our World in Data",https://ourworldindata.org/grapher/ghg-per-kg-poore,OWID ghg-per-kg-poore (2010 values),2018-06-01,2018-06-01,,GLOBAL,1,2026-10-03 00:00:00,2026-10-03 00:00:00
527,Cooked split peas - Peas,14,1865,Peas,0.980000,"Poore and Nemecek (2018), via Our World in Data",https://ourworldindata.org/grapher/ghg-per-kg-poore,OWID ghg-per-kg-poore (2010 values),2018-06-01,2018-06-01,,GLOBAL,1,2026-10-03 00:00:00,2026-10-03 00:00:00
528,Cooked sweet green peppers - Other Vegetables,4,1867,Other Vegetables,0.530000,"Poore and Nemecek (2018), via Our World in Data",https://ourworldindata.org/grapher/ghg-per-kg-poore,OWID ghg-per-kg-poore (2010 values),2018-06-01,2018-06-01,,GLOBAL,1,2026-10-03 00:00:00,2026-10-03 00:00:00
529,Cooked sweet peppers - Other Vegetables,4,1868,Other Vegetables,0.530000,"Poore and Nemecek (2018), via Our World in Data",https://ourworldindata.org/grapher/ghg-per-kg-poore,OWID ghg-per-kg-poore (2010 values),2018-06-01,2018-06-01,,GLOBAL,1,2026-10-03 00:00:00,2026-10-03 00:00:00
530,Cooked sweet potatoes - Other Vegetables,4,1869,Other Vegetables,0.530000,"Poore and Nemecek (2018), via Our World in Data",https://ourworldindata.org/grapher/ghg-per-kg-poore,OWID ghg-per-kg-poore (2010 values),2018-06-01,2018-06-01,,GLOBAL,1,2026-10-03 00:00:00,2026-10-03 00:00:00
531,Cooked sweet red peppers - Other Vegetables,4,1870,Other Vegetables,0.530000,"Poore and Nemecek (2018), via Our World in Data",https://ourworldindata.org/grapher/ghg-per-kg-poore,OWID ghg-per-kg-poore (2010 values),2018-06-01,2018-06-01,,GLOBAL,1,2026-10-03 00:00:00,2026-10-03 00:00:00
532,Cooked sweet yellow peppers - Other Vegetables,4,1871,Other Vegetables,0.530000,"Poore and Nemecek (2018), via Our World in Data",https://ourworldindata.org/grapher/ghg-per-kg-poore,OWID ghg-per-kg-poore (2010 values),2018-06-01,2018-06-01,,GLOBAL,1,2026-10-03 00:00:00,2026-10-03 00:00:00
533,Cooked Swiss chard - Other Vegetables,4,1872,Other Vegetables,0.530000,"Poore and Nemecek (2018), via Our World in Data",https://ourworldindata.org/grapher/ghg-per-kg-poore,OWID ghg-per-kg-poore (2010 values),2018-06-01,2018-06-01,,GLOBAL,1,2026-10-03 00:00:00,2026-10-03 00:00:00
534,Cooked taro tubes - Other Vegetables,4,1873,Other Vegetables,0.530000,"Poore and Nemecek (2018), via Our World in Data",https://ourworldindata.org/grapher/ghg-per-kg-poore,OWID ghg-per-kg-poore (2010 values),2018-06-01,2018-06-01,,GLOBAL,1,2026-10-03 00:00:00,2026-10-03 00:00:00
535,Cooked turkey heart - Poultry Meat,2,1875,Poultry Meat,9.870000,"Poore and Nemecek (2018), via Our World in Data",https://ourworldindata.org/grapher/ghg-per-kg-poore,OWID ghg-per-kg-poore (2010 values),2018-06-01,2018-06-01,,GLOBAL,1,2026-10-03 00:00:00,2026-10-03 00:00:00
536,Cooked turkey liver - Poultry Meat,2,1876,Poultry Meat,9.870000,"Poore and Nemecek (2018), via Our World in Data",https://ourworldindata.org/grapher/ghg-per-kg-poore,OWID ghg-per-kg-poore (2010 values),2018-06-01,2018-06-01,,GLOBAL,1,2026-10-03 00:00:00,2026-10-03 00:00:00
537,Cooked turnips - Root Vegetables,4,1877,Root Vegetables,0.430000,"Poore and Nemecek (2018), via Our World in Data",https://ourworldindata.org/grapher/ghg-per-kg-poore,OWID ghg-per-kg-poore (2010 values),2018-06-01,2018-06-01,,GLOBAL,1,2026-10-03 00:00:00,2026-10-03 00:00:00
538,Cooked white beans in tomato sauce - Other Pulses,14,1890,Other Pulses,1.790000,"Poore and Nemecek (2018), via Our World in Data",https://ourworldindata.org/grapher/ghg-per-kg-poore,OWID ghg-per-kg-poore (2010 values),2018-06-01,2018-06-01,,GLOBAL,1,2026-10-03 00:00:00,2026-10-03 00:00:00
539,Cooking wines - Wine,7,1900,Wine,1.790000,"Poore and Nemecek (2018), via Our World in Data",https://ourworldindata.org/grapher/ghg-per-kg-poore,OWID ghg-per-kg-poore (2010 values),2018-06-01,2018-06-01,,GLOBAL,1,2026-10-03 00:00:00,2026-10-03 00:00:00
540,Coquetdale cheese - Cheese,1,1903,Cheese,23.880000,"Poore and Nemecek (2018), via Our World in Data",https://ourworldindata.org/grapher/ghg-per-kg-poore,OWID ghg-per-kg-poore (2010 values),2018-06-01,2018-06-01,,GLOBAL,1,2026-10-03 00:00:00,2026-10-03 00:00:00
541,corn salad - Other Vegetables,4,1918,Other Vegetables,0.530000,"Poore and Nemecek (2018), via Our World in Data",https://ourworldindata.org/grapher/ghg-per-kg-poore,OWID ghg-per-kg-poore (2010 values),2018-06-01,2018-06-01,,GLOBAL,1,2026-10-03 00:00:00,2026-10-03 00:00:00
542,Cornmeal - Maize,14,1930,Maize,1.700000,"Poore and Nemecek (2018), via Our World in Data",https://ourworldindata.org/grapher/ghg-per-kg-poore,OWID ghg-per-kg-poore (2010 values),2018-06-01,2018-06-01,,GLOBAL,1,2026-10-03 00:00:00,2026-10-03 00:00:00
543,Cotija cheese - Cheese,1,1935,Cheese,23.880000,"Poore and Nemecek (2018), via Our World in Data",https://ourworldindata.org/grapher/ghg-per-kg-poore,OWID ghg-per-kg-poore (2010 values),2018-06-01,2018-06-01,,GLOBAL,1,2026-10-03 00:00:00,2026-10-03 00:00:00
544,Cottage cheeses - Cheese,1,1936,Cheese,23.880000,"Poore and Nemecek (2018), via Our World in Data",https://ourworldindata.org/grapher/ghg-per-kg-poore,OWID ghg-per-kg-poore (2010 values),2018-06-01,2018-06-01,,GLOBAL,1,2026-10-03 00:00:00,2026-10-03 00:00:00
545,Courgette pulp and peel - Other Vegetables,4,1943,Other Vegetables,0.530000,"Poore and Nemecek (2018), via Our World in Data",https://ourworldindata.org/grapher/ghg-per-kg-poore,OWID ghg-per-kg-poore (2010 values),2018-06-01,2018-06-01,,GLOBAL,1,2026-10-03 00:00:00,2026-10-03 00:00:00
546,Cow camemberts - Cheese,1,1949,Cheese,23.880000,"Poore and Nemecek (2018), via Our World in Data",https://ourworldindata.org/grapher/ghg-per-kg-poore,OWID ghg-per-kg-poore (2010 values),2018-06-01,2018-06-01,,GLOBAL,1,2026-10-03 00:00:00,2026-10-03 00:00:00
547,Cow cheeses - Cheese,1,1950,Cheese,23.880000,"Poore and Nemecek (2018), via Our World in Data",https://ourworldindata.org/grapher/ghg-per-kg-poore,OWID ghg-per-kg-poore (2010 values),2018-06-01,2018-06-01,,GLOBAL,1,2026-10-03 00:00:00,2026-10-03 00:00:00
548,Cow milks - Milk,1,1952,Milk,3.150000,"Poore and Nemecek (2018), via Our World in Data",https://ourworldindata.org/grapher/ghg-per-kg-poore,OWID ghg-per-kg-poore (2010 values),2018-06-01,2018-06-01,,GLOBAL,1,2026-10-03 00:00:00,2026-10-03 00:00:00
549,Cow mozzarella - Cheese,1,1953,Cheese,23.880000,"Poore and Nemecek (2018), via Our World in Data",https://ourworldindata.org/grapher/ghg-per-kg-poore,OWID ghg-per-kg-poore (2010 values),2018-06-01,2018-06-01,,GLOBAL,1,2026-10-03 00:00:00,2026-10-03 00:00:00
550,Cranberries - Berries & Grapes,5,1962,Berries & Grapes,1.530000,"Poore and Nemecek (2018), via Our World in Data",https://ourworldindata.org/grapher/ghg-per-kg-poore,OWID ghg-per-kg-poore (2010 values),2018-06-01,2018-06-01,,GLOBAL,1,2026-10-03 00:00:00,2026-10-03 00:00:00
551,Cream cheeses - Cheese,1,1967,Cheese,23.880000,"Poore and Nemecek (2018), via Our World in Data",https://ourworldindata.org/grapher/ghg-per-kg-poore,OWID ghg-per-kg-poore (2010 values),2018-06-01,2018-06-01,,GLOBAL,1,2026-10-03 00:00:00,2026-10-03 00:00:00
552,Crimson Sweet watermelons - Other Fruit,5,2007,Other Fruit,1.050000,"Poore and Nemecek (2018), via Our World in Data",https://ourworldindata.org/grapher/ghg-per-kg-poore,OWID ghg-per-kg-poore (2010 values),2018-06-01,2018-06-01,,GLOBAL,1,2026-10-03 00:00:00,2026-10-03 00:00:00
553,Croatian cheeses - Cheese,1,2016,Cheese,23.880000,"Poore and Nemecek (2018), via Our World in Data",https://ourworldindata.org/grapher/ghg-per-kg-poore,OWID ghg-per-kg-poore (2010 values),2018-06-01,2018-06-01,,GLOBAL,1,2026-10-03 00:00:00,2026-10-03 00:00:00
554,Crottin cheese from goat's milk - Cheese,1,2029,Cheese,23.880000,"Poore and Nemecek (2018), via Our World in Data",https://ourworldindata.org/grapher/ghg-per-kg-poore,OWID ghg-per-kg-poore (2010 values),2018-06-01,2018-06-01,,GLOBAL,1,2026-10-03 00:00:00,2026-10-03 00:00:00
555,Crottin cheese from goat's milk from raw milk - Cheese,1,2030,Cheese,23.880000,"Poore and Nemecek (2018), via Our World in Data",https://ourworldindata.org/grapher/ghg-per-kg-poore,OWID ghg-per-kg-poore (2010 values),2018-06-01,2018-06-01,,GLOBAL,1,2026-10-03 00:00:00,2026-10-03 00:00:00
556,Crottin de Chavignol cheese - Cheese,1,2031,Cheese,23.880000,"Poore and Nemecek (2018), via Our World in Data",https://ourworldindata.org/grapher/ghg-per-kg-poore,OWID ghg-per-kg-poore (2010 values),2018-06-01,2018-06-01,,GLOBAL,1,2026-10-03 00:00:00,2026-10-03 00:00:00
557,Cubed appetizer cheese - Cheese,1,2058,Cheese,23.880000,"Poore and Nemecek (2018), via Our World in Data",https://ourworldindata.org/grapher/ghg-per-kg-poore,OWID ghg-per-kg-poore (2010 values),2018-06-01,2018-06-01,,GLOBAL,1,2026-10-03 00:00:00,2026-10-03 00:00:00
558,Cucumbers - Other Vegetables,4,2061,Other Vegetables,0.530000,"Poore and Nemecek (2018), via Our World in Data",https://ourworldindata.org/grapher/ghg-per-kg-poore,OWID ghg-per-kg-poore (2010 values),2018-06-01,2018-06-01,,GLOBAL,1,2026-10-03 00:00:00,2026-10-03 00:00:00
559,Cured cheeses - Cheese,1,2068,Cheese,23.880000,"Poore and Nemecek (2018), via Our World in Data",https://ourworldindata.org/grapher/ghg-per-kg-poore,OWID ghg-per-kg-poore (2010 values),2018-06-01,2018-06-01,,GLOBAL,1,2026-10-03 00:00:00,2026-10-03 00:00:00
560,Cured pork loin - Pig Meat,2,2070,Pig Meat,12.310000,"Poore and Nemecek (2018), via Our World in Data",https://ourworldindata.org/grapher/ghg-per-kg-poore,OWID ghg-per-kg-poore (2010 values),2018-06-01,2018-06-01,,GLOBAL,1,2026-10-03 00:00:00,2026-10-03 00:00:00
561,Curly endives - Other Vegetables,4,2071,Other Vegetables,0.530000,"Poore and Nemecek (2018), via Our World in Data",https://ourworldindata.org/grapher/ghg-per-kg-poore,OWID ghg-per-kg-poore (2010 values),2018-06-01,2018-06-01,,GLOBAL,1,2026-10-03 00:00:00,2026-10-03 00:00:00
562,Curly kale - Brassicas,4,2072,Brassicas,0.510000,"Poore and Nemecek (2018), via Our World in Data",https://ourworldindata.org/grapher/ghg-per-kg-poore,OWID ghg-per-kg-poore (2010 values),2018-06-01,2018-06-01,,GLOBAL,1,2026-10-03 00:00:00,2026-10-03 00:00:00
563,Cypriot cheeses - Cheese,1,2084,Cheese,23.880000,"Poore and Nemecek (2018), via Our World in Data",https://ourworldindata.org/grapher/ghg-per-kg-poore,OWID ghg-per-kg-poore (2010 values),2018-06-01,2018-06-01,,GLOBAL,1,2026-10-03 00:00:00,2026-10-03 00:00:00
564,Czech cheeses - Cheese,1,2085,Cheese,23.880000,"Poore and Nemecek (2018), via Our World in Data",https://ourworldindata.org/grapher/ghg-per-kg-poore,OWID ghg-per-kg-poore (2010 values),2018-06-01,2018-06-01,,GLOBAL,1,2026-10-03 00:00:00,2026-10-03 00:00:00
565,Daikon radishes - Root Vegetables,4,2088,Root Vegetables,0.430000,"Poore and Nemecek (2018), via Our World in Data",https://ourworldindata.org/grapher/ghg-per-kg-poore,OWID ghg-per-kg-poore (2010 values),2018-06-01,2018-06-01,,GLOBAL,1,2026-10-03 00:00:00,2026-10-03 00:00:00
566,Danish cheeses - Cheese,1,2114,Cheese,23.880000,"Poore and Nemecek (2018), via Our World in Data",https://ourworldindata.org/grapher/ghg-per-kg-poore,OWID ghg-per-kg-poore (2010 values),2018-06-01,2018-06-01,,GLOBAL,1,2026-10-03 00:00:00,2026-10-03 00:00:00
567,Danish wines - Wine,7,2116,Wine,1.790000,"Poore and Nemecek (2018), via Our World in Data",https://ourworldindata.org/grapher/ghg-per-kg-poore,OWID ghg-per-kg-poore (2010 values),2018-06-01,2018-06-01,,GLOBAL,1,2026-10-03 00:00:00,2026-10-03 00:00:00
568,Dates - Other Fruit,5,2148,Other Fruit,1.050000,"Poore and Nemecek (2018), via Our World in Data",https://ourworldindata.org/grapher/ghg-per-kg-poore,OWID ghg-per-kg-poore (2010 values),2018-06-01,2018-06-01,,GLOBAL,1,2026-10-03 00:00:00,2026-10-03 00:00:00
569,Datterini tomatoes - Tomatoes,4,2149,Tomatoes,2.090000,"Poore and Nemecek (2018), via Our World in Data",https://ourworldindata.org/grapher/ghg-per-kg-poore,OWID ghg-per-kg-poore (2010 values),2018-06-01,2018-06-01,,GLOBAL,1,2026-10-03 00:00:00,2026-10-03 00:00:00
570,Decorticated blonde lentils - Other Pulses,14,2153,Other Pulses,1.790000,"Poore and Nemecek (2018), via Our World in Data",https://ourworldindata.org/grapher/ghg-per-kg-poore,OWID ghg-per-kg-poore (2010 values),2018-06-01,2018-06-01,,GLOBAL,1,2026-10-03 00:00:00,2026-10-03 00:00:00
571,Decorticated lentils - Other Pulses,14,2155,Other Pulses,1.790000,"Poore and Nemecek (2018), via Our World in Data",https://ourworldindata.org/grapher/ghg-per-kg-poore,OWID ghg-per-kg-poore (2010 values),2018-06-01,2018-06-01,,GLOBAL,1,2026-10-03 00:00:00,2026-10-03 00:00:00
572,Decorticated red lentils - Other Pulses,14,2156,Other Pulses,1.790000,"Poore and Nemecek (2018), via Our World in Data",https://ourworldindata.org/grapher/ghg-per-kg-poore,OWID ghg-per-kg-poore (2010 values),2018-06-01,2018-06-01,,GLOBAL,1,2026-10-03 00:00:00,2026-10-03 00:00:00
573,Decorticated split red lentils - Other Pulses,14,2157,Other Pulses,1.790000,"Poore and Nemecek (2018), via Our World in Data",https://ourworldindata.org/grapher/ghg-per-kg-poore,OWID ghg-per-kg-poore (2010 values),2018-06-01,2018-06-01,,GLOBAL,1,2026-10-03 00:00:00,2026-10-03 00:00:00
574,Decorticated whole red lentils - Other Pulses,14,2158,Other Pulses,1.790000,"Poore and Nemecek (2018), via Our World in Data",https://ourworldindata.org/grapher/ghg-per-kg-poore,OWID ghg-per-kg-poore (2010 values),2018-06-01,2018-06-01,,GLOBAL,1,2026-10-03 00:00:00,2026-10-03 00:00:00
575,Deglet Noor dates - Other Fruit,5,2168,Other Fruit,1.050000,"Poore and Nemecek (2018), via Our World in Data",https://ourworldindata.org/grapher/ghg-per-kg-poore,OWID ghg-per-kg-poore (2010 values),2018-06-01,2018-06-01,,GLOBAL,1,2026-10-03 00:00:00,2026-10-03 00:00:00
576,Dehydrated carrots - Root Vegetables,4,2174,Root Vegetables,0.430000,"Poore and Nemecek (2018), via Our World in Data",https://ourworldindata.org/grapher/ghg-per-kg-poore,OWID ghg-per-kg-poore (2010 values),2018-06-01,2018-06-01,,GLOBAL,1,2026-10-03 00:00:00,2026-10-03 00:00:00
577,Derby cheese - Cheese,1,2193,Cheese,23.880000,"Poore and Nemecek (2018), via Our World in Data",https://ourworldindata.org/grapher/ghg-per-kg-poore,OWID ghg-per-kg-poore (2010 values),2018-06-01,2018-06-01,,GLOBAL,1,2026-10-03 00:00:00,2026-10-03 00:00:00
578,Desi chickpeas - Other Pulses,14,2195,Other Pulses,1.790000,"Poore and Nemecek (2018), via Our World in Data",https://ourworldindata.org/grapher/ghg-per-kg-poore,OWID ghg-per-kg-poore (2010 values),2018-06-01,2018-06-01,,GLOBAL,1,2026-10-03 00:00:00,2026-10-03 00:00:00
579,Dessert wines - Wine,7,2197,Wine,1.790000,"Poore and Nemecek (2018), via Our World in Data",https://ourworldindata.org/grapher/ghg-per-kg-poore,OWID ghg-per-kg-poore (2010 values),2018-06-01,2018-06-01,,GLOBAL,1,2026-10-03 00:00:00,2026-10-03 00:00:00
580,Devilled pork shoulder in mustard sauce - Pig Meat,2,2198,Pig Meat,12.310000,"Poore and Nemecek (2018), via Our World in Data",https://ourworldindata.org/grapher/ghg-per-kg-poore,OWID ghg-per-kg-poore (2010 values),2018-06-01,2018-06-01,,GLOBAL,1,2026-10-03 00:00:00,2026-10-03 00:00:00
581,Diced vegetables - Other Vegetables,4,2201,Other Vegetables,0.530000,"Poore and Nemecek (2018), via Our World in Data",https://ourworldindata.org/grapher/ghg-per-kg-poore,OWID ghg-per-kg-poore (2010 values),2018-06-01,2018-06-01,,GLOBAL,1,2026-10-03 00:00:00,2026-10-03 00:00:00
582,Dorset Blue Cheese - Cheese,1,2238,Cheese,23.880000,"Poore and Nemecek (2018), via Our World in Data",https://ourworldindata.org/grapher/ghg-per-kg-poore,OWID ghg-per-kg-poore (2010 values),2018-06-01,2018-06-01,,GLOBAL,1,2026-10-03 00:00:00,2026-10-03 00:00:00
583,Double cream cheeses - Cheese,1,2244,Cheese,23.880000,"Poore and Nemecek (2018), via Our World in Data",https://ourworldindata.org/grapher/ghg-per-kg-poore,OWID ghg-per-kg-poore (2010 values),2018-06-01,2018-06-01,,GLOBAL,1,2026-10-03 00:00:00,2026-10-03 00:00:00
584,Double-toned milks - Milk,1,2248,Milk,3.150000,"Poore and Nemecek (2018), via Our World in Data",https://ourworldindata.org/grapher/ghg-per-kg-poore,OWID ghg-per-kg-poore (2010 values),2018-06-01,2018-06-01,,GLOBAL,1,2026-10-03 00:00:00,2026-10-03 00:00:00
585,Dovedale cheese - Cheese,1,2255,Cheese,23.880000,"Poore and Nemecek (2018), via Our World in Data",https://ourworldindata.org/grapher/ghg-per-kg-poore,OWID ghg-per-kg-poore (2010 values),2018-06-01,2018-06-01,,GLOBAL,1,2026-10-03 00:00:00,2026-10-03 00:00:00
586,Dried blackcurrants - Other Fruit,5,2263,Other Fruit,1.050000,"Poore and Nemecek (2018), via Our World in Data",https://ourworldindata.org/grapher/ghg-per-kg-poore,OWID ghg-per-kg-poore (2010 values),2018-06-01,2018-06-01,,GLOBAL,1,2026-10-03 00:00:00,2026-10-03 00:00:00
587,Dried blond lentils - Other Pulses,14,2264,Other Pulses,1.790000,"Poore and Nemecek (2018), via Our World in Data",https://ourworldindata.org/grapher/ghg-per-kg-poore,OWID ghg-per-kg-poore (2010 values),2018-06-01,2018-06-01,,GLOBAL,1,2026-10-03 00:00:00,2026-10-03 00:00:00
588,Dried broad beans - Other Vegetables,4,2267,Other Vegetables,0.530000,"Poore and Nemecek (2018), via Our World in Data",https://ourworldindata.org/grapher/ghg-per-kg-poore,OWID ghg-per-kg-poore (2010 values),2018-06-01,2018-06-01,,GLOBAL,1,2026-10-03 00:00:00,2026-10-03 00:00:00
589,Dried cherries - Other Fruit,5,2269,Other Fruit,1.050000,"Poore and Nemecek (2018), via Our World in Data",https://ourworldindata.org/grapher/ghg-per-kg-poore,OWID ghg-per-kg-poore (2010 values),2018-06-01,2018-06-01,,GLOBAL,1,2026-10-03 00:00:00,2026-10-03 00:00:00
590,Dried chickpeas - Other Pulses,14,2270,Other Pulses,1.790000,"Poore and Nemecek (2018), via Our World in Data",https://ourworldindata.org/grapher/ghg-per-kg-poore,OWID ghg-per-kg-poore (2010 values),2018-06-01,2018-06-01,,GLOBAL,1,2026-10-03 00:00:00,2026-10-03 00:00:00
591,Dried coconut kernel - Other Fruit,5,2274,Other Fruit,1.050000,"Poore and Nemecek (2018), via Our World in Data",https://ourworldindata.org/grapher/ghg-per-kg-poore,OWID ghg-per-kg-poore (2010 values),2018-06-01,2018-06-01,,GLOBAL,1,2026-10-03 00:00:00,2026-10-03 00:00:00
592,Dried Coffee milks - Milk,1,2275,Milk,3.150000,"Poore and Nemecek (2018), via Our World in Data",https://ourworldindata.org/grapher/ghg-per-kg-poore,OWID ghg-per-kg-poore (2010 values),2018-06-01,2018-06-01,,GLOBAL,1,2026-10-03 00:00:00,2026-10-03 00:00:00
593,Dried dates - Other Fruit,5,2276,Other Fruit,1.050000,"Poore and Nemecek (2018), via Our World in Data",https://ourworldindata.org/grapher/ghg-per-kg-poore,OWID ghg-per-kg-poore (2010 values),2018-06-01,2018-06-01,,GLOBAL,1,2026-10-03 00:00:00,2026-10-03 00:00:00
594,Dried Durian - Other Fruit,5,2281,Other Fruit,1.050000,"Poore and Nemecek (2018), via Our World in Data",https://ourworldindata.org/grapher/ghg-per-kg-poore,OWID ghg-per-kg-poore (2010 values),2018-06-01,2018-06-01,,GLOBAL,1,2026-10-03 00:00:00,2026-10-03 00:00:00
595,Dried green lentils - Other Pulses,14,2289,Other Pulses,1.790000,"Poore and Nemecek (2018), via Our World in Data",https://ourworldindata.org/grapher/ghg-per-kg-poore,OWID ghg-per-kg-poore (2010 values),2018-06-01,2018-06-01,,GLOBAL,1,2026-10-03 00:00:00,2026-10-03 00:00:00
596,Dried jackfruit - Other Vegetables,4,2294,Other Vegetables,0.530000,"Poore and Nemecek (2018), via Our World in Data",https://ourworldindata.org/grapher/ghg-per-kg-poore,OWID ghg-per-kg-poore (2010 values),2018-06-01,2018-06-01,,GLOBAL,1,2026-10-03 00:00:00,2026-10-03 00:00:00
597,Dried kiwifruits - Other Fruit,5,2296,Other Fruit,1.050000,"Poore and Nemecek (2018), via Our World in Data",https://ourworldindata.org/grapher/ghg-per-kg-poore,OWID ghg-per-kg-poore (2010 values),2018-06-01,2018-06-01,,GLOBAL,1,2026-10-03 00:00:00,2026-10-03 00:00:00
598,Dried Lemons - Citrus Fruit,5,2298,Citrus Fruit,0.390000,"Poore and Nemecek (2018), via Our World in Data",https://ourworldindata.org/grapher/ghg-per-kg-poore,OWID ghg-per-kg-poore (2010 values),2018-06-01,2018-06-01,,GLOBAL,1,2026-10-03 00:00:00,2026-10-03 00:00:00
599,Dried lentils - Other Pulses,14,2299,Other Pulses,1.790000,"Poore and Nemecek (2018), via Our World in Data",https://ourworldindata.org/grapher/ghg-per-kg-poore,OWID ghg-per-kg-poore (2010 values),2018-06-01,2018-06-01,,GLOBAL,1,2026-10-03 00:00:00,2026-10-03 00:00:00
600,Dried papayas - Other Fruit,5,2309,Other Fruit,1.050000,"Poore and Nemecek (2018), via Our World in Data",https://ourworldindata.org/grapher/ghg-per-kg-poore,OWID ghg-per-kg-poore (2010 values),2018-06-01,2018-06-01,,GLOBAL,1,2026-10-03 00:00:00,2026-10-03 00:00:00
601,Dried peas - Peas,14,2311,Peas,0.980000,"Poore and Nemecek (2018), via Our World in Data",https://ourworldindata.org/grapher/ghg-per-kg-poore,OWID ghg-per-kg-poore (2010 values),2018-06-01,2018-06-01,,GLOBAL,1,2026-10-03 00:00:00,2026-10-03 00:00:00
602,Dried pink lentils - Other Pulses,14,2313,Other Pulses,1.790000,"Poore and Nemecek (2018), via Our World in Data",https://ourworldindata.org/grapher/ghg-per-kg-poore,OWID ghg-per-kg-poore (2010 values),2018-06-01,2018-06-01,,GLOBAL,1,2026-10-03 00:00:00,2026-10-03 00:00:00
603,Dried red kidney beans - Other Pulses,14,2317,Other Pulses,1.790000,"Poore and Nemecek (2018), via Our World in Data",https://ourworldindata.org/grapher/ghg-per-kg-poore,OWID ghg-per-kg-poore (2010 values),2018-06-01,2018-06-01,,GLOBAL,1,2026-10-03 00:00:00,2026-10-03 00:00:00
604,Dried split peas - Peas,14,2328,Peas,0.980000,"Poore and Nemecek (2018), via Our World in Data",https://ourworldindata.org/grapher/ghg-per-kg-poore,OWID ghg-per-kg-poore (2010 values),2018-06-01,2018-06-01,,GLOBAL,1,2026-10-03 00:00:00,2026-10-03 00:00:00
605,Dry cheese from goat's milk - Cheese,1,2344,Cheese,23.880000,"Poore and Nemecek (2018), via Our World in Data",https://ourworldindata.org/grapher/ghg-per-kg-poore,OWID ghg-per-kg-poore (2010 values),2018-06-01,2018-06-01,,GLOBAL,1,2026-10-03 00:00:00,2026-10-03 00:00:00
606,Dry chickpea pasta - Other Pulses,14,2345,Other Pulses,1.790000,"Poore and Nemecek (2018), via Our World in Data",https://ourworldindata.org/grapher/ghg-per-kg-poore,OWID ghg-per-kg-poore (2010 values),2018-06-01,2018-06-01,,GLOBAL,1,2026-10-03 00:00:00,2026-10-03 00:00:00
607,Dry lentil pasta - Other Pulses,14,2350,Other Pulses,1.790000,"Poore and Nemecek (2018), via Our World in Data",https://ourworldindata.org/grapher/ghg-per-kg-poore,OWID ghg-per-kg-poore (2010 values),2018-06-01,2018-06-01,,GLOBAL,1,2026-10-03 00:00:00,2026-10-03 00:00:00
608,Dry mung beans - Other Pulses,14,2351,Other Pulses,1.790000,"Poore and Nemecek (2018), via Our World in Data",https://ourworldindata.org/grapher/ghg-per-kg-poore,OWID ghg-per-kg-poore (2010 values),2018-06-01,2018-06-01,,GLOBAL,1,2026-10-03 00:00:00,2026-10-03 00:00:00
609,Dry white wines - Wine,7,2353,Wine,1.790000,"Poore and Nemecek (2018), via Our World in Data",https://ourworldindata.org/grapher/ghg-per-kg-poore,OWID ghg-per-kg-poore (2010 values),2018-06-01,2018-06-01,,GLOBAL,1,2026-10-03 00:00:00,2026-10-03 00:00:00
610,Duck breasts - Poultry Meat,2,2354,Poultry Meat,9.870000,"Poore and Nemecek (2018), via Our World in Data",https://ourworldindata.org/grapher/ghg-per-kg-poore,OWID ghg-per-kg-poore (2010 values),2018-06-01,2018-06-01,,GLOBAL,1,2026-10-03 00:00:00,2026-10-03 00:00:00
611,Duck breasts cooked in pan - Poultry Meat,2,2355,Poultry Meat,9.870000,"Poore and Nemecek (2018), via Our World in Data",https://ourworldindata.org/grapher/ghg-per-kg-poore,OWID ghg-per-kg-poore (2010 values),2018-06-01,2018-06-01,,GLOBAL,1,2026-10-03 00:00:00,2026-10-03 00:00:00
612,Duck confit - Poultry Meat,2,2356,Poultry Meat,9.870000,"Poore and Nemecek (2018), via Our World in Data",https://ourworldindata.org/grapher/ghg-per-kg-poore,OWID ghg-per-kg-poore (2010 values),2018-06-01,2018-06-01,,GLOBAL,1,2026-10-03 00:00:00,2026-10-03 00:00:00
613,Duck eggs - Eggs,18,2358,Eggs,4.670000,"Poore and Nemecek (2018), via Our World in Data",https://ourworldindata.org/grapher/ghg-per-kg-poore,OWID ghg-per-kg-poore (2010 values),2018-06-01,2018-06-01,,GLOBAL,1,2026-10-03 00:00:00,2026-10-03 00:00:00
614,Duck feet - Poultry Meat,2,2359,Poultry Meat,9.870000,"Poore and Nemecek (2018), via Our World in Data",https://ourworldindata.org/grapher/ghg-per-kg-poore,OWID ghg-per-kg-poore (2010 values),2018-06-01,2018-06-01,,GLOBAL,1,2026-10-03 00:00:00,2026-10-03 00:00:00
615,Duck fillets - Poultry Meat,2,2360,Poultry Meat,9.870000,"Poore and Nemecek (2018), via Our World in Data",https://ourworldindata.org/grapher/ghg-per-kg-poore,OWID ghg-per-kg-poore (2010 values),2018-06-01,2018-06-01,,GLOBAL,1,2026-10-03 00:00:00,2026-10-03 00:00:00
616,Duck gizzards - Poultry Meat,2,2361,Poultry Meat,9.870000,"Poore and Nemecek (2018), via Our World in Data",https://ourworldindata.org/grapher/ghg-per-kg-poore,OWID ghg-per-kg-poore (2010 values),2018-06-01,2018-06-01,,GLOBAL,1,2026-10-03 00:00:00,2026-10-03 00:00:00
617,Duck leg meat with skin - Poultry Meat,2,2362,Poultry Meat,9.870000,"Poore and Nemecek (2018), via Our World in Data",https://ourworldindata.org/grapher/ghg-per-kg-poore,OWID ghg-per-kg-poore (2010 values),2018-06-01,2018-06-01,,GLOBAL,1,2026-10-03 00:00:00,2026-10-03 00:00:00
618,Duck legs - Poultry Meat,2,2363,Poultry Meat,9.870000,"Poore and Nemecek (2018), via Our World in Data",https://ourworldindata.org/grapher/ghg-per-kg-poore,OWID ghg-per-kg-poore (2010 values),2018-06-01,2018-06-01,,GLOBAL,1,2026-10-03 00:00:00,2026-10-03 00:00:00
619,Duck liver - Poultry Meat,2,2364,Poultry Meat,9.870000,"Poore and Nemecek (2018), via Our World in Data",https://ourworldindata.org/grapher/ghg-per-kg-poore,OWID ghg-per-kg-poore (2010 values),2018-06-01,2018-06-01,,GLOBAL,1,2026-10-03 00:00:00,2026-10-03 00:00:00
620,Duck meat and skin - Poultry Meat,2,2365,Poultry Meat,9.870000,"Poore and Nemecek (2018), via Our World in Data",https://ourworldindata.org/grapher/ghg-per-kg-poore,OWID ghg-per-kg-poore (2010 values),2018-06-01,2018-06-01,,GLOBAL,1,2026-10-03 00:00:00,2026-10-03 00:00:00
621,Duck neck - Poultry Meat,2,2367,Poultry Meat,9.870000,"Poore and Nemecek (2018), via Our World in Data",https://ourworldindata.org/grapher/ghg-per-kg-poore,OWID ghg-per-kg-poore (2010 values),2018-06-01,2018-06-01,,GLOBAL,1,2026-10-03 00:00:00,2026-10-03 00:00:00
622,Duck offals - Poultry Meat,2,2368,Poultry Meat,9.870000,"Poore and Nemecek (2018), via Our World in Data",https://ourworldindata.org/grapher/ghg-per-kg-poore,OWID ghg-per-kg-poore (2010 values),2018-06-01,2018-06-01,,GLOBAL,1,2026-10-03 00:00:00,2026-10-03 00:00:00
623,Duck sausages - Poultry Meat,2,2370,Poultry Meat,9.870000,"Poore and Nemecek (2018), via Our World in Data",https://ourworldindata.org/grapher/ghg-per-kg-poore,OWID ghg-per-kg-poore (2010 values),2018-06-01,2018-06-01,,GLOBAL,1,2026-10-03 00:00:00,2026-10-03 00:00:00
624,Duck wings - Poultry Meat,2,2371,Poultry Meat,9.870000,"Poore and Nemecek (2018), via Our World in Data",https://ourworldindata.org/grapher/ghg-per-kg-poore,OWID ghg-per-kg-poore (2010 values),2018-06-01,2018-06-01,,GLOBAL,1,2026-10-03 00:00:00,2026-10-03 00:00:00
625,Ducks - Poultry Meat,2,2372,Poultry Meat,9.870000,"Poore and Nemecek (2018), via Our World in Data",https://ourworldindata.org/grapher/ghg-per-kg-poore,OWID ghg-per-kg-poore (2010 values),2018-06-01,2018-06-01,,GLOBAL,1,2026-10-03 00:00:00,2026-10-03 00:00:00
626,Ducks (prepared) - Poultry Meat,2,2373,Poultry Meat,9.870000,"Poore and Nemecek (2018), via Our World in Data",https://ourworldindata.org/grapher/ghg-per-kg-poore,OWID ghg-per-kg-poore (2010 values),2018-06-01,2018-06-01,,GLOBAL,1,2026-10-03 00:00:00,2026-10-03 00:00:00
627,Duddleswell cheese - Cheese,1,2374,Cheese,23.880000,"Poore and Nemecek (2018), via Our World in Data",https://ourworldindata.org/grapher/ghg-per-kg-poore,OWID ghg-per-kg-poore (2010 values),2018-06-01,2018-06-01,,GLOBAL,1,2026-10-03 00:00:00,2026-10-03 00:00:00
628,Durum wheat flours - Wheat & Rye,14,2379,Wheat & Rye,1.570000,"Poore and Nemecek (2018), via Our World in Data",https://ourworldindata.org/grapher/ghg-per-kg-poore,OWID ghg-per-kg-poore (2010 values),2018-06-01,2018-06-01,,GLOBAL,1,2026-10-03 00:00:00,2026-10-03 00:00:00
629,Durum wheat groats - Oatmeal,14,2380,Oatmeal,2.480000,"Poore and Nemecek (2018), via Our World in Data",https://ourworldindata.org/grapher/ghg-per-kg-poore,OWID ghg-per-kg-poore (2010 values),2018-06-01,2018-06-01,,GLOBAL,1,2026-10-03 00:00:00,2026-10-03 00:00:00
630,Dutch fruits - Other Fruit,5,2395,Other Fruit,1.050000,"Poore and Nemecek (2018), via Our World in Data",https://ourworldindata.org/grapher/ghg-per-kg-poore,OWID ghg-per-kg-poore (2010 values),2018-06-01,2018-06-01,,GLOBAL,1,2026-10-03 00:00:00,2026-10-03 00:00:00
631,Dutch wines - Wine,7,2396,Wine,1.790000,"Poore and Nemecek (2018), via Our World in Data",https://ourworldindata.org/grapher/ghg-per-kg-poore,OWID ghg-per-kg-poore (2010 values),2018-06-01,2018-06-01,,GLOBAL,1,2026-10-03 00:00:00,2026-10-03 00:00:00
632,Egg powder - Eggs,18,2412,Eggs,4.670000,"Poore and Nemecek (2018), via Our World in Data",https://ourworldindata.org/grapher/ghg-per-kg-poore,OWID ghg-per-kg-poore (2010 values),2018-06-01,2018-06-01,,GLOBAL,1,2026-10-03 00:00:00,2026-10-03 00:00:00
633,Egg white - Eggs,18,2420,Eggs,4.670000,"Poore and Nemecek (2018), via Our World in Data",https://ourworldindata.org/grapher/ghg-per-kg-poore,OWID ghg-per-kg-poore (2010 values),2018-06-01,2018-06-01,,GLOBAL,1,2026-10-03 00:00:00,2026-10-03 00:00:00
634,Egg white cooked - Eggs,18,2421,Eggs,4.670000,"Poore and Nemecek (2018), via Our World in Data",https://ourworldindata.org/grapher/ghg-per-kg-poore,OWID ghg-per-kg-poore (2010 values),2018-06-01,2018-06-01,,GLOBAL,1,2026-10-03 00:00:00,2026-10-03 00:00:00
635,Egg white powder - Eggs,18,2422,Eggs,4.670000,"Poore and Nemecek (2018), via Our World in Data",https://ourworldindata.org/grapher/ghg-per-kg-poore,OWID ghg-per-kg-poore (2010 values),2018-06-01,2018-06-01,,GLOBAL,1,2026-10-03 00:00:00,2026-10-03 00:00:00
636,Egg yolk - Eggs,18,2423,Eggs,4.670000,"Poore and Nemecek (2018), via Our World in Data",https://ourworldindata.org/grapher/ghg-per-kg-poore,OWID ghg-per-kg-poore (2010 values),2018-06-01,2018-06-01,,GLOBAL,1,2026-10-03 00:00:00,2026-10-03 00:00:00
637,Egg yolk powder - Eggs,18,2425,Eggs,4.670000,"Poore and Nemecek (2018), via Our World in Data",https://ourworldindata.org/grapher/ghg-per-kg-poore,OWID ghg-per-kg-poore (2010 values),2018-06-01,2018-06-01,,GLOBAL,1,2026-10-03 00:00:00,2026-10-03 00:00:00
638,Eggs - Eggs,18,2429,Eggs,4.670000,"Poore and Nemecek (2018), via Our World in Data",https://ourworldindata.org/grapher/ghg-per-kg-poore,OWID ghg-per-kg-poore (2010 values),2018-06-01,2018-06-01,,GLOBAL,1,2026-10-03 00:00:00,2026-10-03 00:00:00
639,Eggs and their products - Eggs,18,2430,Eggs,4.670000,"Poore and Nemecek (2018), via Our World in Data",https://ourworldindata.org/grapher/ghg-per-kg-poore,OWID ghg-per-kg-poore (2010 values),2018-06-01,2018-06-01,,GLOBAL,1,2026-10-03 00:00:00,2026-10-03 00:00:00
640,Einkorn wheat flours - Wheat & Rye,14,2431,Wheat & Rye,1.570000,"Poore and Nemecek (2018), via Our World in Data",https://ourworldindata.org/grapher/ghg-per-kg-poore,OWID ghg-per-kg-poore (2010 values),2018-06-01,2018-06-01,,GLOBAL,1,2026-10-03 00:00:00,2026-10-03 00:00:00
641,Elderberries - Berries & Grapes,5,2434,Berries & Grapes,1.530000,"Poore and Nemecek (2018), via Our World in Data",https://ourworldindata.org/grapher/ghg-per-kg-poore,OWID ghg-per-kg-poore (2010 values),2018-06-01,2018-06-01,,GLOBAL,1,2026-10-03 00:00:00,2026-10-03 00:00:00
642,Elstar apples - Other Fruit,5,2437,Other Fruit,1.050000,"Poore and Nemecek (2018), via Our World in Data",https://ourworldindata.org/grapher/ghg-per-kg-poore,OWID ghg-per-kg-poore (2010 values),2018-06-01,2018-06-01,,GLOBAL,1,2026-10-03 00:00:00,2026-10-03 00:00:00
643,Emmental slices - Cheese,1,2438,Cheese,23.880000,"Poore and Nemecek (2018), via Our World in Data",https://ourworldindata.org/grapher/ghg-per-kg-poore,OWID ghg-per-kg-poore (2010 values),2018-06-01,2018-06-01,,GLOBAL,1,2026-10-03 00:00:00,2026-10-03 00:00:00
644,Emmentaler - Cheese,1,2439,Cheese,23.880000,"Poore and Nemecek (2018), via Our World in Data",https://ourworldindata.org/grapher/ghg-per-kg-poore,OWID ghg-per-kg-poore (2010 values),2018-06-01,2018-06-01,,GLOBAL,1,2026-10-03 00:00:00,2026-10-03 00:00:00
645,Emmentals of Savoy - Cheese,1,2440,Cheese,23.880000,"Poore and Nemecek (2018), via Our World in Data",https://ourworldindata.org/grapher/ghg-per-kg-poore,OWID ghg-per-kg-poore (2010 values),2018-06-01,2018-06-01,,GLOBAL,1,2026-10-03 00:00:00,2026-10-03 00:00:00
646,Emmer wheat flours - Wheat & Rye,14,2441,Wheat & Rye,1.570000,"Poore and Nemecek (2018), via Our World in Data",https://ourworldindata.org/grapher/ghg-per-kg-poore,OWID ghg-per-kg-poore (2010 values),2018-06-01,2018-06-01,,GLOBAL,1,2026-10-03 00:00:00,2026-10-03 00:00:00
647,Emu eggs - Eggs,18,2444,Eggs,4.670000,"Poore and Nemecek (2018), via Our World in Data",https://ourworldindata.org/grapher/ghg-per-kg-poore,OWID ghg-per-kg-poore (2010 values),2018-06-01,2018-06-01,,GLOBAL,1,2026-10-03 00:00:00,2026-10-03 00:00:00
648,Endives - Other Vegetables,4,2445,Other Vegetables,0.530000,"Poore and Nemecek (2018), via Our World in Data",https://ourworldindata.org/grapher/ghg-per-kg-poore,OWID ghg-per-kg-poore (2010 values),2018-06-01,2018-06-01,,GLOBAL,1,2026-10-03 00:00:00,2026-10-03 00:00:00
649,Escacena chickpeas - Other Pulses,14,2457,Other Pulses,1.790000,"Poore and Nemecek (2018), via Our World in Data",https://ourworldindata.org/grapher/ghg-per-kg-poore,OWID ghg-per-kg-poore (2010 values),2018-06-01,2018-06-01,,GLOBAL,1,2026-10-03 00:00:00,2026-10-03 00:00:00
650,ESL milks - Milk,1,2458,Milk,3.150000,"Poore and Nemecek (2018), via Our World in Data",https://ourworldindata.org/grapher/ghg-per-kg-poore,OWID ghg-per-kg-poore (2010 values),2018-06-01,2018-06-01,,GLOBAL,1,2026-10-03 00:00:00,2026-10-03 00:00:00
651,Estonian cheeses - Cheese,1,2461,Cheese,23.880000,"Poore and Nemecek (2018), via Our World in Data",https://ourworldindata.org/grapher/ghg-per-kg-poore,OWID ghg-per-kg-poore (2010 values),2018-06-01,2018-06-01,,GLOBAL,1,2026-10-03 00:00:00,2026-10-03 00:00:00
652,Eureka lemons - Citrus Fruit,5,2464,Citrus Fruit,0.390000,"Poore and Nemecek (2018), via Our World in Data",https://ourworldindata.org/grapher/ghg-per-kg-poore,OWID ghg-per-kg-poore (2010 values),2018-06-01,2018-06-01,,GLOBAL,1,2026-10-03 00:00:00,2026-10-03 00:00:00
653,Exmoor Blue Cheese - Cheese,1,2478,Cheese,23.880000,"Poore and Nemecek (2018), via Our World in Data",https://ourworldindata.org/grapher/ghg-per-kg-poore,OWID ghg-per-kg-poore (2010 values),2018-06-01,2018-06-01,,GLOBAL,1,2026-10-03 00:00:00,2026-10-03 00:00:00
654,Extra-mature cheddar - Cheese,1,2482,Cheese,23.880000,"Poore and Nemecek (2018), via Our World in Data",https://ourworldindata.org/grapher/ghg-per-kg-poore,OWID ghg-per-kg-poore (2010 values),2018-06-01,2018-06-01,,GLOBAL,1,2026-10-03 00:00:00,2026-10-03 00:00:00
655,Extra matured Gouda - Cheese,1,2483,Cheese,23.880000,"Poore and Nemecek (2018), via Our World in Data",https://ourworldindata.org/grapher/ghg-per-kg-poore,OWID ghg-per-kg-poore (2010 values),2018-06-01,2018-06-01,,GLOBAL,1,2026-10-03 00:00:00,2026-10-03 00:00:00
656,Extra old Goudas - Cheese,1,2484,Cheese,23.880000,"Poore and Nemecek (2018), via Our World in Data",https://ourworldindata.org/grapher/ghg-per-kg-poore,OWID ghg-per-kg-poore (2010 values),2018-06-01,2018-06-01,,GLOBAL,1,2026-10-03 00:00:00,2026-10-03 00:00:00
657,Fat free plain fresh cream cheese - Cheese,1,2525,Cheese,23.880000,"Poore and Nemecek (2018), via Our World in Data",https://ourworldindata.org/grapher/ghg-per-kg-poore,OWID ghg-per-kg-poore (2010 values),2018-06-01,2018-06-01,,GLOBAL,1,2026-10-03 00:00:00,2026-10-03 00:00:00
658,Fennel bulbs - Other Vegetables,4,2532,Other Vegetables,0.530000,"Poore and Nemecek (2018), via Our World in Data",https://ourworldindata.org/grapher/ghg-per-kg-poore,OWID ghg-per-kg-poore (2010 values),2018-06-01,2018-06-01,,GLOBAL,1,2026-10-03 00:00:00,2026-10-03 00:00:00
659,Fermented milk products - Milk,1,2546,Milk,3.150000,"Poore and Nemecek (2018), via Our World in Data",https://ourworldindata.org/grapher/ghg-per-kg-poore,OWID ghg-per-kg-poore (2010 values),2018-06-01,2018-06-01,,GLOBAL,1,2026-10-03 00:00:00,2026-10-03 00:00:00
660,Feta - Cheese,1,2553,Cheese,23.880000,"Poore and Nemecek (2018), via Our World in Data",https://ourworldindata.org/grapher/ghg-per-kg-poore,OWID ghg-per-kg-poore (2010 values),2018-06-01,2018-06-01,,GLOBAL,1,2026-10-03 00:00:00,2026-10-03 00:00:00
661,Feta blocs - Cheese,1,2554,Cheese,23.880000,"Poore and Nemecek (2018), via Our World in Data",https://ourworldindata.org/grapher/ghg-per-kg-poore,OWID ghg-per-kg-poore (2010 values),2018-06-01,2018-06-01,,GLOBAL,1,2026-10-03 00:00:00,2026-10-03 00:00:00
662,Feta cubes - Cheese,1,2555,Cheese,23.880000,"Poore and Nemecek (2018), via Our World in Data",https://ourworldindata.org/grapher/ghg-per-kg-poore,OWID ghg-per-kg-poore (2010 values),2018-06-01,2018-06-01,,GLOBAL,1,2026-10-03 00:00:00,2026-10-03 00:00:00
663,Feta-type cheese - Cheese,1,2556,Cheese,23.880000,"Poore and Nemecek (2018), via Our World in Data",https://ourworldindata.org/grapher/ghg-per-kg-poore,OWID ghg-per-kg-poore (2010 values),2018-06-01,2018-06-01,,GLOBAL,1,2026-10-03 00:00:00,2026-10-03 00:00:00
664,Feta-type cheese from cow's milk - Cheese,1,2557,Cheese,23.880000,"Poore and Nemecek (2018), via Our World in Data",https://ourworldindata.org/grapher/ghg-per-kg-poore,OWID ghg-per-kg-poore (2010 values),2018-06-01,2018-06-01,,GLOBAL,1,2026-10-03 00:00:00,2026-10-03 00:00:00
665,Feta-type cheese from cow's milk in oil and spices - Cheese,1,2558,Cheese,23.880000,"Poore and Nemecek (2018), via Our World in Data",https://ourworldindata.org/grapher/ghg-per-kg-poore,OWID ghg-per-kg-poore (2010 values),2018-06-01,2018-06-01,,GLOBAL,1,2026-10-03 00:00:00,2026-10-03 00:00:00
666,Figs - Other Fruit,5,2562,Other Fruit,1.050000,"Poore and Nemecek (2018), via Our World in Data",https://ourworldindata.org/grapher/ghg-per-kg-poore,OWID ghg-per-kg-poore (2010 values),2018-06-01,2018-06-01,,GLOBAL,1,2026-10-03 00:00:00,2026-10-03 00:00:00
667,Firm cheese around 27% fat Maasdam-type cheese - Cheese,1,2605,Cheese,23.880000,"Poore and Nemecek (2018), via Our World in Data",https://ourworldindata.org/grapher/ghg-per-kg-poore,OWID ghg-per-kg-poore (2010 values),2018-06-01,2018-06-01,,GLOBAL,1,2026-10-03 00:00:00,2026-10-03 00:00:00
668,Five Counties cheese - Cheese,1,2635,Cheese,23.880000,"Poore and Nemecek (2018), via Our World in Data",https://ourworldindata.org/grapher/ghg-per-kg-poore,OWID ghg-per-kg-poore (2010 values),2018-06-01,2018-06-01,,GLOBAL,1,2026-10-03 00:00:00,2026-10-03 00:00:00
669,Flat beans - Other Vegetables,4,2645,Other Vegetables,0.530000,"Poore and Nemecek (2018), via Our World in Data",https://ourworldindata.org/grapher/ghg-per-kg-poore,OWID ghg-per-kg-poore (2010 values),2018-06-01,2018-06-01,,GLOBAL,1,2026-10-03 00:00:00,2026-10-03 00:00:00
670,Flat peaches - Other Fruit,5,2646,Other Fruit,1.050000,"Poore and Nemecek (2018), via Our World in Data",https://ourworldindata.org/grapher/ghg-per-kg-poore,OWID ghg-per-kg-poore (2010 values),2018-06-01,2018-06-01,,GLOBAL,1,2026-10-03 00:00:00,2026-10-03 00:00:00
671,Flavoured uncured soft cheese spreadable with around 30-40% fat - Cheese,1,2686,Cheese,23.880000,"Poore and Nemecek (2018), via Our World in Data",https://ourworldindata.org/grapher/ghg-per-kg-poore,OWID ghg-per-kg-poore (2010 values),2018-06-01,2018-06-01,,GLOBAL,1,2026-10-03 00:00:00,2026-10-03 00:00:00
672,Flavoured wines - Wine,7,2689,Wine,1.790000,"Poore and Nemecek (2018), via Our World in Data",https://ourworldindata.org/grapher/ghg-per-kg-poore,OWID ghg-per-kg-poore (2010 values),2018-06-01,2018-06-01,,GLOBAL,1,2026-10-03 00:00:00,2026-10-03 00:00:00
673,Fortified wines - Wine,7,2711,Wine,1.790000,"Poore and Nemecek (2018), via Our World in Data",https://ourworldindata.org/grapher/ghg-per-kg-poore,OWID ghg-per-kg-poore (2010 values),2018-06-01,2018-06-01,,GLOBAL,1,2026-10-03 00:00:00,2026-10-03 00:00:00
674,Fortified wines such as natural sweet wines - Wine,7,2712,Wine,1.790000,"Poore and Nemecek (2018), via Our World in Data",https://ourworldindata.org/grapher/ghg-per-kg-poore,OWID ghg-per-kg-poore (2010 values),2018-06-01,2018-06-01,,GLOBAL,1,2026-10-03 00:00:00,2026-10-03 00:00:00
675,Fourme d'Ambert cheese from cow's milk - Cheese,1,2714,Cheese,23.880000,"Poore and Nemecek (2018), via Our World in Data",https://ourworldindata.org/grapher/ghg-per-kg-poore,OWID ghg-per-kg-poore (2010 values),2018-06-01,2018-06-01,,GLOBAL,1,2026-10-03 00:00:00,2026-10-03 00:00:00
676,Fourme de Montbrison cheese - Cheese,1,2715,Cheese,23.880000,"Poore and Nemecek (2018), via Our World in Data",https://ourworldindata.org/grapher/ghg-per-kg-poore,OWID ghg-per-kg-poore (2010 values),2018-06-01,2018-06-01,,GLOBAL,1,2026-10-03 00:00:00,2026-10-03 00:00:00
677,Frecinette Bananas - Bananas,5,2723,Bananas,0.860000,"Poore and Nemecek (2018), via Our World in Data",https://ourworldindata.org/grapher/ghg-per-kg-poore,OWID ghg-per-kg-poore (2010 values),2018-06-01,2018-06-01,,GLOBAL,1,2026-10-03 00:00:00,2026-10-03 00:00:00
678,Free-range chicken eggs - Eggs,18,2724,Eggs,4.670000,"Poore and Nemecek (2018), via Our World in Data",https://ourworldindata.org/grapher/ghg-per-kg-poore,OWID ghg-per-kg-poore (2010 values),2018-06-01,2018-06-01,,GLOBAL,1,2026-10-03 00:00:00,2026-10-03 00:00:00
679,French blue-veined cheeses - Cheese,1,2727,Cheese,23.880000,"Poore and Nemecek (2018), via Our World in Data",https://ourworldindata.org/grapher/ghg-per-kg-poore,OWID ghg-per-kg-poore (2010 values),2018-06-01,2018-06-01,,GLOBAL,1,2026-10-03 00:00:00,2026-10-03 00:00:00
680,French cheeses - Cheese,1,2731,Cheese,23.880000,"Poore and Nemecek (2018), via Our World in Data",https://ourworldindata.org/grapher/ghg-per-kg-poore,OWID ghg-per-kg-poore (2010 values),2018-06-01,2018-06-01,,GLOBAL,1,2026-10-03 00:00:00,2026-10-03 00:00:00
681,French emmentaler - Cheese,1,2736,Cheese,23.880000,"Poore and Nemecek (2018), via Our World in Data",https://ourworldindata.org/grapher/ghg-per-kg-poore,OWID ghg-per-kg-poore (2010 values),2018-06-01,2018-06-01,,GLOBAL,1,2026-10-03 00:00:00,2026-10-03 00:00:00
682,French fruits - Other Fruit,5,2738,Other Fruit,1.050000,"Poore and Nemecek (2018), via Our World in Data",https://ourworldindata.org/grapher/ghg-per-kg-poore,OWID ghg-per-kg-poore (2010 values),2018-06-01,2018-06-01,,GLOBAL,1,2026-10-03 00:00:00,2026-10-03 00:00:00
683,French pork - Pig Meat,2,2744,Pig Meat,12.310000,"Poore and Nemecek (2018), via Our World in Data",https://ourworldindata.org/grapher/ghg-per-kg-poore,OWID ghg-per-kg-poore (2010 values),2018-06-01,2018-06-01,,GLOBAL,1,2026-10-03 00:00:00,2026-10-03 00:00:00
684,French sparkling wines - Wine,7,2749,Wine,1.790000,"Poore and Nemecek (2018), via Our World in Data",https://ourworldindata.org/grapher/ghg-per-kg-poore,OWID ghg-per-kg-poore (2010 values),2018-06-01,2018-06-01,,GLOBAL,1,2026-10-03 00:00:00,2026-10-03 00:00:00
685,French vegetables - Other Vegetables,4,2753,Other Vegetables,0.530000,"Poore and Nemecek (2018), via Our World in Data",https://ourworldindata.org/grapher/ghg-per-kg-poore,OWID ghg-per-kg-poore (2010 values),2018-06-01,2018-06-01,,GLOBAL,1,2026-10-03 00:00:00,2026-10-03 00:00:00
686,Fresh apples - Other Fruit,5,2755,Other Fruit,1.050000,"Poore and Nemecek (2018), via Our World in Data",https://ourworldindata.org/grapher/ghg-per-kg-poore,OWID ghg-per-kg-poore (2010 values),2018-06-01,2018-06-01,,GLOBAL,1,2026-10-03 00:00:00,2026-10-03 00:00:00
687,Fresh apricots - Other Fruit,5,2756,Other Fruit,1.050000,"Poore and Nemecek (2018), via Our World in Data",https://ourworldindata.org/grapher/ghg-per-kg-poore,OWID ghg-per-kg-poore (2010 values),2018-06-01,2018-06-01,,GLOBAL,1,2026-10-03 00:00:00,2026-10-03 00:00:00
688,Fresh artichokes - Other Vegetables,4,2758,Other Vegetables,0.530000,"Poore and Nemecek (2018), via Our World in Data",https://ourworldindata.org/grapher/ghg-per-kg-poore,OWID ghg-per-kg-poore (2010 values),2018-06-01,2018-06-01,,GLOBAL,1,2026-10-03 00:00:00,2026-10-03 00:00:00
689,Fresh Asian pears - Other Fruit,5,2759,Other Fruit,1.050000,"Poore and Nemecek (2018), via Our World in Data",https://ourworldindata.org/grapher/ghg-per-kg-poore,OWID ghg-per-kg-poore (2010 values),2018-06-01,2018-06-01,,GLOBAL,1,2026-10-03 00:00:00,2026-10-03 00:00:00
690,Fresh Asparagus - Other Vegetables,4,2760,Other Vegetables,0.530000,"Poore and Nemecek (2018), via Our World in Data",https://ourworldindata.org/grapher/ghg-per-kg-poore,OWID ghg-per-kg-poore (2010 values),2018-06-01,2018-06-01,,GLOBAL,1,2026-10-03 00:00:00,2026-10-03 00:00:00
691,Fresh aubergines - Other Vegetables,4,2761,Other Vegetables,0.530000,"Poore and Nemecek (2018), via Our World in Data",https://ourworldindata.org/grapher/ghg-per-kg-poore,OWID ghg-per-kg-poore (2010 values),2018-06-01,2018-06-01,,GLOBAL,1,2026-10-03 00:00:00,2026-10-03 00:00:00
692,Fresh bananas - Bananas,5,2762,Bananas,0.860000,"Poore and Nemecek (2018), via Our World in Data",https://ourworldindata.org/grapher/ghg-per-kg-poore,OWID ghg-per-kg-poore (2010 values),2018-06-01,2018-06-01,,GLOBAL,1,2026-10-03 00:00:00,2026-10-03 00:00:00
693,Fresh Bananas from the Canary Islands - Bananas,5,2763,Bananas,0.860000,"Poore and Nemecek (2018), via Our World in Data",https://ourworldindata.org/grapher/ghg-per-kg-poore,OWID ghg-per-kg-poore (2010 values),2018-06-01,2018-06-01,,GLOBAL,1,2026-10-03 00:00:00,2026-10-03 00:00:00
694,Fresh beef preparations - Beef (beef herd),2,2766,Beef (beef herd),99.480000,"Poore and Nemecek (2018), via Our World in Data",https://ourworldindata.org/grapher/ghg-per-kg-poore,OWID ghg-per-kg-poore (2010 values),2018-06-01,2018-06-01,,GLOBAL,1,2026-10-03 00:00:00,2026-10-03 00:00:00
695,Fresh beetroot - Root Vegetables,4,2767,Root Vegetables,0.430000,"Poore and Nemecek (2018), via Our World in Data",https://ourworldindata.org/grapher/ghg-per-kg-poore,OWID ghg-per-kg-poore (2010 values),2018-06-01,2018-06-01,,GLOBAL,1,2026-10-03 00:00:00,2026-10-03 00:00:00
696,Fresh Belgian endives - Other Vegetables,4,2768,Other Vegetables,0.530000,"Poore and Nemecek (2018), via Our World in Data",https://ourworldindata.org/grapher/ghg-per-kg-poore,OWID ghg-per-kg-poore (2010 values),2018-06-01,2018-06-01,,GLOBAL,1,2026-10-03 00:00:00,2026-10-03 00:00:00
697,Fresh black radishes - Root Vegetables,4,2769,Root Vegetables,0.430000,"Poore and Nemecek (2018), via Our World in Data",https://ourworldindata.org/grapher/ghg-per-kg-poore,OWID ghg-per-kg-poore (2010 values),2018-06-01,2018-06-01,,GLOBAL,1,2026-10-03 00:00:00,2026-10-03 00:00:00
698,Fresh Black Splendor plums - Other Fruit,5,2770,Other Fruit,1.050000,"Poore and Nemecek (2018), via Our World in Data",https://ourworldindata.org/grapher/ghg-per-kg-poore,OWID ghg-per-kg-poore (2010 values),2018-06-01,2018-06-01,,GLOBAL,1,2026-10-03 00:00:00,2026-10-03 00:00:00
699,Fresh blackberries - Berries & Grapes,5,2771,Berries & Grapes,1.530000,"Poore and Nemecek (2018), via Our World in Data",https://ourworldindata.org/grapher/ghg-per-kg-poore,OWID ghg-per-kg-poore (2010 values),2018-06-01,2018-06-01,,GLOBAL,1,2026-10-03 00:00:00,2026-10-03 00:00:00
700,Fresh blackcurrants - Other Fruit,5,2772,Other Fruit,1.050000,"Poore and Nemecek (2018), via Our World in Data",https://ourworldindata.org/grapher/ghg-per-kg-poore,OWID ghg-per-kg-poore (2010 values),2018-06-01,2018-06-01,,GLOBAL,1,2026-10-03 00:00:00,2026-10-03 00:00:00
701,Fresh blueberries - Berries & Grapes,5,2773,Berries & Grapes,1.530000,"Poore and Nemecek (2018), via Our World in Data",https://ourworldindata.org/grapher/ghg-per-kg-poore,OWID ghg-per-kg-poore (2010 values),2018-06-01,2018-06-01,,GLOBAL,1,2026-10-03 00:00:00,2026-10-03 00:00:00
702,Fresh broad beans - Other Vegetables,4,2775,Other Vegetables,0.530000,"Poore and Nemecek (2018), via Our World in Data",https://ourworldindata.org/grapher/ghg-per-kg-poore,OWID ghg-per-kg-poore (2010 values),2018-06-01,2018-06-01,,GLOBAL,1,2026-10-03 00:00:00,2026-10-03 00:00:00
703,Fresh broad beans to shell - Other Vegetables,4,2776,Other Vegetables,0.530000,"Poore and Nemecek (2018), via Our World in Data",https://ourworldindata.org/grapher/ghg-per-kg-poore,OWID ghg-per-kg-poore (2010 values),2018-06-01,2018-06-01,,GLOBAL,1,2026-10-03 00:00:00,2026-10-03 00:00:00
704,Fresh broad green beans - Other Vegetables,4,2777,Other Vegetables,0.530000,"Poore and Nemecek (2018), via Our World in Data",https://ourworldindata.org/grapher/ghg-per-kg-poore,OWID ghg-per-kg-poore (2010 values),2018-06-01,2018-06-01,,GLOBAL,1,2026-10-03 00:00:00,2026-10-03 00:00:00
705,Fresh broccoli - Brassicas,4,2778,Brassicas,0.510000,"Poore and Nemecek (2018), via Our World in Data",https://ourworldindata.org/grapher/ghg-per-kg-poore,OWID ghg-per-kg-poore (2010 values),2018-06-01,2018-06-01,,GLOBAL,1,2026-10-03 00:00:00,2026-10-03 00:00:00
706,Fresh Brussels sprouts - Other Vegetables,4,2779,Other Vegetables,0.530000,"Poore and Nemecek (2018), via Our World in Data",https://ourworldindata.org/grapher/ghg-per-kg-poore,OWID ghg-per-kg-poore (2010 values),2018-06-01,2018-06-01,,GLOBAL,1,2026-10-03 00:00:00,2026-10-03 00:00:00
707,Fresh cabbages - Brassicas,4,2780,Brassicas,0.510000,"Poore and Nemecek (2018), via Our World in Data",https://ourworldindata.org/grapher/ghg-per-kg-poore,OWID ghg-per-kg-poore (2010 values),2018-06-01,2018-06-01,,GLOBAL,1,2026-10-03 00:00:00,2026-10-03 00:00:00
708,Fresh carrots - Root Vegetables,4,2782,Root Vegetables,0.430000,"Poore and Nemecek (2018), via Our World in Data",https://ourworldindata.org/grapher/ghg-per-kg-poore,OWID ghg-per-kg-poore (2010 values),2018-06-01,2018-06-01,,GLOBAL,1,2026-10-03 00:00:00,2026-10-03 00:00:00
709,Fresh cauliflowers - Brassicas,4,2783,Brassicas,0.510000,"Poore and Nemecek (2018), via Our World in Data",https://ourworldindata.org/grapher/ghg-per-kg-poore,OWID ghg-per-kg-poore (2010 values),2018-06-01,2018-06-01,,GLOBAL,1,2026-10-03 00:00:00,2026-10-03 00:00:00
710,Fresh Cavendish Bananas - Bananas,5,2784,Bananas,0.860000,"Poore and Nemecek (2018), via Our World in Data",https://ourworldindata.org/grapher/ghg-per-kg-poore,OWID ghg-per-kg-poore (2010 values),2018-06-01,2018-06-01,,GLOBAL,1,2026-10-03 00:00:00,2026-10-03 00:00:00
711,Fresh chards - Other Vegetables,4,2785,Other Vegetables,0.530000,"Poore and Nemecek (2018), via Our World in Data",https://ourworldindata.org/grapher/ghg-per-kg-poore,OWID ghg-per-kg-poore (2010 values),2018-06-01,2018-06-01,,GLOBAL,1,2026-10-03 00:00:00,2026-10-03 00:00:00
712,Fresh cheeses - Cheese,1,2786,Cheese,23.880000,"Poore and Nemecek (2018), via Our World in Data",https://ourworldindata.org/grapher/ghg-per-kg-poore,OWID ghg-per-kg-poore (2010 values),2018-06-01,2018-06-01,,GLOBAL,1,2026-10-03 00:00:00,2026-10-03 00:00:00
713,Fresh cherries - Other Fruit,5,2787,Other Fruit,1.050000,"Poore and Nemecek (2018), via Our World in Data",https://ourworldindata.org/grapher/ghg-per-kg-poore,OWID ghg-per-kg-poore (2010 values),2018-06-01,2018-06-01,,GLOBAL,1,2026-10-03 00:00:00,2026-10-03 00:00:00
714,Fresh cherry plum tomatoes - Tomatoes,4,2788,Tomatoes,2.090000,"Poore and Nemecek (2018), via Our World in Data",https://ourworldindata.org/grapher/ghg-per-kg-poore,OWID ghg-per-kg-poore (2010 values),2018-06-01,2018-06-01,,GLOBAL,1,2026-10-03 00:00:00,2026-10-03 00:00:00
715,Fresh chickpea pasta - Other Pulses,14,2790,Other Pulses,1.790000,"Poore and Nemecek (2018), via Our World in Data",https://ourworldindata.org/grapher/ghg-per-kg-poore,OWID ghg-per-kg-poore (2010 values),2018-06-01,2018-06-01,,GLOBAL,1,2026-10-03 00:00:00,2026-10-03 00:00:00
716,Fresh clementines - Citrus Fruit,5,2792,Citrus Fruit,0.390000,"Poore and Nemecek (2018), via Our World in Data",https://ourworldindata.org/grapher/ghg-per-kg-poore,OWID ghg-per-kg-poore (2010 values),2018-06-01,2018-06-01,,GLOBAL,1,2026-10-03 00:00:00,2026-10-03 00:00:00
717,Fresh Conference pears - Other Fruit,5,2793,Other Fruit,1.050000,"Poore and Nemecek (2018), via Our World in Data",https://ourworldindata.org/grapher/ghg-per-kg-poore,OWID ghg-per-kg-poore (2010 values),2018-06-01,2018-06-01,,GLOBAL,1,2026-10-03 00:00:00,2026-10-03 00:00:00
718,Fresh cranberries - Berries & Grapes,5,2797,Berries & Grapes,1.530000,"Poore and Nemecek (2018), via Our World in Data",https://ourworldindata.org/grapher/ghg-per-kg-poore,OWID ghg-per-kg-poore (2010 values),2018-06-01,2018-06-01,,GLOBAL,1,2026-10-03 00:00:00,2026-10-03 00:00:00
719,Fresh cream cheese cake - Cheese,1,2798,Cheese,23.880000,"Poore and Nemecek (2018), via Our World in Data",https://ourworldindata.org/grapher/ghg-per-kg-poore,OWID ghg-per-kg-poore (2010 values),2018-06-01,2018-06-01,,GLOBAL,1,2026-10-03 00:00:00,2026-10-03 00:00:00
720,Fresh cream cheese with cow's milk - Cheese,1,2799,Cheese,23.880000,"Poore and Nemecek (2018), via Our World in Data",https://ourworldindata.org/grapher/ghg-per-kg-poore,OWID ghg-per-kg-poore (2010 values),2018-06-01,2018-06-01,,GLOBAL,1,2026-10-03 00:00:00,2026-10-03 00:00:00
721,Fresh cucumbers - Other Vegetables,4,2800,Other Vegetables,0.530000,"Poore and Nemecek (2018), via Our World in Data",https://ourworldindata.org/grapher/ghg-per-kg-poore,OWID ghg-per-kg-poore (2010 values),2018-06-01,2018-06-01,,GLOBAL,1,2026-10-03 00:00:00,2026-10-03 00:00:00
722,Fresh eggs - Eggs,18,2803,Eggs,4.670000,"Poore and Nemecek (2018), via Our World in Data",https://ourworldindata.org/grapher/ghg-per-kg-poore,OWID ghg-per-kg-poore (2010 values),2018-06-01,2018-06-01,,GLOBAL,1,2026-10-03 00:00:00,2026-10-03 00:00:00
723,Fresh Eureka lemons - Citrus Fruit,5,2804,Citrus Fruit,0.390000,"Poore and Nemecek (2018), via Our World in Data",https://ourworldindata.org/grapher/ghg-per-kg-poore,OWID ghg-per-kg-poore (2010 values),2018-06-01,2018-06-01,,GLOBAL,1,2026-10-03 00:00:00,2026-10-03 00:00:00
724,Fresh fennel bulbs - Other Vegetables,4,2805,Other Vegetables,0.530000,"Poore and Nemecek (2018), via Our World in Data",https://ourworldindata.org/grapher/ghg-per-kg-poore,OWID ghg-per-kg-poore (2010 values),2018-06-01,2018-06-01,,GLOBAL,1,2026-10-03 00:00:00,2026-10-03 00:00:00
725,Fresh figs - Other Fruit,5,2807,Other Fruit,1.050000,"Poore and Nemecek (2018), via Our World in Data",https://ourworldindata.org/grapher/ghg-per-kg-poore,OWID ghg-per-kg-poore (2010 values),2018-06-01,2018-06-01,,GLOBAL,1,2026-10-03 00:00:00,2026-10-03 00:00:00
726,Fresh flat green beans - Other Vegetables,4,2808,Other Vegetables,0.530000,"Poore and Nemecek (2018), via Our World in Data",https://ourworldindata.org/grapher/ghg-per-kg-poore,OWID ghg-per-kg-poore (2010 values),2018-06-01,2018-06-01,,GLOBAL,1,2026-10-03 00:00:00,2026-10-03 00:00:00
727,Fresh Frecinette Bananas - Bananas,5,2809,Bananas,0.860000,"Poore and Nemecek (2018), via Our World in Data",https://ourworldindata.org/grapher/ghg-per-kg-poore,OWID ghg-per-kg-poore (2010 values),2018-06-01,2018-06-01,,GLOBAL,1,2026-10-03 00:00:00,2026-10-03 00:00:00
728,Fresh fruits - Other Fruit,5,2810,Other Fruit,1.050000,"Poore and Nemecek (2018), via Our World in Data",https://ourworldindata.org/grapher/ghg-per-kg-poore,OWID ghg-per-kg-poore (2010 values),2018-06-01,2018-06-01,,GLOBAL,1,2026-10-03 00:00:00,2026-10-03 00:00:00
729,Fresh Garofa nectarines - Other Fruit,5,2812,Other Fruit,1.050000,"Poore and Nemecek (2018), via Our World in Data",https://ourworldindata.org/grapher/ghg-per-kg-poore,OWID ghg-per-kg-poore (2010 values),2018-06-01,2018-06-01,,GLOBAL,1,2026-10-03 00:00:00,2026-10-03 00:00:00
730,Fresh Giga apples - Other Fruit,5,2813,Other Fruit,1.050000,"Poore and Nemecek (2018), via Our World in Data",https://ourworldindata.org/grapher/ghg-per-kg-poore,OWID ghg-per-kg-poore (2010 values),2018-06-01,2018-06-01,,GLOBAL,1,2026-10-03 00:00:00,2026-10-03 00:00:00
731,Fresh goat cheese - Cheese,1,2815,Cheese,23.880000,"Poore and Nemecek (2018), via Our World in Data",https://ourworldindata.org/grapher/ghg-per-kg-poore,OWID ghg-per-kg-poore (2010 values),2018-06-01,2018-06-01,,GLOBAL,1,2026-10-03 00:00:00,2026-10-03 00:00:00
732,Fresh grape mixes - Berries & Grapes,5,2816,Berries & Grapes,1.530000,"Poore and Nemecek (2018), via Our World in Data",https://ourworldindata.org/grapher/ghg-per-kg-poore,OWID ghg-per-kg-poore (2010 values),2018-06-01,2018-06-01,,GLOBAL,1,2026-10-03 00:00:00,2026-10-03 00:00:00
733,Fresh grapefruits - Berries & Grapes,5,2818,Berries & Grapes,1.530000,"Poore and Nemecek (2018), via Our World in Data",https://ourworldindata.org/grapher/ghg-per-kg-poore,OWID ghg-per-kg-poore (2010 values),2018-06-01,2018-06-01,,GLOBAL,1,2026-10-03 00:00:00,2026-10-03 00:00:00
734,Fresh grapes - Berries & Grapes,5,2819,Berries & Grapes,1.530000,"Poore and Nemecek (2018), via Our World in Data",https://ourworldindata.org/grapher/ghg-per-kg-poore,OWID ghg-per-kg-poore (2010 values),2018-06-01,2018-06-01,,GLOBAL,1,2026-10-03 00:00:00,2026-10-03 00:00:00
735,Fresh green beans - Other Vegetables,4,2820,Other Vegetables,0.530000,"Poore and Nemecek (2018), via Our World in Data",https://ourworldindata.org/grapher/ghg-per-kg-poore,OWID ghg-per-kg-poore (2010 values),2018-06-01,2018-06-01,,GLOBAL,1,2026-10-03 00:00:00,2026-10-03 00:00:00
736,Fresh green grapes - Berries & Grapes,5,2821,Berries & Grapes,1.530000,"Poore and Nemecek (2018), via Our World in Data",https://ourworldindata.org/grapher/ghg-per-kg-poore,OWID ghg-per-kg-poore (2010 values),2018-06-01,2018-06-01,,GLOBAL,1,2026-10-03 00:00:00,2026-10-03 00:00:00
737,Fresh green peas - Peas,4,2822,Peas,0.980000,"Poore and Nemecek (2018), via Our World in Data",https://ourworldindata.org/grapher/ghg-per-kg-poore,OWID ghg-per-kg-poore (2010 values),2018-06-01,2018-06-01,,GLOBAL,1,2026-10-03 00:00:00,2026-10-03 00:00:00
738,Fresh green pigeon peas - Peas,14,2824,Peas,0.980000,"Poore and Nemecek (2018), via Our World in Data",https://ourworldindata.org/grapher/ghg-per-kg-poore,OWID ghg-per-kg-poore (2010 values),2018-06-01,2018-06-01,,GLOBAL,1,2026-10-03 00:00:00,2026-10-03 00:00:00
739,Fresh Greengage plums - Other Fruit,5,2825,Other Fruit,1.050000,"Poore and Nemecek (2018), via Our World in Data",https://ourworldindata.org/grapher/ghg-per-kg-poore,OWID ghg-per-kg-poore (2010 values),2018-06-01,2018-06-01,,GLOBAL,1,2026-10-03 00:00:00,2026-10-03 00:00:00
740,Fresh ground beef preparations - Beef (beef herd),2,2826,Beef (beef herd),99.480000,"Poore and Nemecek (2018), via Our World in Data",https://ourworldindata.org/grapher/ghg-per-kg-poore,OWID ghg-per-kg-poore (2010 values),2018-06-01,2018-06-01,,GLOBAL,1,2026-10-03 00:00:00,2026-10-03 00:00:00
741,Fresh ground beef steaks - Beef (beef herd),2,2827,Beef (beef herd),99.480000,"Poore and Nemecek (2018), via Our World in Data",https://ourworldindata.org/grapher/ghg-per-kg-poore,OWID ghg-per-kg-poore (2010 values),2018-06-01,2018-06-01,,GLOBAL,1,2026-10-03 00:00:00,2026-10-03 00:00:00
742,Fresh Hayward kiwifruits - Other Fruit,5,2830,Other Fruit,1.050000,"Poore and Nemecek (2018), via Our World in Data",https://ourworldindata.org/grapher/ghg-per-kg-poore,OWID ghg-per-kg-poore (2010 values),2018-06-01,2018-06-01,,GLOBAL,1,2026-10-03 00:00:00,2026-10-03 00:00:00
743,Fresh immature coconut kernel - Other Fruit,5,2832,Other Fruit,1.050000,"Poore and Nemecek (2018), via Our World in Data",https://ourworldindata.org/grapher/ghg-per-kg-poore,OWID ghg-per-kg-poore (2010 values),2018-06-01,2018-06-01,,GLOBAL,1,2026-10-03 00:00:00,2026-10-03 00:00:00
744,Fresh Jerusalem artichoke - Other Vegetables,4,2833,Other Vegetables,0.530000,"Poore and Nemecek (2018), via Our World in Data",https://ourworldindata.org/grapher/ghg-per-kg-poore,OWID ghg-per-kg-poore (2010 values),2018-06-01,2018-06-01,,GLOBAL,1,2026-10-03 00:00:00,2026-10-03 00:00:00
745,Fresh Jonagold apples - Other Fruit,5,2834,Other Fruit,1.050000,"Poore and Nemecek (2018), via Our World in Data",https://ourworldindata.org/grapher/ghg-per-kg-poore,OWID ghg-per-kg-poore (2010 values),2018-06-01,2018-06-01,,GLOBAL,1,2026-10-03 00:00:00,2026-10-03 00:00:00
746,Fresh kiwifruits - Other Fruit,5,2835,Other Fruit,1.050000,"Poore and Nemecek (2018), via Our World in Data",https://ourworldindata.org/grapher/ghg-per-kg-poore,OWID ghg-per-kg-poore (2010 values),2018-06-01,2018-06-01,,GLOBAL,1,2026-10-03 00:00:00,2026-10-03 00:00:00
747,Fresh leeks - Onions & Leeks,4,2836,Onions & Leeks,0.500000,"Poore and Nemecek (2018), via Our World in Data",https://ourworldindata.org/grapher/ghg-per-kg-poore,OWID ghg-per-kg-poore (2010 values),2018-06-01,2018-06-01,,GLOBAL,1,2026-10-03 00:00:00,2026-10-03 00:00:00
748,Fresh lemons - Citrus Fruit,5,2839,Citrus Fruit,0.390000,"Poore and Nemecek (2018), via Our World in Data",https://ourworldindata.org/grapher/ghg-per-kg-poore,OWID ghg-per-kg-poore (2010 values),2018-06-01,2018-06-01,,GLOBAL,1,2026-10-03 00:00:00,2026-10-03 00:00:00
749,Fresh lentil pasta - Other Pulses,14,2840,Other Pulses,1.790000,"Poore and Nemecek (2018), via Our World in Data",https://ourworldindata.org/grapher/ghg-per-kg-poore,OWID ghg-per-kg-poore (2010 values),2018-06-01,2018-06-01,,GLOBAL,1,2026-10-03 00:00:00,2026-10-03 00:00:00
750,Fresh lentil sprouts - Other Pulses,14,2841,Other Pulses,1.790000,"Poore and Nemecek (2018), via Our World in Data",https://ourworldindata.org/grapher/ghg-per-kg-poore,OWID ghg-per-kg-poore (2010 values),2018-06-01,2018-06-01,,GLOBAL,1,2026-10-03 00:00:00,2026-10-03 00:00:00
751,Fresh mandarin oranges - Citrus Fruit,5,2842,Citrus Fruit,0.390000,"Poore and Nemecek (2018), via Our World in Data",https://ourworldindata.org/grapher/ghg-per-kg-poore,OWID ghg-per-kg-poore (2010 values),2018-06-01,2018-06-01,,GLOBAL,1,2026-10-03 00:00:00,2026-10-03 00:00:00
752,Fresh mangoes - Other Fruit,5,2843,Other Fruit,1.050000,"Poore and Nemecek (2018), via Our World in Data",https://ourworldindata.org/grapher/ghg-per-kg-poore,OWID ghg-per-kg-poore (2010 values),2018-06-01,2018-06-01,,GLOBAL,1,2026-10-03 00:00:00,2026-10-03 00:00:00
753,Fresh milks - Milk,1,2848,Milk,3.150000,"Poore and Nemecek (2018), via Our World in Data",https://ourworldindata.org/grapher/ghg-per-kg-poore,OWID ghg-per-kg-poore (2010 values),2018-06-01,2018-06-01,,GLOBAL,1,2026-10-03 00:00:00,2026-10-03 00:00:00
754,Fresh mixed vegetables - Other Vegetables,4,2850,Other Vegetables,0.530000,"Poore and Nemecek (2018), via Our World in Data",https://ourworldindata.org/grapher/ghg-per-kg-poore,OWID ghg-per-kg-poore (2010 values),2018-06-01,2018-06-01,,GLOBAL,1,2026-10-03 00:00:00,2026-10-03 00:00:00
755,Fresh mung bean sprouts - Other Pulses,14,2851,Other Pulses,1.790000,"Poore and Nemecek (2018), via Our World in Data",https://ourworldindata.org/grapher/ghg-per-kg-poore,OWID ghg-per-kg-poore (2010 values),2018-06-01,2018-06-01,,GLOBAL,1,2026-10-03 00:00:00,2026-10-03 00:00:00
756,Fresh muskmelons - Other Fruit,5,2852,Other Fruit,1.050000,"Poore and Nemecek (2018), via Our World in Data",https://ourworldindata.org/grapher/ghg-per-kg-poore,OWID ghg-per-kg-poore (2010 values),2018-06-01,2018-06-01,,GLOBAL,1,2026-10-03 00:00:00,2026-10-03 00:00:00
757,Fresh nectarines - Other Fruit,5,2853,Other Fruit,1.050000,"Poore and Nemecek (2018), via Our World in Data",https://ourworldindata.org/grapher/ghg-per-kg-poore,OWID ghg-per-kg-poore (2010 values),2018-06-01,2018-06-01,,GLOBAL,1,2026-10-03 00:00:00,2026-10-03 00:00:00
758,Fresh oranges - Citrus Fruit,5,2855,Citrus Fruit,0.390000,"Poore and Nemecek (2018), via Our World in Data",https://ourworldindata.org/grapher/ghg-per-kg-poore,OWID ghg-per-kg-poore (2010 values),2018-06-01,2018-06-01,,GLOBAL,1,2026-10-03 00:00:00,2026-10-03 00:00:00
759,Fresh papayas - Other Fruit,5,2857,Other Fruit,1.050000,"Poore and Nemecek (2018), via Our World in Data",https://ourworldindata.org/grapher/ghg-per-kg-poore,OWID ghg-per-kg-poore (2010 values),2018-06-01,2018-06-01,,GLOBAL,1,2026-10-03 00:00:00,2026-10-03 00:00:00
760,Fresh parsnip - Root Vegetables,4,2859,Root Vegetables,0.430000,"Poore and Nemecek (2018), via Our World in Data",https://ourworldindata.org/grapher/ghg-per-kg-poore,OWID ghg-per-kg-poore (2010 values),2018-06-01,2018-06-01,,GLOBAL,1,2026-10-03 00:00:00,2026-10-03 00:00:00
761,Fresh peaches - Other Fruit,5,2867,Other Fruit,1.050000,"Poore and Nemecek (2018), via Our World in Data",https://ourworldindata.org/grapher/ghg-per-kg-poore,OWID ghg-per-kg-poore (2010 values),2018-06-01,2018-06-01,,GLOBAL,1,2026-10-03 00:00:00,2026-10-03 00:00:00
762,Fresh pears - Other Fruit,5,2868,Other Fruit,1.050000,"Poore and Nemecek (2018), via Our World in Data",https://ourworldindata.org/grapher/ghg-per-kg-poore,OWID ghg-per-kg-poore (2010 values),2018-06-01,2018-06-01,,GLOBAL,1,2026-10-03 00:00:00,2026-10-03 00:00:00
763,Fresh pineapple - Other Fruit,5,2870,Other Fruit,1.050000,"Poore and Nemecek (2018), via Our World in Data",https://ourworldindata.org/grapher/ghg-per-kg-poore,OWID ghg-per-kg-poore (2010 values),2018-06-01,2018-06-01,,GLOBAL,1,2026-10-03 00:00:00,2026-10-03 00:00:00
764,Fresh plums - Other Fruit,5,2872,Other Fruit,1.050000,"Poore and Nemecek (2018), via Our World in Data",https://ourworldindata.org/grapher/ghg-per-kg-poore,OWID ghg-per-kg-poore (2010 values),2018-06-01,2018-06-01,,GLOBAL,1,2026-10-03 00:00:00,2026-10-03 00:00:00
765,Fresh pomegranates - Other Fruit,5,2874,Other Fruit,1.050000,"Poore and Nemecek (2018), via Our World in Data",https://ourworldindata.org/grapher/ghg-per-kg-poore,OWID ghg-per-kg-poore (2010 values),2018-06-01,2018-06-01,,GLOBAL,1,2026-10-03 00:00:00,2026-10-03 00:00:00
766,Fresh pomelos - Citrus Fruit,5,2875,Citrus Fruit,0.390000,"Poore and Nemecek (2018), via Our World in Data",https://ourworldindata.org/grapher/ghg-per-kg-poore,OWID ghg-per-kg-poore (2010 values),2018-06-01,2018-06-01,,GLOBAL,1,2026-10-03 00:00:00,2026-10-03 00:00:00
767,Fresh Prime Seedless grapes - Berries & Grapes,5,2876,Berries & Grapes,1.530000,"Poore and Nemecek (2018), via Our World in Data",https://ourworldindata.org/grapher/ghg-per-kg-poore,OWID ghg-per-kg-poore (2010 values),2018-06-01,2018-06-01,,GLOBAL,1,2026-10-03 00:00:00,2026-10-03 00:00:00
768,Fresh quinces - Other Fruit,5,2877,Other Fruit,1.050000,"Poore and Nemecek (2018), via Our World in Data",https://ourworldindata.org/grapher/ghg-per-kg-poore,OWID ghg-per-kg-poore (2010 values),2018-06-01,2018-06-01,,GLOBAL,1,2026-10-03 00:00:00,2026-10-03 00:00:00
769,Fresh radishes - Root Vegetables,4,2878,Root Vegetables,0.430000,"Poore and Nemecek (2018), via Our World in Data",https://ourworldindata.org/grapher/ghg-per-kg-poore,OWID ghg-per-kg-poore (2010 values),2018-06-01,2018-06-01,,GLOBAL,1,2026-10-03 00:00:00,2026-10-03 00:00:00
770,Fresh raspberries - Berries & Grapes,5,2879,Berries & Grapes,1.530000,"Poore and Nemecek (2018), via Our World in Data",https://ourworldindata.org/grapher/ghg-per-kg-poore,OWID ghg-per-kg-poore (2010 values),2018-06-01,2018-06-01,,GLOBAL,1,2026-10-03 00:00:00,2026-10-03 00:00:00
771,Fresh Red Bananas - Bananas,5,2881,Bananas,0.860000,"Poore and Nemecek (2018), via Our World in Data",https://ourworldindata.org/grapher/ghg-per-kg-poore,OWID ghg-per-kg-poore (2010 values),2018-06-01,2018-06-01,,GLOBAL,1,2026-10-03 00:00:00,2026-10-03 00:00:00
772,Fresh red cabbage - Brassicas,4,2882,Brassicas,0.510000,"Poore and Nemecek (2018), via Our World in Data",https://ourworldindata.org/grapher/ghg-per-kg-poore,OWID ghg-per-kg-poore (2010 values),2018-06-01,2018-06-01,,GLOBAL,1,2026-10-03 00:00:00,2026-10-03 00:00:00
773,Fresh red grapes - Berries & Grapes,5,2883,Berries & Grapes,1.530000,"Poore and Nemecek (2018), via Our World in Data",https://ourworldindata.org/grapher/ghg-per-kg-poore,OWID ghg-per-kg-poore (2010 values),2018-06-01,2018-06-01,,GLOBAL,1,2026-10-03 00:00:00,2026-10-03 00:00:00
774,Fresh red plums - Other Fruit,5,2885,Other Fruit,1.050000,"Poore and Nemecek (2018), via Our World in Data",https://ourworldindata.org/grapher/ghg-per-kg-poore,OWID ghg-per-kg-poore (2010 values),2018-06-01,2018-06-01,,GLOBAL,1,2026-10-03 00:00:00,2026-10-03 00:00:00
775,Fresh red radishes - Root Vegetables,4,2886,Root Vegetables,0.430000,"Poore and Nemecek (2018), via Our World in Data",https://ourworldindata.org/grapher/ghg-per-kg-poore,OWID ghg-per-kg-poore (2010 values),2018-06-01,2018-06-01,,GLOBAL,1,2026-10-03 00:00:00,2026-10-03 00:00:00
776,Fresh red seedless grapes - Berries & Grapes,5,2887,Berries & Grapes,1.530000,"Poore and Nemecek (2018), via Our World in Data",https://ourworldindata.org/grapher/ghg-per-kg-poore,OWID ghg-per-kg-poore (2010 values),2018-06-01,2018-06-01,,GLOBAL,1,2026-10-03 00:00:00,2026-10-03 00:00:00
777,Fresh redcurrants - Other Fruit,5,2888,Other Fruit,1.050000,"Poore and Nemecek (2018), via Our World in Data",https://ourworldindata.org/grapher/ghg-per-kg-poore,OWID ghg-per-kg-poore (2010 values),2018-06-01,2018-06-01,,GLOBAL,1,2026-10-03 00:00:00,2026-10-03 00:00:00
778,Fresh rhubarb - Other Vegetables,4,2889,Other Vegetables,0.530000,"Poore and Nemecek (2018), via Our World in Data",https://ourworldindata.org/grapher/ghg-per-kg-poore,OWID ghg-per-kg-poore (2010 values),2018-06-01,2018-06-01,,GLOBAL,1,2026-10-03 00:00:00,2026-10-03 00:00:00
779,Fresh ripe coconut kernel - Other Fruit,5,2890,Other Fruit,1.050000,"Poore and Nemecek (2018), via Our World in Data",https://ourworldindata.org/grapher/ghg-per-kg-poore,OWID ghg-per-kg-poore (2010 values),2018-06-01,2018-06-01,,GLOBAL,1,2026-10-03 00:00:00,2026-10-03 00:00:00
780,Fresh Royal Gala apples - Other Fruit,5,2892,Other Fruit,1.050000,"Poore and Nemecek (2018), via Our World in Data",https://ourworldindata.org/grapher/ghg-per-kg-poore,OWID ghg-per-kg-poore (2010 values),2018-06-01,2018-06-01,,GLOBAL,1,2026-10-03 00:00:00,2026-10-03 00:00:00
781,Fresh salsify - Other Vegetables,4,2894,Other Vegetables,0.530000,"Poore and Nemecek (2018), via Our World in Data",https://ourworldindata.org/grapher/ghg-per-kg-poore,OWID ghg-per-kg-poore (2010 values),2018-06-01,2018-06-01,,GLOBAL,1,2026-10-03 00:00:00,2026-10-03 00:00:00
782,Fresh seedless green grapes - Berries & Grapes,5,2896,Berries & Grapes,1.530000,"Poore and Nemecek (2018), via Our World in Data",https://ourworldindata.org/grapher/ghg-per-kg-poore,OWID ghg-per-kg-poore (2010 values),2018-06-01,2018-06-01,,GLOBAL,1,2026-10-03 00:00:00,2026-10-03 00:00:00
783,Fresh sorrel - Other Vegetables,4,2898,Other Vegetables,0.530000,"Poore and Nemecek (2018), via Our World in Data",https://ourworldindata.org/grapher/ghg-per-kg-poore,OWID ghg-per-kg-poore (2010 values),2018-06-01,2018-06-01,,GLOBAL,1,2026-10-03 00:00:00,2026-10-03 00:00:00
784,Fresh spinachs - Other Vegetables,4,2900,Other Vegetables,0.530000,"Poore and Nemecek (2018), via Our World in Data",https://ourworldindata.org/grapher/ghg-per-kg-poore,OWID ghg-per-kg-poore (2010 values),2018-06-01,2018-06-01,,GLOBAL,1,2026-10-03 00:00:00,2026-10-03 00:00:00
785,Fresh Starlight grapes - Berries & Grapes,5,2901,Berries & Grapes,1.530000,"Poore and Nemecek (2018), via Our World in Data",https://ourworldindata.org/grapher/ghg-per-kg-poore,OWID ghg-per-kg-poore (2010 values),2018-06-01,2018-06-01,,GLOBAL,1,2026-10-03 00:00:00,2026-10-03 00:00:00
786,Fresh strawberries - Berries & Grapes,5,2902,Berries & Grapes,1.530000,"Poore and Nemecek (2018), via Our World in Data",https://ourworldindata.org/grapher/ghg-per-kg-poore,OWID ghg-per-kg-poore (2010 values),2018-06-01,2018-06-01,,GLOBAL,1,2026-10-03 00:00:00,2026-10-03 00:00:00
787,Fresh sweet peppers - Other Vegetables,4,2905,Other Vegetables,0.530000,"Poore and Nemecek (2018), via Our World in Data",https://ourworldindata.org/grapher/ghg-per-kg-poore,OWID ghg-per-kg-poore (2010 values),2018-06-01,2018-06-01,,GLOBAL,1,2026-10-03 00:00:00,2026-10-03 00:00:00
788,Fresh sweet potatoes - Other Vegetables,4,2906,Other Vegetables,0.530000,"Poore and Nemecek (2018), via Our World in Data",https://ourworldindata.org/grapher/ghg-per-kg-poore,OWID ghg-per-kg-poore (2010 values),2018-06-01,2018-06-01,,GLOBAL,1,2026-10-03 00:00:00,2026-10-03 00:00:00
789,Fresh taro tubers - Other Vegetables,4,2908,Other Vegetables,0.530000,"Poore and Nemecek (2018), via Our World in Data",https://ourworldindata.org/grapher/ghg-per-kg-poore,OWID ghg-per-kg-poore (2010 values),2018-06-01,2018-06-01,,GLOBAL,1,2026-10-03 00:00:00,2026-10-03 00:00:00
790,Fresh Thompson Seedless grapes - Berries & Grapes,5,2910,Berries & Grapes,1.530000,"Poore and Nemecek (2018), via Our World in Data",https://ourworldindata.org/grapher/ghg-per-kg-poore,OWID ghg-per-kg-poore (2010 values),2018-06-01,2018-06-01,,GLOBAL,1,2026-10-03 00:00:00,2026-10-03 00:00:00
791,Fresh tomatoes - Tomatoes,4,2912,Tomatoes,2.090000,"Poore and Nemecek (2018), via Our World in Data",https://ourworldindata.org/grapher/ghg-per-kg-poore,OWID ghg-per-kg-poore (2010 values),2018-06-01,2018-06-01,,GLOBAL,1,2026-10-03 00:00:00,2026-10-03 00:00:00
792,Fresh turnips - Root Vegetables,4,2913,Root Vegetables,0.430000,"Poore and Nemecek (2018), via Our World in Data",https://ourworldindata.org/grapher/ghg-per-kg-poore,OWID ghg-per-kg-poore (2010 values),2018-06-01,2018-06-01,,GLOBAL,1,2026-10-03 00:00:00,2026-10-03 00:00:00
793,Fresh Verna lemons - Citrus Fruit,5,2914,Citrus Fruit,0.390000,"Poore and Nemecek (2018), via Our World in Data",https://ourworldindata.org/grapher/ghg-per-kg-poore,OWID ghg-per-kg-poore (2010 values),2018-06-01,2018-06-01,,GLOBAL,1,2026-10-03 00:00:00,2026-10-03 00:00:00
794,Fresh yellow sweet peppers - Other Vegetables,4,2918,Other Vegetables,0.530000,"Poore and Nemecek (2018), via Our World in Data",https://ourworldindata.org/grapher/ghg-per-kg-poore,OWID ghg-per-kg-poore (2010 values),2018-06-01,2018-06-01,,GLOBAL,1,2026-10-03 00:00:00,2026-10-03 00:00:00
795,Fresh zucchini - Other Vegetables,4,2919,Other Vegetables,0.530000,"Poore and Nemecek (2018), via Our World in Data",https://ourworldindata.org/grapher/ghg-per-kg-poore,OWID ghg-per-kg-poore (2010 values),2018-06-01,2018-06-01,,GLOBAL,1,2026-10-03 00:00:00,2026-10-03 00:00:00
796,Fried cheese - Cheese,1,2925,Cheese,23.880000,"Poore and Nemecek (2018), via Our World in Data",https://ourworldindata.org/grapher/ghg-per-kg-poore,OWID ghg-per-kg-poore (2010 values),2018-06-01,2018-06-01,,GLOBAL,1,2026-10-03 00:00:00,2026-10-03 00:00:00
797,Fried egg - Eggs,18,2927,Eggs,4.670000,"Poore and Nemecek (2018), via Our World in Data",https://ourworldindata.org/grapher/ghg-per-kg-poore,OWID ghg-per-kg-poore (2010 values),2018-06-01,2018-06-01,,GLOBAL,1,2026-10-03 00:00:00,2026-10-03 00:00:00
798,Fried pork rind - Pig Meat,2,2930,Pig Meat,12.310000,"Poore and Nemecek (2018), via Our World in Data",https://ourworldindata.org/grapher/ghg-per-kg-poore,OWID ghg-per-kg-poore (2010 values),2018-06-01,2018-06-01,,GLOBAL,1,2026-10-03 00:00:00,2026-10-03 00:00:00
799,Fried tofu - Tofu,16,2934,Tofu,3.160000,"Poore and Nemecek (2018), via Our World in Data",https://ourworldindata.org/grapher/ghg-per-kg-poore,OWID ghg-per-kg-poore (2010 values),2018-06-01,2018-06-01,,GLOBAL,1,2026-10-03 00:00:00,2026-10-03 00:00:00
800,Frillice iceberg lettuces - Other Vegetables,4,2941,Other Vegetables,0.530000,"Poore and Nemecek (2018), via Our World in Data",https://ourworldindata.org/grapher/ghg-per-kg-poore,OWID ghg-per-kg-poore (2010 values),2018-06-01,2018-06-01,,GLOBAL,1,2026-10-03 00:00:00,2026-10-03 00:00:00
801,Frozen baked potatoes - Potatoes,8,2972,Potatoes,0.460000,"Poore and Nemecek (2018), via Our World in Data",https://ourworldindata.org/grapher/ghg-per-kg-poore,OWID ghg-per-kg-poore (2010 values),2018-06-01,2018-06-01,,GLOBAL,1,2026-10-03 00:00:00,2026-10-03 00:00:00
802,Frozen bananas - Bananas,8,2975,Bananas,0.860000,"Poore and Nemecek (2018), via Our World in Data",https://ourworldindata.org/grapher/ghg-per-kg-poore,OWID ghg-per-kg-poore (2010 values),2018-06-01,2018-06-01,,GLOBAL,1,2026-10-03 00:00:00,2026-10-03 00:00:00
803,Frozen berries - Berries & Grapes,8,2993,Berries & Grapes,1.530000,"Poore and Nemecek (2018), via Our World in Data",https://ourworldindata.org/grapher/ghg-per-kg-poore,OWID ghg-per-kg-poore (2010 values),2018-06-01,2018-06-01,,GLOBAL,1,2026-10-03 00:00:00,2026-10-03 00:00:00
804,Frozen blackberries - Berries & Grapes,8,2994,Berries & Grapes,1.530000,"Poore and Nemecek (2018), via Our World in Data",https://ourworldindata.org/grapher/ghg-per-kg-poore,OWID ghg-per-kg-poore (2010 values),2018-06-01,2018-06-01,,GLOBAL,1,2026-10-03 00:00:00,2026-10-03 00:00:00
805,Frozen blueberries - Berries & Grapes,8,2995,Berries & Grapes,1.530000,"Poore and Nemecek (2018), via Our World in Data",https://ourworldindata.org/grapher/ghg-per-kg-poore,OWID ghg-per-kg-poore (2010 values),2018-06-01,2018-06-01,,GLOBAL,1,2026-10-03 00:00:00,2026-10-03 00:00:00
806,Frozen breaded chicken - Poultry Meat,2,2998,Poultry Meat,9.870000,"Poore and Nemecek (2018), via Our World in Data",https://ourworldindata.org/grapher/ghg-per-kg-poore,OWID ghg-per-kg-poore (2010 values),2018-06-01,2018-06-01,,GLOBAL,1,2026-10-03 00:00:00,2026-10-03 00:00:00
807,Frozen chicken breast without skin raw - Poultry Meat,2,3023,Poultry Meat,9.870000,"Poore and Nemecek (2018), via Our World in Data",https://ourworldindata.org/grapher/ghg-per-kg-poore,OWID ghg-per-kg-poore (2010 values),2018-06-01,2018-06-01,,GLOBAL,1,2026-10-03 00:00:00,2026-10-03 00:00:00
808,Frozen chicken leg meat and skin raw - Poultry Meat,2,3025,Poultry Meat,9.870000,"Poore and Nemecek (2018), via Our World in Data",https://ourworldindata.org/grapher/ghg-per-kg-poore,OWID ghg-per-kg-poore (2010 values),2018-06-01,2018-06-01,,GLOBAL,1,2026-10-03 00:00:00,2026-10-03 00:00:00
809,Frozen chicken nuggets - Poultry Meat,2,3026,Poultry Meat,9.870000,"Poore and Nemecek (2018), via Our World in Data",https://ourworldindata.org/grapher/ghg-per-kg-poore,OWID ghg-per-kg-poore (2010 values),2018-06-01,2018-06-01,,GLOBAL,1,2026-10-03 00:00:00,2026-10-03 00:00:00
810,Frozen chicken skewers - Poultry Meat,2,3027,Poultry Meat,9.870000,"Poore and Nemecek (2018), via Our World in Data",https://ourworldindata.org/grapher/ghg-per-kg-poore,OWID ghg-per-kg-poore (2010 values),2018-06-01,2018-06-01,,GLOBAL,1,2026-10-03 00:00:00,2026-10-03 00:00:00
811,Frozen chicken wings - Poultry Meat,2,3028,Poultry Meat,9.870000,"Poore and Nemecek (2018), via Our World in Data",https://ourworldindata.org/grapher/ghg-per-kg-poore,OWID ghg-per-kg-poore (2010 values),2018-06-01,2018-06-01,,GLOBAL,1,2026-10-03 00:00:00,2026-10-03 00:00:00
812,Frozen chickens - Poultry Meat,2,3029,Poultry Meat,9.870000,"Poore and Nemecek (2018), via Our World in Data",https://ourworldindata.org/grapher/ghg-per-kg-poore,OWID ghg-per-kg-poore (2010 values),2018-06-01,2018-06-01,,GLOBAL,1,2026-10-03 00:00:00,2026-10-03 00:00:00
813,Frozen chopped onions - Onions & Leeks,8,3042,Onions & Leeks,0.500000,"Poore and Nemecek (2018), via Our World in Data",https://ourworldindata.org/grapher/ghg-per-kg-poore,OWID ghg-per-kg-poore (2010 values),2018-06-01,2018-06-01,,GLOBAL,1,2026-10-03 00:00:00,2026-10-03 00:00:00
814,Frozen chopped shallots - Onions & Leeks,8,3045,Onions & Leeks,0.500000,"Poore and Nemecek (2018), via Our World in Data",https://ourworldindata.org/grapher/ghg-per-kg-poore,OWID ghg-per-kg-poore (2010 values),2018-06-01,2018-06-01,,GLOBAL,1,2026-10-03 00:00:00,2026-10-03 00:00:00
815,Frozen cooked pre-fried potato cubes - Potatoes,8,3067,Potatoes,0.460000,"Poore and Nemecek (2018), via Our World in Data",https://ourworldindata.org/grapher/ghg-per-kg-poore,OWID ghg-per-kg-poore (2010 values),2018-06-01,2018-06-01,,GLOBAL,1,2026-10-03 00:00:00,2026-10-03 00:00:00
816,Frozen cranberries - Berries & Grapes,8,3079,Berries & Grapes,1.530000,"Poore and Nemecek (2018), via Our World in Data",https://ourworldindata.org/grapher/ghg-per-kg-poore,OWID ghg-per-kg-poore (2010 values),2018-06-01,2018-06-01,,GLOBAL,1,2026-10-03 00:00:00,2026-10-03 00:00:00
817,Frozen duchesse potatoes - Potatoes,8,3099,Potatoes,0.460000,"Poore and Nemecek (2018), via Our World in Data",https://ourworldindata.org/grapher/ghg-per-kg-poore,OWID ghg-per-kg-poore (2010 values),2018-06-01,2018-06-01,,GLOBAL,1,2026-10-03 00:00:00,2026-10-03 00:00:00
818,Frozen fried potato cubes - Potatoes,8,3134,Potatoes,0.460000,"Poore and Nemecek (2018), via Our World in Data",https://ourworldindata.org/grapher/ghg-per-kg-poore,OWID ghg-per-kg-poore (2010 values),2018-06-01,2018-06-01,,GLOBAL,1,2026-10-03 00:00:00,2026-10-03 00:00:00
819,Frozen fried potatoes - Potatoes,8,3135,Potatoes,0.460000,"Poore and Nemecek (2018), via Our World in Data",https://ourworldindata.org/grapher/ghg-per-kg-poore,OWID ghg-per-kg-poore (2010 values),2018-06-01,2018-06-01,,GLOBAL,1,2026-10-03 00:00:00,2026-10-03 00:00:00
820,Frozen Gooseberries - Berries & Grapes,8,3156,Berries & Grapes,1.530000,"Poore and Nemecek (2018), via Our World in Data",https://ourworldindata.org/grapher/ghg-per-kg-poore,OWID ghg-per-kg-poore (2010 values),2018-06-01,2018-06-01,,GLOBAL,1,2026-10-03 00:00:00,2026-10-03 00:00:00
821,Frozen ground chicken meat - Poultry Meat,2,3168,Poultry Meat,9.870000,"Poore and Nemecek (2018), via Our World in Data",https://ourworldindata.org/grapher/ghg-per-kg-poore,OWID ghg-per-kg-poore (2010 values),2018-06-01,2018-06-01,,GLOBAL,1,2026-10-03 00:00:00,2026-10-03 00:00:00
822,Frozen ground pork meat - Pig Meat,2,3173,Pig Meat,12.310000,"Poore and Nemecek (2018), via Our World in Data",https://ourworldindata.org/grapher/ghg-per-kg-poore,OWID ghg-per-kg-poore (2010 values),2018-06-01,2018-06-01,,GLOBAL,1,2026-10-03 00:00:00,2026-10-03 00:00:00
823,Frozen ground turkey meat - Poultry Meat,2,3177,Poultry Meat,9.870000,"Poore and Nemecek (2018), via Our World in Data",https://ourworldindata.org/grapher/ghg-per-kg-poore,OWID ghg-per-kg-poore (2010 values),2018-06-01,2018-06-01,,GLOBAL,1,2026-10-03 00:00:00,2026-10-03 00:00:00
824,Frozen lamb breast - Lamb & Mutton,2,3203,Lamb & Mutton,39.720000,"Poore and Nemecek (2018), via Our World in Data",https://ourworldindata.org/grapher/ghg-per-kg-poore,OWID ghg-per-kg-poore (2010 values),2018-06-01,2018-06-01,,GLOBAL,1,2026-10-03 00:00:00,2026-10-03 00:00:00
825,Frozen lamb fat - Lamb & Mutton,2,3204,Lamb & Mutton,39.720000,"Poore and Nemecek (2018), via Our World in Data",https://ourworldindata.org/grapher/ghg-per-kg-poore,OWID ghg-per-kg-poore (2010 values),2018-06-01,2018-06-01,,GLOBAL,1,2026-10-03 00:00:00,2026-10-03 00:00:00
826,Frozen lamb leg - Lamb & Mutton,2,3205,Lamb & Mutton,39.720000,"Poore and Nemecek (2018), via Our World in Data",https://ourworldindata.org/grapher/ghg-per-kg-poore,OWID ghg-per-kg-poore (2010 values),2018-06-01,2018-06-01,,GLOBAL,1,2026-10-03 00:00:00,2026-10-03 00:00:00
827,Frozen lamb loin - Lamb & Mutton,2,3206,Lamb & Mutton,39.720000,"Poore and Nemecek (2018), via Our World in Data",https://ourworldindata.org/grapher/ghg-per-kg-poore,OWID ghg-per-kg-poore (2010 values),2018-06-01,2018-06-01,,GLOBAL,1,2026-10-03 00:00:00,2026-10-03 00:00:00
828,Frozen lamb meat - Lamb & Mutton,2,3207,Lamb & Mutton,39.720000,"Poore and Nemecek (2018), via Our World in Data",https://ourworldindata.org/grapher/ghg-per-kg-poore,OWID ghg-per-kg-poore (2010 values),2018-06-01,2018-06-01,,GLOBAL,1,2026-10-03 00:00:00,2026-10-03 00:00:00
829,Frozen lamb offals - Lamb & Mutton,2,3208,Lamb & Mutton,39.720000,"Poore and Nemecek (2018), via Our World in Data",https://ourworldindata.org/grapher/ghg-per-kg-poore,OWID ghg-per-kg-poore (2010 values),2018-06-01,2018-06-01,,GLOBAL,1,2026-10-03 00:00:00,2026-10-03 00:00:00
830,Frozen lamb rack - Lamb & Mutton,2,3209,Lamb & Mutton,39.720000,"Poore and Nemecek (2018), via Our World in Data",https://ourworldindata.org/grapher/ghg-per-kg-poore,OWID ghg-per-kg-poore (2010 values),2018-06-01,2018-06-01,,GLOBAL,1,2026-10-03 00:00:00,2026-10-03 00:00:00
831,Frozen lamb shank - Lamb & Mutton,2,3210,Lamb & Mutton,39.720000,"Poore and Nemecek (2018), via Our World in Data",https://ourworldindata.org/grapher/ghg-per-kg-poore,OWID ghg-per-kg-poore (2010 values),2018-06-01,2018-06-01,,GLOBAL,1,2026-10-03 00:00:00,2026-10-03 00:00:00
832,Frozen leeks - Onions & Leeks,8,3214,Onions & Leeks,0.500000,"Poore and Nemecek (2018), via Our World in Data",https://ourworldindata.org/grapher/ghg-per-kg-poore,OWID ghg-per-kg-poore (2010 values),2018-06-01,2018-06-01,,GLOBAL,1,2026-10-03 00:00:00,2026-10-03 00:00:00
833,Frozen lingonberries - Berries & Grapes,8,3218,Berries & Grapes,1.530000,"Poore and Nemecek (2018), via Our World in Data",https://ourworldindata.org/grapher/ghg-per-kg-poore,OWID ghg-per-kg-poore (2010 values),2018-06-01,2018-06-01,,GLOBAL,1,2026-10-03 00:00:00,2026-10-03 00:00:00
834,Frozen marbled beef ribs - Beef (beef herd),2,3223,Beef (beef herd),99.480000,"Poore and Nemecek (2018), via Our World in Data",https://ourworldindata.org/grapher/ghg-per-kg-poore,OWID ghg-per-kg-poore (2010 values),2018-06-01,2018-06-01,,GLOBAL,1,2026-10-03 00:00:00,2026-10-03 00:00:00
835,Frozen mashed potatoes - Potatoes,8,3228,Potatoes,0.460000,"Poore and Nemecek (2018), via Our World in Data",https://ourworldindata.org/grapher/ghg-per-kg-poore,OWID ghg-per-kg-poore (2010 values),2018-06-01,2018-06-01,,GLOBAL,1,2026-10-03 00:00:00,2026-10-03 00:00:00
836,Frozen mixed berries - Berries & Grapes,8,3238,Berries & Grapes,1.530000,"Poore and Nemecek (2018), via Our World in Data",https://ourworldindata.org/grapher/ghg-per-kg-poore,OWID ghg-per-kg-poore (2010 values),2018-06-01,2018-06-01,,GLOBAL,1,2026-10-03 00:00:00,2026-10-03 00:00:00
837,Frozen mutton shoulder - Lamb & Mutton,2,3254,Lamb & Mutton,39.720000,"Poore and Nemecek (2018), via Our World in Data",https://ourworldindata.org/grapher/ghg-per-kg-poore,OWID ghg-per-kg-poore (2010 values),2018-06-01,2018-06-01,,GLOBAL,1,2026-10-03 00:00:00,2026-10-03 00:00:00
838,Frozen onions - Onions & Leeks,8,3258,Onions & Leeks,0.500000,"Poore and Nemecek (2018), via Our World in Data",https://ourworldindata.org/grapher/ghg-per-kg-poore,OWID ghg-per-kg-poore (2010 values),2018-06-01,2018-06-01,,GLOBAL,1,2026-10-03 00:00:00,2026-10-03 00:00:00
839,Frozen pineapples - Apples,8,3281,Apples,0.430000,"Poore and Nemecek (2018), via Our World in Data",https://ourworldindata.org/grapher/ghg-per-kg-poore,OWID ghg-per-kg-poore (2010 values),2018-06-01,2018-06-01,,GLOBAL,1,2026-10-03 00:00:00,2026-10-03 00:00:00
840,Frozen pork belly - Pig Meat,2,3294,Pig Meat,12.310000,"Poore and Nemecek (2018), via Our World in Data",https://ourworldindata.org/grapher/ghg-per-kg-poore,OWID ghg-per-kg-poore (2010 values),2018-06-01,2018-06-01,,GLOBAL,1,2026-10-03 00:00:00,2026-10-03 00:00:00
841,Frozen pork jowl - Pig Meat,2,3295,Pig Meat,12.310000,"Poore and Nemecek (2018), via Our World in Data",https://ourworldindata.org/grapher/ghg-per-kg-poore,OWID ghg-per-kg-poore (2010 values),2018-06-01,2018-06-01,,GLOBAL,1,2026-10-03 00:00:00,2026-10-03 00:00:00
842,Frozen pork knuckle - Pig Meat,2,3296,Pig Meat,12.310000,"Poore and Nemecek (2018), via Our World in Data",https://ourworldindata.org/grapher/ghg-per-kg-poore,OWID ghg-per-kg-poore (2010 values),2018-06-01,2018-06-01,,GLOBAL,1,2026-10-03 00:00:00,2026-10-03 00:00:00
843,Frozen pork loin - Pig Meat,2,3297,Pig Meat,12.310000,"Poore and Nemecek (2018), via Our World in Data",https://ourworldindata.org/grapher/ghg-per-kg-poore,OWID ghg-per-kg-poore (2010 values),2018-06-01,2018-06-01,,GLOBAL,1,2026-10-03 00:00:00,2026-10-03 00:00:00
844,Frozen pork meat - Pig Meat,2,3298,Pig Meat,12.310000,"Poore and Nemecek (2018), via Our World in Data",https://ourworldindata.org/grapher/ghg-per-kg-poore,OWID ghg-per-kg-poore (2010 values),2018-06-01,2018-06-01,,GLOBAL,1,2026-10-03 00:00:00,2026-10-03 00:00:00
845,Frozen pork offals - Pig Meat,2,3299,Pig Meat,12.310000,"Poore and Nemecek (2018), via Our World in Data",https://ourworldindata.org/grapher/ghg-per-kg-poore,OWID ghg-per-kg-poore (2010 values),2018-06-01,2018-06-01,,GLOBAL,1,2026-10-03 00:00:00,2026-10-03 00:00:00
846,Frozen pork shoulders - Pig Meat,2,3300,Pig Meat,12.310000,"Poore and Nemecek (2018), via Our World in Data",https://ourworldindata.org/grapher/ghg-per-kg-poore,OWID ghg-per-kg-poore (2010 values),2018-06-01,2018-06-01,,GLOBAL,1,2026-10-03 00:00:00,2026-10-03 00:00:00
847,Frozen pork tenderloin lean - Pig Meat,2,3301,Pig Meat,12.310000,"Poore and Nemecek (2018), via Our World in Data",https://ourworldindata.org/grapher/ghg-per-kg-poore,OWID ghg-per-kg-poore (2010 values),2018-06-01,2018-06-01,,GLOBAL,1,2026-10-03 00:00:00,2026-10-03 00:00:00
848,Frozen pork way leg without rind fat and bone - Pig Meat,2,3302,Pig Meat,12.310000,"Poore and Nemecek (2018), via Our World in Data",https://ourworldindata.org/grapher/ghg-per-kg-poore,OWID ghg-per-kg-poore (2010 values),2018-06-01,2018-06-01,,GLOBAL,1,2026-10-03 00:00:00,2026-10-03 00:00:00
849,Frozen potato buns - Potatoes,8,3303,Potatoes,0.460000,"Poore and Nemecek (2018), via Our World in Data",https://ourworldindata.org/grapher/ghg-per-kg-poore,OWID ghg-per-kg-poore (2010 values),2018-06-01,2018-06-01,,GLOBAL,1,2026-10-03 00:00:00,2026-10-03 00:00:00
850,Frozen potato rostis - Potatoes,8,3306,Potatoes,0.460000,"Poore and Nemecek (2018), via Our World in Data",https://ourworldindata.org/grapher/ghg-per-kg-poore,OWID ghg-per-kg-poore (2010 values),2018-06-01,2018-06-01,,GLOBAL,1,2026-10-03 00:00:00,2026-10-03 00:00:00
851,Frozen potatoes - Potatoes,8,3308,Potatoes,0.460000,"Poore and Nemecek (2018), via Our World in Data",https://ourworldindata.org/grapher/ghg-per-kg-poore,OWID ghg-per-kg-poore (2010 values),2018-06-01,2018-06-01,,GLOBAL,1,2026-10-03 00:00:00,2026-10-03 00:00:00
852,Frozen quail meat - Poultry Meat,2,3321,Poultry Meat,9.870000,"Poore and Nemecek (2018), via Our World in Data",https://ourworldindata.org/grapher/ghg-per-kg-poore,OWID ghg-per-kg-poore (2010 values),2018-06-01,2018-06-01,,GLOBAL,1,2026-10-03 00:00:00,2026-10-03 00:00:00
853,Frozen raspberries - Berries & Grapes,8,3328,Berries & Grapes,1.530000,"Poore and Nemecek (2018), via Our World in Data",https://ourworldindata.org/grapher/ghg-per-kg-poore,OWID ghg-per-kg-poore (2010 values),2018-06-01,2018-06-01,,GLOBAL,1,2026-10-03 00:00:00,2026-10-03 00:00:00
854,Frozen raw onions - Onions & Leeks,8,3331,Onions & Leeks,0.500000,"Poore and Nemecek (2018), via Our World in Data",https://ourworldindata.org/grapher/ghg-per-kg-poore,OWID ghg-per-kg-poore (2010 values),2018-06-01,2018-06-01,,GLOBAL,1,2026-10-03 00:00:00,2026-10-03 00:00:00
855,Frozen strawberries - Berries & Grapes,8,3379,Berries & Grapes,1.530000,"Poore and Nemecek (2018), via Our World in Data",https://ourworldindata.org/grapher/ghg-per-kg-poore,OWID ghg-per-kg-poore (2010 values),2018-06-01,2018-06-01,,GLOBAL,1,2026-10-03 00:00:00,2026-10-03 00:00:00
856,Frozen sweet potatoes - Potatoes,8,3388,Potatoes,0.460000,"Poore and Nemecek (2018), via Our World in Data",https://ourworldindata.org/grapher/ghg-per-kg-poore,OWID ghg-per-kg-poore (2010 values),2018-06-01,2018-06-01,,GLOBAL,1,2026-10-03 00:00:00,2026-10-03 00:00:00
857,Frozen tomatoes - Tomatoes,8,3392,Tomatoes,2.090000,"Poore and Nemecek (2018), via Our World in Data",https://ourworldindata.org/grapher/ghg-per-kg-poore,OWID ghg-per-kg-poore (2010 values),2018-06-01,2018-06-01,,GLOBAL,1,2026-10-03 00:00:00,2026-10-03 00:00:00
858,Frozen turkey fillets - Poultry Meat,2,3396,Poultry Meat,9.870000,"Poore and Nemecek (2018), via Our World in Data",https://ourworldindata.org/grapher/ghg-per-kg-poore,OWID ghg-per-kg-poore (2010 values),2018-06-01,2018-06-01,,GLOBAL,1,2026-10-03 00:00:00,2026-10-03 00:00:00
859,Frozen turkey meat - Poultry Meat,2,3397,Poultry Meat,9.870000,"Poore and Nemecek (2018), via Our World in Data",https://ourworldindata.org/grapher/ghg-per-kg-poore,OWID ghg-per-kg-poore (2010 values),2018-06-01,2018-06-01,,GLOBAL,1,2026-10-03 00:00:00,2026-10-03 00:00:00
860,Frozen turkey neck - Poultry Meat,2,3398,Poultry Meat,9.870000,"Poore and Nemecek (2018), via Our World in Data",https://ourworldindata.org/grapher/ghg-per-kg-poore,OWID ghg-per-kg-poore (2010 values),2018-06-01,2018-06-01,,GLOBAL,1,2026-10-03 00:00:00,2026-10-03 00:00:00
861,Frozen turkey offals - Poultry Meat,2,3399,Poultry Meat,9.870000,"Poore and Nemecek (2018), via Our World in Data",https://ourworldindata.org/grapher/ghg-per-kg-poore,OWID ghg-per-kg-poore (2010 values),2018-06-01,2018-06-01,,GLOBAL,1,2026-10-03 00:00:00,2026-10-03 00:00:00
862,Frozen turkey skewers - Poultry Meat,2,3400,Poultry Meat,9.870000,"Poore and Nemecek (2018), via Our World in Data",https://ourworldindata.org/grapher/ghg-per-kg-poore,OWID ghg-per-kg-poore (2010 values),2018-06-01,2018-06-01,,GLOBAL,1,2026-10-03 00:00:00,2026-10-03 00:00:00
863,Frozen turkey thighs - Poultry Meat,2,3401,Poultry Meat,9.870000,"Poore and Nemecek (2018), via Our World in Data",https://ourworldindata.org/grapher/ghg-per-kg-poore,OWID ghg-per-kg-poore (2010 values),2018-06-01,2018-06-01,,GLOBAL,1,2026-10-03 00:00:00,2026-10-03 00:00:00
864,Frozen turkey wings - Poultry Meat,2,3402,Poultry Meat,9.870000,"Poore and Nemecek (2018), via Our World in Data",https://ourworldindata.org/grapher/ghg-per-kg-poore,OWID ghg-per-kg-poore (2010 values),2018-06-01,2018-06-01,,GLOBAL,1,2026-10-03 00:00:00,2026-10-03 00:00:00
865,Frozen Yakitori chicken skewers - Poultry Meat,2,3447,Poultry Meat,9.870000,"Poore and Nemecek (2018), via Our World in Data",https://ourworldindata.org/grapher/ghg-per-kg-poore,OWID ghg-per-kg-poore (2010 values),2018-06-01,2018-06-01,,GLOBAL,1,2026-10-03 00:00:00,2026-10-03 00:00:00
866,Fruit and soy beverages - Soy milk,7,3457,Soy milk,0.980000,"Poore and Nemecek (2018), via Our World in Data",https://ourworldindata.org/grapher/ghg-per-kg-poore,OWID ghg-per-kg-poore (2010 values),2018-06-01,2018-06-01,,GLOBAL,1,2026-10-03 00:00:00,2026-10-03 00:00:00
867,Fruit cottage cheeses - Cheese,1,3472,Cheese,23.880000,"Poore and Nemecek (2018), via Our World in Data",https://ourworldindata.org/grapher/ghg-per-kg-poore,OWID ghg-per-kg-poore (2010 values),2018-06-01,2018-06-01,,GLOBAL,1,2026-10-03 00:00:00,2026-10-03 00:00:00
868,Fruits - Other Fruit,5,3500,Other Fruit,1.050000,"Poore and Nemecek (2018), via Our World in Data",https://ourworldindata.org/grapher/ghg-per-kg-poore,OWID ghg-per-kg-poore (2010 values),2018-06-01,2018-06-01,,GLOBAL,1,2026-10-03 00:00:00,2026-10-03 00:00:00
869,Fruits flavoured fat fresh cream cheese - Cheese,1,3504,Cheese,23.880000,"Poore and Nemecek (2018), via Our World in Data",https://ourworldindata.org/grapher/ghg-per-kg-poore,OWID ghg-per-kg-poore (2010 values),2018-06-01,2018-06-01,,GLOBAL,1,2026-10-03 00:00:00,2026-10-03 00:00:00
870,Fruits (shelf stable) - Other Fruit,5,3507,Other Fruit,1.050000,"Poore and Nemecek (2018), via Our World in Data",https://ourworldindata.org/grapher/ghg-per-kg-poore,OWID ghg-per-kg-poore (2010 values),2018-06-01,2018-06-01,,GLOBAL,1,2026-10-03 00:00:00,2026-10-03 00:00:00
871,Fuentesaúco chickpeas - Other Pulses,14,3511,Other Pulses,1.790000,"Poore and Nemecek (2018), via Our World in Data",https://ourworldindata.org/grapher/ghg-per-kg-poore,OWID ghg-per-kg-poore (2010 values),2018-06-01,2018-06-01,,GLOBAL,1,2026-10-03 00:00:00,2026-10-03 00:00:00
872,Fuji apples - Other Fruit,5,3512,Other Fruit,1.050000,"Poore and Nemecek (2018), via Our World in Data",https://ourworldindata.org/grapher/ghg-per-kg-poore,OWID ghg-per-kg-poore (2010 values),2018-06-01,2018-06-01,,GLOBAL,1,2026-10-03 00:00:00,2026-10-03 00:00:00
873,Gala apples - Other Fruit,5,3515,Other Fruit,1.050000,"Poore and Nemecek (2018), via Our World in Data",https://ourworldindata.org/grapher/ghg-per-kg-poore,OWID ghg-per-kg-poore (2010 values),2018-06-01,2018-06-01,,GLOBAL,1,2026-10-03 00:00:00,2026-10-03 00:00:00
874,Galia melons - Other Fruit,5,3516,Other Fruit,1.050000,"Poore and Nemecek (2018), via Our World in Data",https://ourworldindata.org/grapher/ghg-per-kg-poore,OWID ghg-per-kg-poore (2010 values),2018-06-01,2018-06-01,,GLOBAL,1,2026-10-03 00:00:00,2026-10-03 00:00:00
875,Garden cress - Other Vegetables,4,3522,Other Vegetables,0.530000,"Poore and Nemecek (2018), via Our World in Data",https://ourworldindata.org/grapher/ghg-per-kg-poore,OWID ghg-per-kg-poore (2010 values),2018-06-01,2018-06-01,,GLOBAL,1,2026-10-03 00:00:00,2026-10-03 00:00:00
876,Garden strawberries - Berries & Grapes,5,3523,Berries & Grapes,1.530000,"Poore and Nemecek (2018), via Our World in Data",https://ourworldindata.org/grapher/ghg-per-kg-poore,OWID ghg-per-kg-poore (2010 values),2018-06-01,2018-06-01,,GLOBAL,1,2026-10-03 00:00:00,2026-10-03 00:00:00
877,Garofa nectarines - Other Fruit,5,3534,Other Fruit,1.050000,"Poore and Nemecek (2018), via Our World in Data",https://ourworldindata.org/grapher/ghg-per-kg-poore,OWID ghg-per-kg-poore (2010 values),2018-06-01,2018-06-01,,GLOBAL,1,2026-10-03 00:00:00,2026-10-03 00:00:00
878,German cheeses - Cheese,1,3545,Cheese,23.880000,"Poore and Nemecek (2018), via Our World in Data",https://ourworldindata.org/grapher/ghg-per-kg-poore,OWID ghg-per-kg-poore (2010 values),2018-06-01,2018-06-01,,GLOBAL,1,2026-10-03 00:00:00,2026-10-03 00:00:00
879,Gex blue cheese - Cheese,1,3554,Cheese,23.880000,"Poore and Nemecek (2018), via Our World in Data",https://ourworldindata.org/grapher/ghg-per-kg-poore,OWID ghg-per-kg-poore (2010 values),2018-06-01,2018-06-01,,GLOBAL,1,2026-10-03 00:00:00,2026-10-03 00:00:00
880,Giga apples - Other Fruit,5,3558,Other Fruit,1.050000,"Poore and Nemecek (2018), via Our World in Data",https://ourworldindata.org/grapher/ghg-per-kg-poore,OWID ghg-per-kg-poore (2010 values),2018-06-01,2018-06-01,,GLOBAL,1,2026-10-03 00:00:00,2026-10-03 00:00:00
881,Gloucester cheese - Cheese,1,3577,Cheese,23.880000,"Poore and Nemecek (2018), via Our World in Data",https://ourworldindata.org/grapher/ghg-per-kg-poore,OWID ghg-per-kg-poore (2010 values),2018-06-01,2018-06-01,,GLOBAL,1,2026-10-03 00:00:00,2026-10-03 00:00:00
882,Glutinous rices - Rice,14,3598,Rice,4.450000,"Poore and Nemecek (2018), via Our World in Data",https://ourworldindata.org/grapher/ghg-per-kg-poore,OWID ghg-per-kg-poore (2010 values),2018-06-01,2018-06-01,,GLOBAL,1,2026-10-03 00:00:00,2026-10-03 00:00:00
883,Goat cheeses - Cheese,1,3603,Cheese,23.880000,"Poore and Nemecek (2018), via Our World in Data",https://ourworldindata.org/grapher/ghg-per-kg-poore,OWID ghg-per-kg-poore (2010 values),2018-06-01,2018-06-01,,GLOBAL,1,2026-10-03 00:00:00,2026-10-03 00:00:00
884,Goat milks - Milk,1,3606,Milk,3.150000,"Poore and Nemecek (2018), via Our World in Data",https://ourworldindata.org/grapher/ghg-per-kg-poore,OWID ghg-per-kg-poore (2010 values),2018-06-01,2018-06-01,,GLOBAL,1,2026-10-03 00:00:00,2026-10-03 00:00:00
885,Goat's Haymilk - Milk,1,3608,Milk,3.150000,"Poore and Nemecek (2018), via Our World in Data",https://ourworldindata.org/grapher/ghg-per-kg-poore,OWID ghg-per-kg-poore (2010 values),2018-06-01,2018-06-01,,GLOBAL,1,2026-10-03 00:00:00,2026-10-03 00:00:00
886,Golden apple pulp and skin - Apples,5,3611,Apples,0.430000,"Poore and Nemecek (2018), via Our World in Data",https://ourworldindata.org/grapher/ghg-per-kg-poore,OWID ghg-per-kg-poore (2010 values),2018-06-01,2018-06-01,,GLOBAL,1,2026-10-03 00:00:00,2026-10-03 00:00:00
887,Golden Ball turnips - Root Vegetables,4,3612,Root Vegetables,0.430000,"Poore and Nemecek (2018), via Our World in Data",https://ourworldindata.org/grapher/ghg-per-kg-poore,OWID ghg-per-kg-poore (2010 values),2018-06-01,2018-06-01,,GLOBAL,1,2026-10-03 00:00:00,2026-10-03 00:00:00
888,Golden berries - Berries & Grapes,5,3613,Berries & Grapes,1.530000,"Poore and Nemecek (2018), via Our World in Data",https://ourworldindata.org/grapher/ghg-per-kg-poore,OWID ghg-per-kg-poore (2010 values),2018-06-01,2018-06-01,,GLOBAL,1,2026-10-03 00:00:00,2026-10-03 00:00:00
889,Golden Delicious apples - Other Fruit,5,3614,Other Fruit,1.050000,"Poore and Nemecek (2018), via Our World in Data",https://ourworldindata.org/grapher/ghg-per-kg-poore,OWID ghg-per-kg-poore (2010 values),2018-06-01,2018-06-01,,GLOBAL,1,2026-10-03 00:00:00,2026-10-03 00:00:00
890,Goose eggs - Eggs,18,3619,Eggs,4.670000,"Poore and Nemecek (2018), via Our World in Data",https://ourworldindata.org/grapher/ghg-per-kg-poore,OWID ghg-per-kg-poore (2010 values),2018-06-01,2018-06-01,,GLOBAL,1,2026-10-03 00:00:00,2026-10-03 00:00:00
891,Gooseberries - Berries & Grapes,5,3626,Berries & Grapes,1.530000,"Poore and Nemecek (2018), via Our World in Data",https://ourworldindata.org/grapher/ghg-per-kg-poore,OWID ghg-per-kg-poore (2010 values),2018-06-01,2018-06-01,,GLOBAL,1,2026-10-03 00:00:00,2026-10-03 00:00:00
892,Gouda - Cheese,1,3629,Cheese,23.880000,"Poore and Nemecek (2018), via Our World in Data",https://ourworldindata.org/grapher/ghg-per-kg-poore,OWID ghg-per-kg-poore (2010 values),2018-06-01,2018-06-01,,GLOBAL,1,2026-10-03 00:00:00,2026-10-03 00:00:00
893,Gouda Holland - Cheese,1,3630,Cheese,23.880000,"Poore and Nemecek (2018), via Our World in Data",https://ourworldindata.org/grapher/ghg-per-kg-poore,OWID ghg-per-kg-poore (2010 values),2018-06-01,2018-06-01,,GLOBAL,1,2026-10-03 00:00:00,2026-10-03 00:00:00
894,Goudas with cumin - Cheese,1,3631,Cheese,23.880000,"Poore and Nemecek (2018), via Our World in Data",https://ourworldindata.org/grapher/ghg-per-kg-poore,OWID ghg-per-kg-poore (2010 values),2018-06-01,2018-06-01,,GLOBAL,1,2026-10-03 00:00:00,2026-10-03 00:00:00
895,Gower Salt Marsh Lamb - Lamb & Mutton,2,3633,Lamb & Mutton,39.720000,"Poore and Nemecek (2018), via Our World in Data",https://ourworldindata.org/grapher/ghg-per-kg-poore,OWID ghg-per-kg-poore (2010 values),2018-06-01,2018-06-01,,GLOBAL,1,2026-10-03 00:00:00,2026-10-03 00:00:00
896,Graffiti eggplants - Other Vegetables,4,3636,Other Vegetables,0.530000,"Poore and Nemecek (2018), via Our World in Data",https://ourworldindata.org/grapher/ghg-per-kg-poore,OWID ghg-per-kg-poore (2010 values),2018-06-01,2018-06-01,,GLOBAL,1,2026-10-03 00:00:00,2026-10-03 00:00:00
897,Granny Smith apples - Other Fruit,5,3642,Other Fruit,1.050000,"Poore and Nemecek (2018), via Our World in Data",https://ourworldindata.org/grapher/ghg-per-kg-poore,OWID ghg-per-kg-poore (2010 values),2018-06-01,2018-06-01,,GLOBAL,1,2026-10-03 00:00:00,2026-10-03 00:00:00
898,Grape mixes - Berries & Grapes,5,3647,Berries & Grapes,1.530000,"Poore and Nemecek (2018), via Our World in Data",https://ourworldindata.org/grapher/ghg-per-kg-poore,OWID ghg-per-kg-poore (2010 values),2018-06-01,2018-06-01,,GLOBAL,1,2026-10-03 00:00:00,2026-10-03 00:00:00
899,Grapefruit pulps - Berries & Grapes,5,3653,Berries & Grapes,1.530000,"Poore and Nemecek (2018), via Our World in Data",https://ourworldindata.org/grapher/ghg-per-kg-poore,OWID ghg-per-kg-poore (2010 values),2018-06-01,2018-06-01,,GLOBAL,1,2026-10-03 00:00:00,2026-10-03 00:00:00
900,Grapefruits - Berries & Grapes,5,3655,Berries & Grapes,1.530000,"Poore and Nemecek (2018), via Our World in Data",https://ourworldindata.org/grapher/ghg-per-kg-poore,OWID ghg-per-kg-poore (2010 values),2018-06-01,2018-06-01,,GLOBAL,1,2026-10-03 00:00:00,2026-10-03 00:00:00
901,Grapes - Berries & Grapes,5,3657,Berries & Grapes,1.530000,"Poore and Nemecek (2018), via Our World in Data",https://ourworldindata.org/grapher/ghg-per-kg-poore,OWID ghg-per-kg-poore (2010 values),2018-06-01,2018-06-01,,GLOBAL,1,2026-10-03 00:00:00,2026-10-03 00:00:00
902,Grated carrots - Root Vegetables,4,3659,Root Vegetables,0.430000,"Poore and Nemecek (2018), via Our World in Data",https://ourworldindata.org/grapher/ghg-per-kg-poore,OWID ghg-per-kg-poore (2010 values),2018-06-01,2018-06-01,,GLOBAL,1,2026-10-03 00:00:00,2026-10-03 00:00:00
903,Grated cheese - Cheese,1,3660,Cheese,23.880000,"Poore and Nemecek (2018), via Our World in Data",https://ourworldindata.org/grapher/ghg-per-kg-poore,OWID ghg-per-kg-poore (2010 values),2018-06-01,2018-06-01,,GLOBAL,1,2026-10-03 00:00:00,2026-10-03 00:00:00
904,Grated cheeses for fondue - Cheese,1,3661,Cheese,23.880000,"Poore and Nemecek (2018), via Our World in Data",https://ourworldindata.org/grapher/ghg-per-kg-poore,OWID ghg-per-kg-poore (2010 values),2018-06-01,2018-06-01,,GLOBAL,1,2026-10-03 00:00:00,2026-10-03 00:00:00
905,Grated coconut - Other Fruit,5,3662,Other Fruit,1.050000,"Poore and Nemecek (2018), via Our World in Data",https://ourworldindata.org/grapher/ghg-per-kg-poore,OWID ghg-per-kg-poore (2010 values),2018-06-01,2018-06-01,,GLOBAL,1,2026-10-03 00:00:00,2026-10-03 00:00:00
906,Grated emmentaler - Cheese,1,3663,Cheese,23.880000,"Poore and Nemecek (2018), via Our World in Data",https://ourworldindata.org/grapher/ghg-per-kg-poore,OWID ghg-per-kg-poore (2010 values),2018-06-01,2018-06-01,,GLOBAL,1,2026-10-03 00:00:00,2026-10-03 00:00:00
907,Grated Mozzarella - Cheese,1,3665,Cheese,23.880000,"Poore and Nemecek (2018), via Our World in Data",https://ourworldindata.org/grapher/ghg-per-kg-poore,OWID ghg-per-kg-poore (2010 values),2018-06-01,2018-06-01,,GLOBAL,1,2026-10-03 00:00:00,2026-10-03 00:00:00
908,Greek cheeses - Cheese,1,3672,Cheese,23.880000,"Poore and Nemecek (2018), via Our World in Data",https://ourworldindata.org/grapher/ghg-per-kg-poore,OWID ghg-per-kg-poore (2010 values),2018-06-01,2018-06-01,,GLOBAL,1,2026-10-03 00:00:00,2026-10-03 00:00:00
909,Green asparagus - Other Vegetables,4,3677,Other Vegetables,0.530000,"Poore and Nemecek (2018), via Our World in Data",https://ourworldindata.org/grapher/ghg-per-kg-poore,OWID ghg-per-kg-poore (2010 values),2018-06-01,2018-06-01,,GLOBAL,1,2026-10-03 00:00:00,2026-10-03 00:00:00
910,Green beans - Other Vegetables,4,3678,Other Vegetables,0.530000,"Poore and Nemecek (2018), via Our World in Data",https://ourworldindata.org/grapher/ghg-per-kg-poore,OWID ghg-per-kg-poore (2010 values),2018-06-01,2018-06-01,,GLOBAL,1,2026-10-03 00:00:00,2026-10-03 00:00:00
911,Green beans imported by plane - Other Vegetables,4,3679,Other Vegetables,0.530000,"Poore and Nemecek (2018), via Our World in Data",https://ourworldindata.org/grapher/ghg-per-kg-poore,OWID ghg-per-kg-poore (2010 values),2018-06-01,2018-06-01,,GLOBAL,1,2026-10-03 00:00:00,2026-10-03 00:00:00
912,Green beans not imported by plane - Other Vegetables,4,3680,Other Vegetables,0.530000,"Poore and Nemecek (2018), via Our World in Data",https://ourworldindata.org/grapher/ghg-per-kg-poore,OWID ghg-per-kg-poore (2010 values),2018-06-01,2018-06-01,,GLOBAL,1,2026-10-03 00:00:00,2026-10-03 00:00:00
913,Green cabbage - Brassicas,4,3681,Brassicas,0.510000,"Poore and Nemecek (2018), via Our World in Data",https://ourworldindata.org/grapher/ghg-per-kg-poore,OWID ghg-per-kg-poore (2010 values),2018-06-01,2018-06-01,,GLOBAL,1,2026-10-03 00:00:00,2026-10-03 00:00:00
914,Green endive - Other Vegetables,4,3684,Other Vegetables,0.530000,"Poore and Nemecek (2018), via Our World in Data",https://ourworldindata.org/grapher/ghg-per-kg-poore,OWID ghg-per-kg-poore (2010 values),2018-06-01,2018-06-01,,GLOBAL,1,2026-10-03 00:00:00,2026-10-03 00:00:00
915,Green garlics - Other Vegetables,4,3685,Other Vegetables,0.530000,"Poore and Nemecek (2018), via Our World in Data",https://ourworldindata.org/grapher/ghg-per-kg-poore,OWID ghg-per-kg-poore (2010 values),2018-06-01,2018-06-01,,GLOBAL,1,2026-10-03 00:00:00,2026-10-03 00:00:00
916,Green grapes - Berries & Grapes,5,3686,Berries & Grapes,1.530000,"Poore and Nemecek (2018), via Our World in Data",https://ourworldindata.org/grapher/ghg-per-kg-poore,OWID ghg-per-kg-poore (2010 values),2018-06-01,2018-06-01,,GLOBAL,1,2026-10-03 00:00:00,2026-10-03 00:00:00
917,Green Jumbo - Other Fruit,5,3687,Other Fruit,1.050000,"Poore and Nemecek (2018), via Our World in Data",https://ourworldindata.org/grapher/ghg-per-kg-poore,OWID ghg-per-kg-poore (2010 values),2018-06-01,2018-06-01,,GLOBAL,1,2026-10-03 00:00:00,2026-10-03 00:00:00
918,Green kiwifruits - Other Fruit,5,3688,Other Fruit,1.050000,"Poore and Nemecek (2018), via Our World in Data",https://ourworldindata.org/grapher/ghg-per-kg-poore,OWID ghg-per-kg-poore (2010 values),2018-06-01,2018-06-01,,GLOBAL,1,2026-10-03 00:00:00,2026-10-03 00:00:00
919,Green lentils - Other Pulses,14,3689,Other Pulses,1.790000,"Poore and Nemecek (2018), via Our World in Data",https://ourworldindata.org/grapher/ghg-per-kg-poore,OWID ghg-per-kg-poore (2010 values),2018-06-01,2018-06-01,,GLOBAL,1,2026-10-03 00:00:00,2026-10-03 00:00:00
920,Green peas - Peas,4,3691,Peas,0.980000,"Poore and Nemecek (2018), via Our World in Data",https://ourworldindata.org/grapher/ghg-per-kg-poore,OWID ghg-per-kg-poore (2010 values),2018-06-01,2018-06-01,,GLOBAL,1,2026-10-03 00:00:00,2026-10-03 00:00:00
921,Green seedless grapes - Berries & Grapes,5,3697,Berries & Grapes,1.530000,"Poore and Nemecek (2018), via Our World in Data",https://ourworldindata.org/grapher/ghg-per-kg-poore,OWID ghg-per-kg-poore (2010 values),2018-06-01,2018-06-01,,GLOBAL,1,2026-10-03 00:00:00,2026-10-03 00:00:00
922,Green sweet peppers - Other Vegetables,4,3698,Other Vegetables,0.530000,"Poore and Nemecek (2018), via Our World in Data",https://ourworldindata.org/grapher/ghg-per-kg-poore,OWID ghg-per-kg-poore (2010 values),2018-06-01,2018-06-01,,GLOBAL,1,2026-10-03 00:00:00,2026-10-03 00:00:00
923,Green tomatoes - Tomatoes,4,3702,Tomatoes,2.090000,"Poore and Nemecek (2018), via Our World in Data",https://ourworldindata.org/grapher/ghg-per-kg-poore,OWID ghg-per-kg-poore (2010 values),2018-06-01,2018-06-01,,GLOBAL,1,2026-10-03 00:00:00,2026-10-03 00:00:00
924,Greengage plums - Other Fruit,5,3704,Other Fruit,1.050000,"Poore and Nemecek (2018), via Our World in Data",https://ourworldindata.org/grapher/ghg-per-kg-poore,OWID ghg-per-kg-poore (2010 values),2018-06-01,2018-06-01,,GLOBAL,1,2026-10-03 00:00:00,2026-10-03 00:00:00
925,Grilled beef bolar-blade - Beef (beef herd),2,3711,Beef (beef herd),99.480000,"Poore and Nemecek (2018), via Our World in Data",https://ourworldindata.org/grapher/ghg-per-kg-poore,OWID ghg-per-kg-poore (2010 values),2018-06-01,2018-06-01,,GLOBAL,1,2026-10-03 00:00:00,2026-10-03 00:00:00
926,Grilled beef flank steak - Beef (beef herd),2,3712,Beef (beef herd),99.480000,"Poore and Nemecek (2018), via Our World in Data",https://ourworldindata.org/grapher/ghg-per-kg-poore,OWID ghg-per-kg-poore (2010 values),2018-06-01,2018-06-01,,GLOBAL,1,2026-10-03 00:00:00,2026-10-03 00:00:00
927,Grilled beef hanger steak - Beef (beef herd),2,3713,Beef (beef herd),99.480000,"Poore and Nemecek (2018), via Our World in Data",https://ourworldindata.org/grapher/ghg-per-kg-poore,OWID ghg-per-kg-poore (2010 values),2018-06-01,2018-06-01,,GLOBAL,1,2026-10-03 00:00:00,2026-10-03 00:00:00
928,Grilled beef rump steak - Beef (beef herd),2,3714,Beef (beef herd),99.480000,"Poore and Nemecek (2018), via Our World in Data",https://ourworldindata.org/grapher/ghg-per-kg-poore,OWID ghg-per-kg-poore (2010 values),2018-06-01,2018-06-01,,GLOBAL,1,2026-10-03 00:00:00,2026-10-03 00:00:00
929,Grilled beef sirloin steak - Beef (beef herd),2,3715,Beef (beef herd),99.480000,"Poore and Nemecek (2018), via Our World in Data",https://ourworldindata.org/grapher/ghg-per-kg-poore,OWID ghg-per-kg-poore (2010 values),2018-06-01,2018-06-01,,GLOBAL,1,2026-10-03 00:00:00,2026-10-03 00:00:00
930,Grilled beef steaks - Beef (beef herd),2,3716,Beef (beef herd),99.480000,"Poore and Nemecek (2018), via Our World in Data",https://ourworldindata.org/grapher/ghg-per-kg-poore,OWID ghg-per-kg-poore (2010 values),2018-06-01,2018-06-01,,GLOBAL,1,2026-10-03 00:00:00,2026-10-03 00:00:00
931,Grilled beef thin flank - Beef (beef herd),2,3717,Beef (beef herd),99.480000,"Poore and Nemecek (2018), via Our World in Data",https://ourworldindata.org/grapher/ghg-per-kg-poore,OWID ghg-per-kg-poore (2010 values),2018-06-01,2018-06-01,,GLOBAL,1,2026-10-03 00:00:00,2026-10-03 00:00:00
932,Grilled beef topside - Beef (beef herd),2,3718,Beef (beef herd),99.480000,"Poore and Nemecek (2018), via Our World in Data",https://ourworldindata.org/grapher/ghg-per-kg-poore,OWID ghg-per-kg-poore (2010 values),2018-06-01,2018-06-01,,GLOBAL,1,2026-10-03 00:00:00,2026-10-03 00:00:00
933,Grilled lamb chop fillet - Lamb & Mutton,2,3726,Lamb & Mutton,39.720000,"Poore and Nemecek (2018), via Our World in Data",https://ourworldindata.org/grapher/ghg-per-kg-poore,OWID ghg-per-kg-poore (2010 values),2018-06-01,2018-06-01,,GLOBAL,1,2026-10-03 00:00:00,2026-10-03 00:00:00
934,Grilled lamb chops - Lamb & Mutton,2,3727,Lamb & Mutton,39.720000,"Poore and Nemecek (2018), via Our World in Data",https://ourworldindata.org/grapher/ghg-per-kg-poore,OWID ghg-per-kg-poore (2010 values),2018-06-01,2018-06-01,,GLOBAL,1,2026-10-03 00:00:00,2026-10-03 00:00:00
935,Grilled lamb cutlet - Lamb & Mutton,2,3728,Lamb & Mutton,39.720000,"Poore and Nemecek (2018), via Our World in Data",https://ourworldindata.org/grapher/ghg-per-kg-poore,OWID ghg-per-kg-poore (2010 values),2018-06-01,2018-06-01,,GLOBAL,1,2026-10-03 00:00:00,2026-10-03 00:00:00
936,Grilled lamb leg - Lamb & Mutton,2,3729,Lamb & Mutton,39.720000,"Poore and Nemecek (2018), via Our World in Data",https://ourworldindata.org/grapher/ghg-per-kg-poore,OWID ghg-per-kg-poore (2010 values),2018-06-01,2018-06-01,,GLOBAL,1,2026-10-03 00:00:00,2026-10-03 00:00:00
937,Grilled lamb saddle - Lamb & Mutton,2,3730,Lamb & Mutton,39.720000,"Poore and Nemecek (2018), via Our World in Data",https://ourworldindata.org/grapher/ghg-per-kg-poore,OWID ghg-per-kg-poore (2010 values),2018-06-01,2018-06-01,,GLOBAL,1,2026-10-03 00:00:00,2026-10-03 00:00:00
938,Grilled lean beef rib steak - Beef (beef herd),2,3731,Beef (beef herd),99.480000,"Poore and Nemecek (2018), via Our World in Data",https://ourworldindata.org/grapher/ghg-per-kg-poore,OWID ghg-per-kg-poore (2010 values),2018-06-01,2018-06-01,,GLOBAL,1,2026-10-03 00:00:00,2026-10-03 00:00:00
939,Grilled pork chops - Pig Meat,2,3732,Pig Meat,12.310000,"Poore and Nemecek (2018), via Our World in Data",https://ourworldindata.org/grapher/ghg-per-kg-poore,OWID ghg-per-kg-poore (2010 values),2018-06-01,2018-06-01,,GLOBAL,1,2026-10-03 00:00:00,2026-10-03 00:00:00
940,Grilling cheeses - Cheese,1,3738,Cheese,23.880000,"Poore and Nemecek (2018), via Our World in Data",https://ourworldindata.org/grapher/ghg-per-kg-poore,OWID ghg-per-kg-poore (2010 values),2018-06-01,2018-06-01,,GLOBAL,1,2026-10-03 00:00:00,2026-10-03 00:00:00
941,Groats - Oatmeal,14,3740,Oatmeal,2.480000,"Poore and Nemecek (2018), via Our World in Data",https://ourworldindata.org/grapher/ghg-per-kg-poore,OWID ghg-per-kg-poore (2010 values),2018-06-01,2018-06-01,,GLOBAL,1,2026-10-03 00:00:00,2026-10-03 00:00:00
942,Ground beef meats - Beef (beef herd),2,3744,Beef (beef herd),99.480000,"Poore and Nemecek (2018), via Our World in Data",https://ourworldindata.org/grapher/ghg-per-kg-poore,OWID ghg-per-kg-poore (2010 values),2018-06-01,2018-06-01,,GLOBAL,1,2026-10-03 00:00:00,2026-10-03 00:00:00
943,Ground beef steaks - Beef (beef herd),2,3745,Beef (beef herd),99.480000,"Poore and Nemecek (2018), via Our World in Data",https://ourworldindata.org/grapher/ghg-per-kg-poore,OWID ghg-per-kg-poore (2010 values),2018-06-01,2018-06-01,,GLOBAL,1,2026-10-03 00:00:00,2026-10-03 00:00:00
944,Ground chicken meat - Poultry Meat,2,3748,Poultry Meat,9.870000,"Poore and Nemecek (2018), via Our World in Data",https://ourworldindata.org/grapher/ghg-per-kg-poore,OWID ghg-per-kg-poore (2010 values),2018-06-01,2018-06-01,,GLOBAL,1,2026-10-03 00:00:00,2026-10-03 00:00:00
945,Ground pork meat - Pig Meat,2,3778,Pig Meat,12.310000,"Poore and Nemecek (2018), via Our World in Data",https://ourworldindata.org/grapher/ghg-per-kg-poore,OWID ghg-per-kg-poore (2010 values),2018-06-01,2018-06-01,,GLOBAL,1,2026-10-03 00:00:00,2026-10-03 00:00:00
946,Ground turkey meat - Poultry Meat,2,3782,Poultry Meat,9.870000,"Poore and Nemecek (2018), via Our World in Data",https://ourworldindata.org/grapher/ghg-per-kg-poore,OWID ghg-per-kg-poore (2010 values),2018-06-01,2018-06-01,,GLOBAL,1,2026-10-03 00:00:00,2026-10-03 00:00:00
947,Guava pulp - Other Fruit,5,3792,Other Fruit,1.050000,"Poore and Nemecek (2018), via Our World in Data",https://ourworldindata.org/grapher/ghg-per-kg-poore,OWID ghg-per-kg-poore (2010 values),2018-06-01,2018-06-01,,GLOBAL,1,2026-10-03 00:00:00,2026-10-03 00:00:00
948,Guavas - Other Fruit,5,3793,Other Fruit,1.050000,"Poore and Nemecek (2018), via Our World in Data",https://ourworldindata.org/grapher/ghg-per-kg-poore,OWID ghg-per-kg-poore (2010 values),2018-06-01,2018-06-01,,GLOBAL,1,2026-10-03 00:00:00,2026-10-03 00:00:00
949,Guineafowl eggs - Eggs,18,3801,Eggs,4.670000,"Poore and Nemecek (2018), via Our World in Data",https://ourworldindata.org/grapher/ghg-per-kg-poore,OWID ghg-per-kg-poore (2010 values),2018-06-01,2018-06-01,,GLOBAL,1,2026-10-03 00:00:00,2026-10-03 00:00:00
950,Gull eggs - Eggs,18,3803,Eggs,4.670000,"Poore and Nemecek (2018), via Our World in Data",https://ourworldindata.org/grapher/ghg-per-kg-poore,OWID ghg-per-kg-poore (2010 values),2018-06-01,2018-06-01,,GLOBAL,1,2026-10-03 00:00:00,2026-10-03 00:00:00
951,Guyot pears - Other Fruit,5,3812,Other Fruit,1.050000,"Poore and Nemecek (2018), via Our World in Data",https://ourworldindata.org/grapher/ghg-per-kg-poore,OWID ghg-per-kg-poore (2010 values),2018-06-01,2018-06-01,,GLOBAL,1,2026-10-03 00:00:00,2026-10-03 00:00:00
952,Half-cooked pressed cheeses - Cheese,1,3820,Cheese,23.880000,"Poore and Nemecek (2018), via Our World in Data",https://ourworldindata.org/grapher/ghg-per-kg-poore,OWID ghg-per-kg-poore (2010 values),2018-06-01,2018-06-01,,GLOBAL,1,2026-10-03 00:00:00,2026-10-03 00:00:00
953,Half skimmed pasteurized goat milk UHT - Milk,1,3825,Milk,3.150000,"Poore and Nemecek (2018), via Our World in Data",https://ourworldindata.org/grapher/ghg-per-kg-poore,OWID ghg-per-kg-poore (2010 values),2018-06-01,2018-06-01,,GLOBAL,1,2026-10-03 00:00:00,2026-10-03 00:00:00
954,Halloumi - Cheese,1,3826,Cheese,23.880000,"Poore and Nemecek (2018), via Our World in Data",https://ourworldindata.org/grapher/ghg-per-kg-poore,OWID ghg-per-kg-poore (2010 values),2018-06-01,2018-06-01,,GLOBAL,1,2026-10-03 00:00:00,2026-10-03 00:00:00
955,Hard-boiled egg - Eggs,18,3836,Eggs,4.670000,"Poore and Nemecek (2018), via Our World in Data",https://ourworldindata.org/grapher/ghg-per-kg-poore,OWID ghg-per-kg-poore (2010 values),2018-06-01,2018-06-01,,GLOBAL,1,2026-10-03 00:00:00,2026-10-03 00:00:00
956,Hard cheese emmental-type cheese reduced fat - Cheese,1,3838,Cheese,23.880000,"Poore and Nemecek (2018), via Our World in Data",https://ourworldindata.org/grapher/ghg-per-kg-poore,OWID ghg-per-kg-poore (2010 values),2018-06-01,2018-06-01,,GLOBAL,1,2026-10-03 00:00:00,2026-10-03 00:00:00
957,Hard cheeses - Cheese,1,3839,Cheese,23.880000,"Poore and Nemecek (2018), via Our World in Data",https://ourworldindata.org/grapher/ghg-per-kg-poore,OWID ghg-per-kg-poore (2010 values),2018-06-01,2018-06-01,,GLOBAL,1,2026-10-03 00:00:00,2026-10-03 00:00:00
958,Harrow Sweet pears - Other Fruit,5,3850,Other Fruit,1.050000,"Poore and Nemecek (2018), via Our World in Data",https://ourworldindata.org/grapher/ghg-per-kg-poore,OWID ghg-per-kg-poore (2010 values),2018-06-01,2018-06-01,,GLOBAL,1,2026-10-03 00:00:00,2026-10-03 00:00:00
959,Hass avocados - Other Fruit,5,3853,Other Fruit,1.050000,"Poore and Nemecek (2018), via Our World in Data",https://ourworldindata.org/grapher/ghg-per-kg-poore,OWID ghg-per-kg-poore (2010 values),2018-06-01,2018-06-01,,GLOBAL,1,2026-10-03 00:00:00,2026-10-03 00:00:00
960,Haymilk - Milk,1,3855,Milk,3.150000,"Poore and Nemecek (2018), via Our World in Data",https://ourworldindata.org/grapher/ghg-per-kg-poore,OWID ghg-per-kg-poore (2010 values),2018-06-01,2018-06-01,,GLOBAL,1,2026-10-03 00:00:00,2026-10-03 00:00:00
961,Hayward kiwifruits - Other Fruit,5,3856,Other Fruit,1.050000,"Poore and Nemecek (2018), via Our World in Data",https://ourworldindata.org/grapher/ghg-per-kg-poore,OWID ghg-per-kg-poore (2010 values),2018-06-01,2018-06-01,,GLOBAL,1,2026-10-03 00:00:00,2026-10-03 00:00:00
962,Hazelnuts from Reus - Other Fruit,5,3868,Other Fruit,1.050000,"Poore and Nemecek (2018), via Our World in Data",https://ourworldindata.org/grapher/ghg-per-kg-poore,OWID ghg-per-kg-poore (2010 values),2018-06-01,2018-06-01,,GLOBAL,1,2026-10-03 00:00:00,2026-10-03 00:00:00
963,Hearts of palm - Other Vegetables,4,3871,Other Vegetables,0.530000,"Poore and Nemecek (2018), via Our World in Data",https://ourworldindata.org/grapher/ghg-per-kg-poore,OWID ghg-per-kg-poore (2010 values),2018-06-01,2018-06-01,,GLOBAL,1,2026-10-03 00:00:00,2026-10-03 00:00:00
964,Heirloom tomatoe - Tomatoes,4,3875,Tomatoes,2.090000,"Poore and Nemecek (2018), via Our World in Data",https://ourworldindata.org/grapher/ghg-per-kg-poore,OWID ghg-per-kg-poore (2010 values),2018-06-01,2018-06-01,,GLOBAL,1,2026-10-03 00:00:00,2026-10-03 00:00:00
965,Herb cottage cheeses - Cheese,1,3881,Cheese,23.880000,"Poore and Nemecek (2018), via Our World in Data",https://ourworldindata.org/grapher/ghg-per-kg-poore,OWID ghg-per-kg-poore (2010 values),2018-06-01,2018-06-01,,GLOBAL,1,2026-10-03 00:00:00,2026-10-03 00:00:00
966,Herb marinated tofu - Tofu,16,3884,Tofu,3.160000,"Poore and Nemecek (2018), via Our World in Data",https://ourworldindata.org/grapher/ghg-per-kg-poore,OWID ghg-per-kg-poore (2010 values),2018-06-01,2018-06-01,,GLOBAL,1,2026-10-03 00:00:00,2026-10-03 00:00:00
967,High digestible milk - Milk,1,3897,Milk,3.150000,"Poore and Nemecek (2018), via Our World in Data",https://ourworldindata.org/grapher/ghg-per-kg-poore,OWID ghg-per-kg-poore (2010 values),2018-06-01,2018-06-01,,GLOBAL,1,2026-10-03 00:00:00,2026-10-03 00:00:00
968,Homogenized milks - Milk,1,3913,Milk,3.150000,"Poore and Nemecek (2018), via Our World in Data",https://ourworldindata.org/grapher/ghg-per-kg-poore,OWID ghg-per-kg-poore (2010 values),2018-06-01,2018-06-01,,GLOBAL,1,2026-10-03 00:00:00,2026-10-03 00:00:00
969,Honeydew melon pulp - Other Fruit,5,3930,Other Fruit,1.050000,"Poore and Nemecek (2018), via Our World in Data",https://ourworldindata.org/grapher/ghg-per-kg-poore,OWID ghg-per-kg-poore (2010 values),2018-06-01,2018-06-01,,GLOBAL,1,2026-10-03 00:00:00,2026-10-03 00:00:00
970,Honeydew melons - Other Fruit,5,3931,Other Fruit,1.050000,"Poore and Nemecek (2018), via Our World in Data",https://ourworldindata.org/grapher/ghg-per-kg-poore,OWID ghg-per-kg-poore (2010 values),2018-06-01,2018-06-01,,GLOBAL,1,2026-10-03 00:00:00,2026-10-03 00:00:00
971,Hungarian cheeses - Cheese,1,3962,Cheese,23.880000,"Poore and Nemecek (2018), via Our World in Data",https://ourworldindata.org/grapher/ghg-per-kg-poore,OWID ghg-per-kg-poore (2010 values),2018-06-01,2018-06-01,,GLOBAL,1,2026-10-03 00:00:00,2026-10-03 00:00:00
972,Iberian hard cheeses - Cheese,1,3973,Cheese,23.880000,"Poore and Nemecek (2018), via Our World in Data",https://ourworldindata.org/grapher/ghg-per-kg-poore,OWID ghg-per-kg-poore (2010 values),2018-06-01,2018-06-01,,GLOBAL,1,2026-10-03 00:00:00,2026-10-03 00:00:00
973,Idared apples - Other Fruit,5,3998,Other Fruit,1.050000,"Poore and Nemecek (2018), via Our World in Data",https://ourworldindata.org/grapher/ghg-per-kg-poore,OWID ghg-per-kg-poore (2010 values),2018-06-01,2018-06-01,,GLOBAL,1,2026-10-03 00:00:00,2026-10-03 00:00:00
974,Immature tamarind pulp - Other Fruit,5,4000,Other Fruit,1.050000,"Poore and Nemecek (2018), via Our World in Data",https://ourworldindata.org/grapher/ghg-per-kg-poore,OWID ghg-per-kg-poore (2010 values),2018-06-01,2018-06-01,,GLOBAL,1,2026-10-03 00:00:00,2026-10-03 00:00:00
975,Indian goosberry powders - Berries & Grapes,5,4003,Berries & Grapes,1.530000,"Poore and Nemecek (2018), via Our World in Data",https://ourworldindata.org/grapher/ghg-per-kg-poore,OWID ghg-per-kg-poore (2010 values),2018-06-01,2018-06-01,,GLOBAL,1,2026-10-03 00:00:00,2026-10-03 00:00:00
976,Indian Gooseberries - Berries & Grapes,5,4004,Berries & Grapes,1.530000,"Poore and Nemecek (2018), via Our World in Data",https://ourworldindata.org/grapher/ghg-per-kg-poore,OWID ghg-per-kg-poore (2010 values),2018-06-01,2018-06-01,,GLOBAL,1,2026-10-03 00:00:00,2026-10-03 00:00:00
977,Indica rices - Rice,14,4006,Rice,4.450000,"Poore and Nemecek (2018), via Our World in Data",https://ourworldindata.org/grapher/ghg-per-kg-poore,OWID ghg-per-kg-poore (2010 values),2018-06-01,2018-06-01,,GLOBAL,1,2026-10-03 00:00:00,2026-10-03 00:00:00
978,Industrial cheese - Cheese,1,4008,Cheese,23.880000,"Poore and Nemecek (2018), via Our World in Data",https://ourworldindata.org/grapher/ghg-per-kg-poore,OWID ghg-per-kg-poore (2010 values),2018-06-01,2018-06-01,,GLOBAL,1,2026-10-03 00:00:00,2026-10-03 00:00:00
979,Irish cheeses - Cheese,1,4032,Cheese,23.880000,"Poore and Nemecek (2018), via Our World in Data",https://ourworldindata.org/grapher/ghg-per-kg-poore,OWID ghg-per-kg-poore (2010 values),2018-06-01,2018-06-01,,GLOBAL,1,2026-10-03 00:00:00,2026-10-03 00:00:00
980,Isle of Man Manx Loaghtan Lamb - Lamb & Mutton,2,4041,Lamb & Mutton,39.720000,"Poore and Nemecek (2018), via Our World in Data",https://ourworldindata.org/grapher/ghg-per-kg-poore,OWID ghg-per-kg-poore (2010 values),2018-06-01,2018-06-01,,GLOBAL,1,2026-10-03 00:00:00,2026-10-03 00:00:00
981,Isle of Mull Cheddar - Cheese,1,4043,Cheese,23.880000,"Poore and Nemecek (2018), via Our World in Data",https://ourworldindata.org/grapher/ghg-per-kg-poore,OWID ghg-per-kg-poore (2010 values),2018-06-01,2018-06-01,,GLOBAL,1,2026-10-03 00:00:00,2026-10-03 00:00:00
982,Italian cheeses - Cheese,1,4045,Cheese,23.880000,"Poore and Nemecek (2018), via Our World in Data",https://ourworldindata.org/grapher/ghg-per-kg-poore,OWID ghg-per-kg-poore (2010 values),2018-06-01,2018-06-01,,GLOBAL,1,2026-10-03 00:00:00,2026-10-03 00:00:00
983,Japonica rices - Rice,14,4065,Rice,4.450000,"Poore and Nemecek (2018), via Our World in Data",https://ourworldindata.org/grapher/ghg-per-kg-poore,OWID ghg-per-kg-poore (2010 values),2018-06-01,2018-06-01,,GLOBAL,1,2026-10-03 00:00:00,2026-10-03 00:00:00
984,Jasmine rice - Rice,14,4066,Rice,4.450000,"Poore and Nemecek (2018), via Our World in Data",https://ourworldindata.org/grapher/ghg-per-kg-poore,OWID ghg-per-kg-poore (2010 values),2018-06-01,2018-06-01,,GLOBAL,1,2026-10-03 00:00:00,2026-10-03 00:00:00
985,Jerusalem artichoke - Other Vegetables,4,4070,Other Vegetables,0.530000,"Poore and Nemecek (2018), via Our World in Data",https://ourworldindata.org/grapher/ghg-per-kg-poore,OWID ghg-per-kg-poore (2010 values),2018-06-01,2018-06-01,,GLOBAL,1,2026-10-03 00:00:00,2026-10-03 00:00:00
986,Jonagold apples - Other Fruit,5,4074,Other Fruit,1.050000,"Poore and Nemecek (2018), via Our World in Data",https://ourworldindata.org/grapher/ghg-per-kg-poore,OWID ghg-per-kg-poore (2010 values),2018-06-01,2018-06-01,,GLOBAL,1,2026-10-03 00:00:00,2026-10-03 00:00:00
987,Jujube dates - Other Fruit,5,4079,Other Fruit,1.050000,"Poore and Nemecek (2018), via Our World in Data",https://ourworldindata.org/grapher/ghg-per-kg-poore,OWID ghg-per-kg-poore (2010 values),2018-06-01,2018-06-01,,GLOBAL,1,2026-10-03 00:00:00,2026-10-03 00:00:00
988,Juliet apples - Other Fruit,5,4081,Other Fruit,1.050000,"Poore and Nemecek (2018), via Our World in Data",https://ourworldindata.org/grapher/ghg-per-kg-poore,OWID ghg-per-kg-poore (2010 values),2018-06-01,2018-06-01,,GLOBAL,1,2026-10-03 00:00:00,2026-10-03 00:00:00
989,Jura blue cheese - Cheese,1,4085,Cheese,23.880000,"Poore and Nemecek (2018), via Our World in Data",https://ourworldindata.org/grapher/ghg-per-kg-poore,OWID ghg-per-kg-poore (2010 values),2018-06-01,2018-06-01,,GLOBAL,1,2026-10-03 00:00:00,2026-10-03 00:00:00
990,Kabuli chickpeas - Other Pulses,14,4086,Other Pulses,1.790000,"Poore and Nemecek (2018), via Our World in Data",https://ourworldindata.org/grapher/ghg-per-kg-poore,OWID ghg-per-kg-poore (2010 values),2018-06-01,2018-06-01,,GLOBAL,1,2026-10-03 00:00:00,2026-10-03 00:00:00
991,Kakis - Other Fruit,5,4090,Other Fruit,1.050000,"Poore and Nemecek (2018), via Our World in Data",https://ourworldindata.org/grapher/ghg-per-kg-poore,OWID ghg-per-kg-poore (2010 values),2018-06-01,2018-06-01,,GLOBAL,1,2026-10-03 00:00:00,2026-10-03 00:00:00
992,Kanzi apples - Other Fruit,5,4098,Other Fruit,1.050000,"Poore and Nemecek (2018), via Our World in Data",https://ourworldindata.org/grapher/ghg-per-kg-poore,OWID ghg-per-kg-poore (2010 values),2018-06-01,2018-06-01,,GLOBAL,1,2026-10-03 00:00:00,2026-10-03 00:00:00
993,Khorasan wheat flours - Wheat & Rye,14,4126,Wheat & Rye,1.570000,"Poore and Nemecek (2018), via Our World in Data",https://ourworldindata.org/grapher/ghg-per-kg-poore,OWID ghg-per-kg-poore (2010 values),2018-06-01,2018-06-01,,GLOBAL,1,2026-10-03 00:00:00,2026-10-03 00:00:00
994,Kiwifruit pulp and seeds - Other Fruit,5,4135,Other Fruit,1.050000,"Poore and Nemecek (2018), via Our World in Data",https://ourworldindata.org/grapher/ghg-per-kg-poore,OWID ghg-per-kg-poore (2010 values),2018-06-01,2018-06-01,,GLOBAL,1,2026-10-03 00:00:00,2026-10-03 00:00:00
995,Kiwifruits - Other Fruit,5,4138,Other Fruit,1.050000,"Poore and Nemecek (2018), via Our World in Data",https://ourworldindata.org/grapher/ghg-per-kg-poore,OWID ghg-per-kg-poore (2010 values),2018-06-01,2018-06-01,,GLOBAL,1,2026-10-03 00:00:00,2026-10-03 00:00:00
996,Kohlrabi - Other Vegetables,4,4142,Other Vegetables,0.530000,"Poore and Nemecek (2018), via Our World in Data",https://ourworldindata.org/grapher/ghg-per-kg-poore,OWID ghg-per-kg-poore (2010 values),2018-06-01,2018-06-01,,GLOBAL,1,2026-10-03 00:00:00,2026-10-03 00:00:00
997,Kolam rices - Rice,14,4146,Rice,4.450000,"Poore and Nemecek (2018), via Our World in Data",https://ourworldindata.org/grapher/ghg-per-kg-poore,OWID ghg-per-kg-poore (2010 values),2018-06-01,2018-06-01,,GLOBAL,1,2026-10-03 00:00:00,2026-10-03 00:00:00
998,Koshihikari rices - Rice,14,4157,Rice,4.450000,"Poore and Nemecek (2018), via Our World in Data",https://ourworldindata.org/grapher/ghg-per-kg-poore,OWID ghg-per-kg-poore (2010 values),2018-06-01,2018-06-01,,GLOBAL,1,2026-10-03 00:00:00,2026-10-03 00:00:00
999,Kumquat without pips - Other Fruit,5,4162,Other Fruit,1.050000,"Poore and Nemecek (2018), via Our World in Data",https://ourworldindata.org/grapher/ghg-per-kg-poore,OWID ghg-per-kg-poore (2010 values),2018-06-01,2018-06-01,,GLOBAL,1,2026-10-03 00:00:00,2026-10-03 00:00:00
1000,Kumquats - Other Fruit,5,4163,Other Fruit,1.050000,"Poore and Nemecek (2018), via Our World in Data",https://ourworldindata.org/grapher/ghg-per-kg-poore,OWID ghg-per-kg-poore (2010 values),2018-06-01,2018-06-01,,GLOBAL,1,2026-10-03 00:00:00,2026-10-03 00:00:00
1001,Lactose-free cheeses - Cheese,1,4168,Cheese,23.880000,"Poore and Nemecek (2018), via Our World in Data",https://ourworldindata.org/grapher/ghg-per-kg-poore,OWID ghg-per-kg-poore (2010 values),2018-06-01,2018-06-01,,GLOBAL,1,2026-10-03 00:00:00,2026-10-03 00:00:00
1002,Lactose-free milk - Milk,1,4170,Milk,3.150000,"Poore and Nemecek (2018), via Our World in Data",https://ourworldindata.org/grapher/ghg-per-kg-poore,OWID ghg-per-kg-poore (2010 values),2018-06-01,2018-06-01,,GLOBAL,1,2026-10-03 00:00:00,2026-10-03 00:00:00
1003,Lamb bone - Lamb & Mutton,2,4175,Lamb & Mutton,39.720000,"Poore and Nemecek (2018), via Our World in Data",https://ourworldindata.org/grapher/ghg-per-kg-poore,OWID ghg-per-kg-poore (2010 values),2018-06-01,2018-06-01,,GLOBAL,1,2026-10-03 00:00:00,2026-10-03 00:00:00
1004,Lamb brain - Lamb & Mutton,2,4176,Lamb & Mutton,39.720000,"Poore and Nemecek (2018), via Our World in Data",https://ourworldindata.org/grapher/ghg-per-kg-poore,OWID ghg-per-kg-poore (2010 values),2018-06-01,2018-06-01,,GLOBAL,1,2026-10-03 00:00:00,2026-10-03 00:00:00
1005,Lamb breast - Lamb & Mutton,2,4177,Lamb & Mutton,39.720000,"Poore and Nemecek (2018), via Our World in Data",https://ourworldindata.org/grapher/ghg-per-kg-poore,OWID ghg-per-kg-poore (2010 values),2018-06-01,2018-06-01,,GLOBAL,1,2026-10-03 00:00:00,2026-10-03 00:00:00
1006,Lamb carcass - Lamb & Mutton,2,4178,Lamb & Mutton,39.720000,"Poore and Nemecek (2018), via Our World in Data",https://ourworldindata.org/grapher/ghg-per-kg-poore,OWID ghg-per-kg-poore (2010 values),2018-06-01,2018-06-01,,GLOBAL,1,2026-10-03 00:00:00,2026-10-03 00:00:00
1007,Lamb chop fillet - Lamb & Mutton,2,4179,Lamb & Mutton,39.720000,"Poore and Nemecek (2018), via Our World in Data",https://ourworldindata.org/grapher/ghg-per-kg-poore,OWID ghg-per-kg-poore (2010 values),2018-06-01,2018-06-01,,GLOBAL,1,2026-10-03 00:00:00,2026-10-03 00:00:00
1008,Lamb cutlet - Lamb & Mutton,2,4181,Lamb & Mutton,39.720000,"Poore and Nemecek (2018), via Our World in Data",https://ourworldindata.org/grapher/ghg-per-kg-poore,OWID ghg-per-kg-poore (2010 values),2018-06-01,2018-06-01,,GLOBAL,1,2026-10-03 00:00:00,2026-10-03 00:00:00
1009,Lamb fat - Lamb & Mutton,2,4182,Lamb & Mutton,39.720000,"Poore and Nemecek (2018), via Our World in Data",https://ourworldindata.org/grapher/ghg-per-kg-poore,OWID ghg-per-kg-poore (2010 values),2018-06-01,2018-06-01,,GLOBAL,1,2026-10-03 00:00:00,2026-10-03 00:00:00
1010,Lamb heart - Lamb & Mutton,2,4183,Lamb & Mutton,39.720000,"Poore and Nemecek (2018), via Our World in Data",https://ourworldindata.org/grapher/ghg-per-kg-poore,OWID ghg-per-kg-poore (2010 values),2018-06-01,2018-06-01,,GLOBAL,1,2026-10-03 00:00:00,2026-10-03 00:00:00
1011,Lamb kidneys - Lamb & Mutton,2,4185,Lamb & Mutton,39.720000,"Poore and Nemecek (2018), via Our World in Data",https://ourworldindata.org/grapher/ghg-per-kg-poore,OWID ghg-per-kg-poore (2010 values),2018-06-01,2018-06-01,,GLOBAL,1,2026-10-03 00:00:00,2026-10-03 00:00:00
1012,Lamb liver - Lamb & Mutton,2,4186,Lamb & Mutton,39.720000,"Poore and Nemecek (2018), via Our World in Data",https://ourworldindata.org/grapher/ghg-per-kg-poore,OWID ghg-per-kg-poore (2010 values),2018-06-01,2018-06-01,,GLOBAL,1,2026-10-03 00:00:00,2026-10-03 00:00:00
1013,Lamb loin - Lamb & Mutton,2,4187,Lamb & Mutton,39.720000,"Poore and Nemecek (2018), via Our World in Data",https://ourworldindata.org/grapher/ghg-per-kg-poore,OWID ghg-per-kg-poore (2010 values),2018-06-01,2018-06-01,,GLOBAL,1,2026-10-03 00:00:00,2026-10-03 00:00:00
1014,Lamb meat - Lamb & Mutton,2,4188,Lamb & Mutton,39.720000,"Poore and Nemecek (2018), via Our World in Data",https://ourworldindata.org/grapher/ghg-per-kg-poore,OWID ghg-per-kg-poore (2010 values),2018-06-01,2018-06-01,,GLOBAL,1,2026-10-03 00:00:00,2026-10-03 00:00:00
1015,Lamb neck - Lamb & Mutton,2,4189,Lamb & Mutton,39.720000,"Poore and Nemecek (2018), via Our World in Data",https://ourworldindata.org/grapher/ghg-per-kg-poore,OWID ghg-per-kg-poore (2010 values),2018-06-01,2018-06-01,,GLOBAL,1,2026-10-03 00:00:00,2026-10-03 00:00:00
1016,Lamb offals - Lamb & Mutton,2,4190,Lamb & Mutton,39.720000,"Poore and Nemecek (2018), via Our World in Data",https://ourworldindata.org/grapher/ghg-per-kg-poore,OWID ghg-per-kg-poore (2010 values),2018-06-01,2018-06-01,,GLOBAL,1,2026-10-03 00:00:00,2026-10-03 00:00:00
1017,Lamb on skewer - Lamb & Mutton,2,4191,Lamb & Mutton,39.720000,"Poore and Nemecek (2018), via Our World in Data",https://ourworldindata.org/grapher/ghg-per-kg-poore,OWID ghg-per-kg-poore (2010 values),2018-06-01,2018-06-01,,GLOBAL,1,2026-10-03 00:00:00,2026-10-03 00:00:00
1018,Lamb rack - Lamb & Mutton,2,4192,Lamb & Mutton,39.720000,"Poore and Nemecek (2018), via Our World in Data",https://ourworldindata.org/grapher/ghg-per-kg-poore,OWID ghg-per-kg-poore (2010 values),2018-06-01,2018-06-01,,GLOBAL,1,2026-10-03 00:00:00,2026-10-03 00:00:00
1019,Lamb rib chop - Lamb & Mutton,2,4193,Lamb & Mutton,39.720000,"Poore and Nemecek (2018), via Our World in Data",https://ourworldindata.org/grapher/ghg-per-kg-poore,OWID ghg-per-kg-poore (2010 values),2018-06-01,2018-06-01,,GLOBAL,1,2026-10-03 00:00:00,2026-10-03 00:00:00
1020,Lamb saddle - Lamb & Mutton,2,4195,Lamb & Mutton,39.720000,"Poore and Nemecek (2018), via Our World in Data",https://ourworldindata.org/grapher/ghg-per-kg-poore,OWID ghg-per-kg-poore (2010 values),2018-06-01,2018-06-01,,GLOBAL,1,2026-10-03 00:00:00,2026-10-03 00:00:00
1021,Lamb sweetbread - Lamb & Mutton,2,4196,Lamb & Mutton,39.720000,"Poore and Nemecek (2018), via Our World in Data",https://ourworldindata.org/grapher/ghg-per-kg-poore,OWID ghg-per-kg-poore (2010 values),2018-06-01,2018-06-01,,GLOBAL,1,2026-10-03 00:00:00,2026-10-03 00:00:00
1022,Lancashire cheese - Cheese,1,4200,Cheese,23.880000,"Poore and Nemecek (2018), via Our World in Data",https://ourworldindata.org/grapher/ghg-per-kg-poore,OWID ghg-per-kg-poore (2010 values),2018-06-01,2018-06-01,,GLOBAL,1,2026-10-03 00:00:00,2026-10-03 00:00:00
1023,Leaf salads - Other Vegetables,4,4218,Other Vegetables,0.530000,"Poore and Nemecek (2018), via Our World in Data",https://ourworldindata.org/grapher/ghg-per-kg-poore,OWID ghg-per-kg-poore (2010 values),2018-06-01,2018-06-01,,GLOBAL,1,2026-10-03 00:00:00,2026-10-03 00:00:00
1024,Leaf vegetables - Other Vegetables,4,4219,Other Vegetables,0.530000,"Poore and Nemecek (2018), via Our World in Data",https://ourworldindata.org/grapher/ghg-per-kg-poore,OWID ghg-per-kg-poore (2010 values),2018-06-01,2018-06-01,,GLOBAL,1,2026-10-03 00:00:00,2026-10-03 00:00:00
1025,Lean lamb shoulder - Lamb & Mutton,2,4223,Lamb & Mutton,39.720000,"Poore and Nemecek (2018), via Our World in Data",https://ourworldindata.org/grapher/ghg-per-kg-poore,OWID ghg-per-kg-poore (2010 values),2018-06-01,2018-06-01,,GLOBAL,1,2026-10-03 00:00:00,2026-10-03 00:00:00
1026,Lechoso chickpeas - Other Pulses,14,4225,Other Pulses,1.790000,"Poore and Nemecek (2018), via Our World in Data",https://ourworldindata.org/grapher/ghg-per-kg-poore,OWID ghg-per-kg-poore (2010 values),2018-06-01,2018-06-01,,GLOBAL,1,2026-10-03 00:00:00,2026-10-03 00:00:00
1027,Leeks - Onions & Leeks,4,4229,Onions & Leeks,0.500000,"Poore and Nemecek (2018), via Our World in Data",https://ourworldindata.org/grapher/ghg-per-kg-poore,OWID ghg-per-kg-poore (2010 values),2018-06-01,2018-06-01,,GLOBAL,1,2026-10-03 00:00:00,2026-10-03 00:00:00
1028,Lemon pulp - Citrus Fruit,5,4248,Citrus Fruit,0.390000,"Poore and Nemecek (2018), via Our World in Data",https://ourworldindata.org/grapher/ghg-per-kg-poore,OWID ghg-per-kg-poore (2010 values),2018-06-01,2018-06-01,,GLOBAL,1,2026-10-03 00:00:00,2026-10-03 00:00:00
1029,Lemon zest - Citrus Fruit,5,4255,Citrus Fruit,0.390000,"Poore and Nemecek (2018), via Our World in Data",https://ourworldindata.org/grapher/ghg-per-kg-poore,OWID ghg-per-kg-poore (2010 values),2018-06-01,2018-06-01,,GLOBAL,1,2026-10-03 00:00:00,2026-10-03 00:00:00
1030,Lemons - Citrus Fruit,5,4261,Citrus Fruit,0.390000,"Poore and Nemecek (2018), via Our World in Data",https://ourworldindata.org/grapher/ghg-per-kg-poore,OWID ghg-per-kg-poore (2010 values),2018-06-01,2018-06-01,,GLOBAL,1,2026-10-03 00:00:00,2026-10-03 00:00:00
1031,Lemons Primofiori - Citrus Fruit,5,4263,Citrus Fruit,0.390000,"Poore and Nemecek (2018), via Our World in Data",https://ourworldindata.org/grapher/ghg-per-kg-poore,OWID ghg-per-kg-poore (2010 values),2018-06-01,2018-06-01,,GLOBAL,1,2026-10-03 00:00:00,2026-10-03 00:00:00
1032,Lentil pasta - Other Pulses,14,4266,Other Pulses,1.790000,"Poore and Nemecek (2018), via Our World in Data",https://ourworldindata.org/grapher/ghg-per-kg-poore,OWID ghg-per-kg-poore (2010 values),2018-06-01,2018-06-01,,GLOBAL,1,2026-10-03 00:00:00,2026-10-03 00:00:00
1033,Lentil sprouts - Other Pulses,14,4270,Other Pulses,1.790000,"Poore and Nemecek (2018), via Our World in Data",https://ourworldindata.org/grapher/ghg-per-kg-poore,OWID ghg-per-kg-poore (2010 values),2018-06-01,2018-06-01,,GLOBAL,1,2026-10-03 00:00:00,2026-10-03 00:00:00
1034,Lentils - Other Pulses,14,4271,Other Pulses,1.790000,"Poore and Nemecek (2018), via Our World in Data",https://ourworldindata.org/grapher/ghg-per-kg-poore,OWID ghg-per-kg-poore (2010 values),2018-06-01,2018-06-01,,GLOBAL,1,2026-10-03 00:00:00,2026-10-03 00:00:00
1035,Lettuces - Other Vegetables,4,4274,Other Vegetables,0.530000,"Poore and Nemecek (2018), via Our World in Data",https://ourworldindata.org/grapher/ghg-per-kg-poore,OWID ghg-per-kg-poore (2010 values),2018-06-01,2018-06-01,,GLOBAL,1,2026-10-03 00:00:00,2026-10-03 00:00:00
1036,Light cheese buche from goat's milk - Cheese,1,4279,Cheese,23.880000,"Poore and Nemecek (2018), via Our World in Data",https://ourworldindata.org/grapher/ghg-per-kg-poore,OWID ghg-per-kg-poore (2010 values),2018-06-01,2018-06-01,,GLOBAL,1,2026-10-03 00:00:00,2026-10-03 00:00:00
1037,Lime pulp - Citrus Fruit,5,4298,Citrus Fruit,0.390000,"Poore and Nemecek (2018), via Our World in Data",https://ourworldindata.org/grapher/ghg-per-kg-poore,OWID ghg-per-kg-poore (2010 values),2018-06-01,2018-06-01,,GLOBAL,1,2026-10-03 00:00:00,2026-10-03 00:00:00
1038,Limes - Citrus Fruit,5,4300,Citrus Fruit,0.390000,"Poore and Nemecek (2018), via Our World in Data",https://ourworldindata.org/grapher/ghg-per-kg-poore,OWID ghg-per-kg-poore (2010 values),2018-06-01,2018-06-01,,GLOBAL,1,2026-10-03 00:00:00,2026-10-03 00:00:00
1039,Lincolnshire Poacher cheese - Cheese,1,4303,Cheese,23.880000,"Poore and Nemecek (2018), via Our World in Data",https://ourworldindata.org/grapher/ghg-per-kg-poore,OWID ghg-per-kg-poore (2010 values),2018-06-01,2018-06-01,,GLOBAL,1,2026-10-03 00:00:00,2026-10-03 00:00:00
1040,Lingonberries - Berries & Grapes,5,4306,Berries & Grapes,1.530000,"Poore and Nemecek (2018), via Our World in Data",https://ourworldindata.org/grapher/ghg-per-kg-poore,OWID ghg-per-kg-poore (2010 values),2018-06-01,2018-06-01,,GLOBAL,1,2026-10-03 00:00:00,2026-10-03 00:00:00
1041,Lithuanian cheeses - Cheese,1,4324,Cheese,23.880000,"Poore and Nemecek (2018), via Our World in Data",https://ourworldindata.org/grapher/ghg-per-kg-poore,OWID ghg-per-kg-poore (2010 values),2018-06-01,2018-06-01,,GLOBAL,1,2026-10-03 00:00:00,2026-10-03 00:00:00
1042,Lithuanian curd cheese - Cheese,1,4325,Cheese,23.880000,"Poore and Nemecek (2018), via Our World in Data",https://ourworldindata.org/grapher/ghg-per-kg-poore,OWID ghg-per-kg-poore (2010 values),2018-06-01,2018-06-01,,GLOBAL,1,2026-10-03 00:00:00,2026-10-03 00:00:00
1043,Long grain rices - Rice,14,4342,Rice,4.450000,"Poore and Nemecek (2018), via Our World in Data",https://ourworldindata.org/grapher/ghg-per-kg-poore,OWID ghg-per-kg-poore (2010 values),2018-06-01,2018-06-01,,GLOBAL,1,2026-10-03 00:00:00,2026-10-03 00:00:00
1044,Loose lettuce leaves - Other Vegetables,4,4345,Other Vegetables,0.530000,"Poore and Nemecek (2018), via Our World in Data",https://ourworldindata.org/grapher/ghg-per-kg-poore,OWID ghg-per-kg-poore (2010 values),2018-06-01,2018-06-01,,GLOBAL,1,2026-10-03 00:00:00,2026-10-03 00:00:00
1045,Low-lactose milk - Milk,1,4358,Milk,3.150000,"Poore and Nemecek (2018), via Our World in Data",https://ourworldindata.org/grapher/ghg-per-kg-poore,OWID ghg-per-kg-poore (2010 values),2018-06-01,2018-06-01,,GLOBAL,1,2026-10-03 00:00:00,2026-10-03 00:00:00
1046,Lychee pulp - Other Fruit,5,4373,Other Fruit,1.050000,"Poore and Nemecek (2018), via Our World in Data",https://ourworldindata.org/grapher/ghg-per-kg-poore,OWID ghg-per-kg-poore (2010 values),2018-06-01,2018-06-01,,GLOBAL,1,2026-10-03 00:00:00,2026-10-03 00:00:00
1047,Lychees - Other Fruit,5,4374,Other Fruit,1.050000,"Poore and Nemecek (2018), via Our World in Data",https://ourworldindata.org/grapher/ghg-per-kg-poore,OWID ghg-per-kg-poore (2010 values),2018-06-01,2018-06-01,,GLOBAL,1,2026-10-03 00:00:00,2026-10-03 00:00:00
1048,Lymeswold cheese - Cheese,1,4376,Cheese,23.880000,"Poore and Nemecek (2018), via Our World in Data",https://ourworldindata.org/grapher/ghg-per-kg-poore,OWID ghg-per-kg-poore (2010 values),2018-06-01,2018-06-01,,GLOBAL,1,2026-10-03 00:00:00,2026-10-03 00:00:00
1049,Maconnais wines - Wine,7,4404,Wine,1.790000,"Poore and Nemecek (2018), via Our World in Data",https://ourworldindata.org/grapher/ghg-per-kg-poore,OWID ghg-per-kg-poore (2010 values),2018-06-01,2018-06-01,,GLOBAL,1,2026-10-03 00:00:00,2026-10-03 00:00:00
1050,Madeira Wine - Wine,7,4405,Wine,1.790000,"Poore and Nemecek (2018), via Our World in Data",https://ourworldindata.org/grapher/ghg-per-kg-poore,OWID ghg-per-kg-poore (2010 values),2018-06-01,2018-06-01,,GLOBAL,1,2026-10-03 00:00:00,2026-10-03 00:00:00
1051,Maize bran - Maize,14,4413,Maize,1.700000,"Poore and Nemecek (2018), via Our World in Data",https://ourworldindata.org/grapher/ghg-per-kg-poore,OWID ghg-per-kg-poore (2010 values),2018-06-01,2018-06-01,,GLOBAL,1,2026-10-03 00:00:00,2026-10-03 00:00:00
1052,Mandarin pulp - Citrus Fruit,5,4421,Citrus Fruit,0.390000,"Poore and Nemecek (2018), via Our World in Data",https://ourworldindata.org/grapher/ghg-per-kg-poore,OWID ghg-per-kg-poore (2010 values),2018-06-01,2018-06-01,,GLOBAL,1,2026-10-03 00:00:00,2026-10-03 00:00:00
1053,Mandarins - Citrus Fruit,5,4423,Citrus Fruit,0.390000,"Poore and Nemecek (2018), via Our World in Data",https://ourworldindata.org/grapher/ghg-per-kg-poore,OWID ghg-per-kg-poore (2010 values),2018-06-01,2018-06-01,,GLOBAL,1,2026-10-03 00:00:00,2026-10-03 00:00:00
1054,Mango imported by boat - Other Fruit,5,4427,Other Fruit,1.050000,"Poore and Nemecek (2018), via Our World in Data",https://ourworldindata.org/grapher/ghg-per-kg-poore,OWID ghg-per-kg-poore (2010 values),2018-06-01,2018-06-01,,GLOBAL,1,2026-10-03 00:00:00,2026-10-03 00:00:00
1055,Mango imported by plane - Other Fruit,5,4428,Other Fruit,1.050000,"Poore and Nemecek (2018), via Our World in Data",https://ourworldindata.org/grapher/ghg-per-kg-poore,OWID ghg-per-kg-poore (2010 values),2018-06-01,2018-06-01,,GLOBAL,1,2026-10-03 00:00:00,2026-10-03 00:00:00
1056,Mango pulp - Other Fruit,5,4431,Other Fruit,1.050000,"Poore and Nemecek (2018), via Our World in Data",https://ourworldindata.org/grapher/ghg-per-kg-poore,OWID ghg-per-kg-poore (2010 values),2018-06-01,2018-06-01,,GLOBAL,1,2026-10-03 00:00:00,2026-10-03 00:00:00
1057,Mangoes - Other Fruit,5,4434,Other Fruit,1.050000,"Poore and Nemecek (2018), via Our World in Data",https://ourworldindata.org/grapher/ghg-per-kg-poore,OWID ghg-per-kg-poore (2010 values),2018-06-01,2018-06-01,,GLOBAL,1,2026-10-03 00:00:00,2026-10-03 00:00:00
1058,Marbled beef ribs - Beef (beef herd),2,4446,Beef (beef herd),99.480000,"Poore and Nemecek (2018), via Our World in Data",https://ourworldindata.org/grapher/ghg-per-kg-poore,OWID ghg-per-kg-poore (2010 values),2018-06-01,2018-06-01,,GLOBAL,1,2026-10-03 00:00:00,2026-10-03 00:00:00
1059,Mare's milk - Milk,1,4448,Milk,3.150000,"Poore and Nemecek (2018), via Our World in Data",https://ourworldindata.org/grapher/ghg-per-kg-poore,OWID ghg-per-kg-poore (2010 values),2018-06-01,2018-06-01,,GLOBAL,1,2026-10-03 00:00:00,2026-10-03 00:00:00
1060,Marinated chicken breasts - Poultry Meat,2,4460,Poultry Meat,9.870000,"Poore and Nemecek (2018), via Our World in Data",https://ourworldindata.org/grapher/ghg-per-kg-poore,OWID ghg-per-kg-poore (2010 values),2018-06-01,2018-06-01,,GLOBAL,1,2026-10-03 00:00:00,2026-10-03 00:00:00
1061,Marinated chicken drumsticks - Poultry Meat,2,4461,Poultry Meat,9.870000,"Poore and Nemecek (2018), via Our World in Data",https://ourworldindata.org/grapher/ghg-per-kg-poore,OWID ghg-per-kg-poore (2010 values),2018-06-01,2018-06-01,,GLOBAL,1,2026-10-03 00:00:00,2026-10-03 00:00:00
1062,Marinated chicken meats - Poultry Meat,2,4462,Poultry Meat,9.870000,"Poore and Nemecek (2018), via Our World in Data",https://ourworldindata.org/grapher/ghg-per-kg-poore,OWID ghg-per-kg-poore (2010 values),2018-06-01,2018-06-01,,GLOBAL,1,2026-10-03 00:00:00,2026-10-03 00:00:00
1063,Marinated hacked chicken - Poultry Meat,2,4465,Poultry Meat,9.870000,"Poore and Nemecek (2018), via Our World in Data",https://ourworldindata.org/grapher/ghg-per-kg-poore,OWID ghg-per-kg-poore (2010 values),2018-06-01,2018-06-01,,GLOBAL,1,2026-10-03 00:00:00,2026-10-03 00:00:00
1064,Marinated tofu - Tofu,16,4468,Tofu,3.160000,"Poore and Nemecek (2018), via Our World in Data",https://ourworldindata.org/grapher/ghg-per-kg-poore,OWID ghg-per-kg-poore (2010 values),2018-06-01,2018-06-01,,GLOBAL,1,2026-10-03 00:00:00,2026-10-03 00:00:00
1065,Maroilles fermier cheese - Cheese,1,4475,Cheese,23.880000,"Poore and Nemecek (2018), via Our World in Data",https://ourworldindata.org/grapher/ghg-per-kg-poore,OWID ghg-per-kg-poore (2010 values),2018-06-01,2018-06-01,,GLOBAL,1,2026-10-03 00:00:00,2026-10-03 00:00:00
1066,Maroilles laitier cheese - Cheese,1,4476,Cheese,23.880000,"Poore and Nemecek (2018), via Our World in Data",https://ourworldindata.org/grapher/ghg-per-kg-poore,OWID ghg-per-kg-poore (2010 values),2018-06-01,2018-06-01,,GLOBAL,1,2026-10-03 00:00:00,2026-10-03 00:00:00
1067,Marrowfat peas - Peas,14,4479,Peas,0.980000,"Poore and Nemecek (2018), via Our World in Data",https://ourworldindata.org/grapher/ghg-per-kg-poore,OWID ghg-per-kg-poore (2010 values),2018-06-01,2018-06-01,,GLOBAL,1,2026-10-03 00:00:00,2026-10-03 00:00:00
1068,Mascarpone - Cheese,1,4491,Cheese,23.880000,"Poore and Nemecek (2018), via Our World in Data",https://ourworldindata.org/grapher/ghg-per-kg-poore,OWID ghg-per-kg-poore (2010 values),2018-06-01,2018-06-01,,GLOBAL,1,2026-10-03 00:00:00,2026-10-03 00:00:00
1069,Mashed cauliflower - Brassicas,4,4492,Brassicas,0.510000,"Poore and Nemecek (2018), via Our World in Data",https://ourworldindata.org/grapher/ghg-per-kg-poore,OWID ghg-per-kg-poore (2010 values),2018-06-01,2018-06-01,,GLOBAL,1,2026-10-03 00:00:00,2026-10-03 00:00:00
1070,Mashua - Other Vegetables,4,4493,Other Vegetables,0.530000,"Poore and Nemecek (2018), via Our World in Data",https://ourworldindata.org/grapher/ghg-per-kg-poore,OWID ghg-per-kg-poore (2010 values),2018-06-01,2018-06-01,,GLOBAL,1,2026-10-03 00:00:00,2026-10-03 00:00:00
1071,Matooke bananas - Bananas,5,4498,Bananas,0.860000,"Poore and Nemecek (2018), via Our World in Data",https://ourworldindata.org/grapher/ghg-per-kg-poore,OWID ghg-per-kg-poore (2010 values),2018-06-01,2018-06-01,,GLOBAL,1,2026-10-03 00:00:00,2026-10-03 00:00:00
1072,Mature cheddar - Cheese,1,4499,Cheese,23.880000,"Poore and Nemecek (2018), via Our World in Data",https://ourworldindata.org/grapher/ghg-per-kg-poore,OWID ghg-per-kg-poore (2010 values),2018-06-01,2018-06-01,,GLOBAL,1,2026-10-03 00:00:00,2026-10-03 00:00:00
1073,Matured Gouda - Cheese,1,4500,Cheese,23.880000,"Poore and Nemecek (2018), via Our World in Data",https://ourworldindata.org/grapher/ghg-per-kg-poore,OWID ghg-per-kg-poore (2010 values),2018-06-01,2018-06-01,,GLOBAL,1,2026-10-03 00:00:00,2026-10-03 00:00:00
1074,Mazafati dates - Other Fruit,5,4504,Other Fruit,1.050000,"Poore and Nemecek (2018), via Our World in Data",https://ourworldindata.org/grapher/ghg-per-kg-poore,OWID ghg-per-kg-poore (2010 values),2018-06-01,2018-06-01,,GLOBAL,1,2026-10-03 00:00:00,2026-10-03 00:00:00
1075,Medium grain rices - Rice,14,4539,Rice,4.450000,"Poore and Nemecek (2018), via Our World in Data",https://ourworldindata.org/grapher/ghg-per-kg-poore,OWID ghg-per-kg-poore (2010 values),2018-06-01,2018-06-01,,GLOBAL,1,2026-10-03 00:00:00,2026-10-03 00:00:00
1076,Medjool dates - Other Fruit,5,4541,Other Fruit,1.050000,"Poore and Nemecek (2018), via Our World in Data",https://ourworldindata.org/grapher/ghg-per-kg-poore,OWID ghg-per-kg-poore (2010 values),2018-06-01,2018-06-01,,GLOBAL,1,2026-10-03 00:00:00,2026-10-03 00:00:00
1077,Medlars - Other Fruit,5,4542,Other Fruit,1.050000,"Poore and Nemecek (2018), via Our World in Data",https://ourworldindata.org/grapher/ghg-per-kg-poore,OWID ghg-per-kg-poore (2010 values),2018-06-01,2018-06-01,,GLOBAL,1,2026-10-03 00:00:00,2026-10-03 00:00:00
1078,Medoc wines - Wine,7,4543,Wine,1.790000,"Poore and Nemecek (2018), via Our World in Data",https://ourworldindata.org/grapher/ghg-per-kg-poore,OWID ghg-per-kg-poore (2010 values),2018-06-01,2018-06-01,,GLOBAL,1,2026-10-03 00:00:00,2026-10-03 00:00:00
1079,Melons - Other Fruit,5,4550,Other Fruit,1.050000,"Poore and Nemecek (2018), via Our World in Data",https://ourworldindata.org/grapher/ghg-per-kg-poore,OWID ghg-per-kg-poore (2010 values),2018-06-01,2018-06-01,,GLOBAL,1,2026-10-03 00:00:00,2026-10-03 00:00:00
1080,Mesclun - Other Vegetables,4,4554,Other Vegetables,0.530000,"Poore and Nemecek (2018), via Our World in Data",https://ourworldindata.org/grapher/ghg-per-kg-poore,OWID ghg-per-kg-poore (2010 values),2018-06-01,2018-06-01,,GLOBAL,1,2026-10-03 00:00:00,2026-10-03 00:00:00
1081,Mexican cheeses - Cheese,1,4557,Cheese,23.880000,"Poore and Nemecek (2018), via Our World in Data",https://ourworldindata.org/grapher/ghg-per-kg-poore,OWID ghg-per-kg-poore (2010 values),2018-06-01,2018-06-01,,GLOBAL,1,2026-10-03 00:00:00,2026-10-03 00:00:00
1082,Microfiltered milks - Milk,1,4560,Milk,3.150000,"Poore and Nemecek (2018), via Our World in Data",https://ourworldindata.org/grapher/ghg-per-kg-poore,OWID ghg-per-kg-poore (2010 values),2018-06-01,2018-06-01,,GLOBAL,1,2026-10-03 00:00:00,2026-10-03 00:00:00
1083,Mild cheddar - Cheese,1,4563,Cheese,23.880000,"Poore and Nemecek (2018), via Our World in Data",https://ourworldindata.org/grapher/ghg-per-kg-poore,OWID ghg-per-kg-poore (2010 values),2018-06-01,2018-06-01,,GLOBAL,1,2026-10-03 00:00:00,2026-10-03 00:00:00
1084,Milk permeate - Milk,1,4589,Milk,3.150000,"Poore and Nemecek (2018), via Our World in Data",https://ourworldindata.org/grapher/ghg-per-kg-poore,OWID ghg-per-kg-poore (2010 values),2018-06-01,2018-06-01,,GLOBAL,1,2026-10-03 00:00:00,2026-10-03 00:00:00
1085,Milks - Milk,1,4595,Milk,3.150000,"Poore and Nemecek (2018), via Our World in Data",https://ourworldindata.org/grapher/ghg-per-kg-poore,OWID ghg-per-kg-poore (2010 values),2018-06-01,2018-06-01,,GLOBAL,1,2026-10-03 00:00:00,2026-10-03 00:00:00
1086,Milks from Austria - Milk,1,4597,Milk,3.150000,"Poore and Nemecek (2018), via Our World in Data",https://ourworldindata.org/grapher/ghg-per-kg-poore,OWID ghg-per-kg-poore (2010 values),2018-06-01,2018-06-01,,GLOBAL,1,2026-10-03 00:00:00,2026-10-03 00:00:00
1087,Millet groats - Oatmeal,14,4609,Oatmeal,2.480000,"Poore and Nemecek (2018), via Our World in Data",https://ourworldindata.org/grapher/ghg-per-kg-poore,OWID ghg-per-kg-poore (2010 values),2018-06-01,2018-06-01,,GLOBAL,1,2026-10-03 00:00:00,2026-10-03 00:00:00
1088,Mimolette cheese - Cheese,1,4611,Cheese,23.880000,"Poore and Nemecek (2018), via Our World in Data",https://ourworldindata.org/grapher/ghg-per-kg-poore,OWID ghg-per-kg-poore (2010 values),2018-06-01,2018-06-01,,GLOBAL,1,2026-10-03 00:00:00,2026-10-03 00:00:00
1089,Minced beef steak with 10% fat - Beef (beef herd),2,4612,Beef (beef herd),99.480000,"Poore and Nemecek (2018), via Our World in Data",https://ourworldindata.org/grapher/ghg-per-kg-poore,OWID ghg-per-kg-poore (2010 values),2018-06-01,2018-06-01,,GLOBAL,1,2026-10-03 00:00:00,2026-10-03 00:00:00
1090,Minced beef steak with 15% fat - Beef (beef herd),2,4613,Beef (beef herd),99.480000,"Poore and Nemecek (2018), via Our World in Data",https://ourworldindata.org/grapher/ghg-per-kg-poore,OWID ghg-per-kg-poore (2010 values),2018-06-01,2018-06-01,,GLOBAL,1,2026-10-03 00:00:00,2026-10-03 00:00:00
1091,Minced beef steak with 20% fat - Beef (beef herd),2,4614,Beef (beef herd),99.480000,"Poore and Nemecek (2018), via Our World in Data",https://ourworldindata.org/grapher/ghg-per-kg-poore,OWID ghg-per-kg-poore (2010 values),2018-06-01,2018-06-01,,GLOBAL,1,2026-10-03 00:00:00,2026-10-03 00:00:00
1092,Minced beef steak with 5% fat - Beef (beef herd),2,4615,Beef (beef herd),99.480000,"Poore and Nemecek (2018), via Our World in Data",https://ourworldindata.org/grapher/ghg-per-kg-poore,OWID ghg-per-kg-poore (2010 values),2018-06-01,2018-06-01,,GLOBAL,1,2026-10-03 00:00:00,2026-10-03 00:00:00
1093,Minced turkey ham - Poultry Meat,2,4616,Poultry Meat,9.870000,"Poore and Nemecek (2018), via Our World in Data",https://ourworldindata.org/grapher/ghg-per-kg-poore,OWID ghg-per-kg-poore (2010 values),2018-06-01,2018-06-01,,GLOBAL,1,2026-10-03 00:00:00,2026-10-03 00:00:00
1094,Miniature asparagus - Other Vegetables,4,4629,Other Vegetables,0.530000,"Poore and Nemecek (2018), via Our World in Data",https://ourworldindata.org/grapher/ghg-per-kg-poore,OWID ghg-per-kg-poore (2010 values),2018-06-01,2018-06-01,,GLOBAL,1,2026-10-03 00:00:00,2026-10-03 00:00:00
1095,Mix of salad leaves - Other Vegetables,4,4643,Other Vegetables,0.530000,"Poore and Nemecek (2018), via Our World in Data",https://ourworldindata.org/grapher/ghg-per-kg-poore,OWID ghg-per-kg-poore (2010 values),2018-06-01,2018-06-01,,GLOBAL,1,2026-10-03 00:00:00,2026-10-03 00:00:00
1096,Mixed bell peppers - Other Vegetables,4,4645,Other Vegetables,0.530000,"Poore and Nemecek (2018), via Our World in Data",https://ourworldindata.org/grapher/ghg-per-kg-poore,OWID ghg-per-kg-poore (2010 values),2018-06-01,2018-06-01,,GLOBAL,1,2026-10-03 00:00:00,2026-10-03 00:00:00
1097,Mixed rices - Rice,14,4660,Rice,4.450000,"Poore and Nemecek (2018), via Our World in Data",https://ourworldindata.org/grapher/ghg-per-kg-poore,OWID ghg-per-kg-poore (2010 values),2018-06-01,2018-06-01,,GLOBAL,1,2026-10-03 00:00:00,2026-10-03 00:00:00
1098,Mixed vegetables - Other Vegetables,4,4663,Other Vegetables,0.530000,"Poore and Nemecek (2018), via Our World in Data",https://ourworldindata.org/grapher/ghg-per-kg-poore,OWID ghg-per-kg-poore (2010 values),2018-06-01,2018-06-01,,GLOBAL,1,2026-10-03 00:00:00,2026-10-03 00:00:00
1099,Mixed vegetables for soups - Other Vegetables,4,4664,Other Vegetables,0.530000,"Poore and Nemecek (2018), via Our World in Data",https://ourworldindata.org/grapher/ghg-per-kg-poore,OWID ghg-per-kg-poore (2010 values),2018-06-01,2018-06-01,,GLOBAL,1,2026-10-03 00:00:00,2026-10-03 00:00:00
1100,Mixtures of vegetables for broth - Other Vegetables,4,4667,Other Vegetables,0.530000,"Poore and Nemecek (2018), via Our World in Data",https://ourworldindata.org/grapher/ghg-per-kg-poore,OWID ghg-per-kg-poore (2010 values),2018-06-01,2018-06-01,,GLOBAL,1,2026-10-03 00:00:00,2026-10-03 00:00:00
1101,Morello cherries - Other Fruit,5,4681,Other Fruit,1.050000,"Poore and Nemecek (2018), via Our World in Data",https://ourworldindata.org/grapher/ghg-per-kg-poore,OWID ghg-per-kg-poore (2010 values),2018-06-01,2018-06-01,,GLOBAL,1,2026-10-03 00:00:00,2026-10-03 00:00:00
1102,Mountain cheeses - Cheese,1,4687,Cheese,23.880000,"Poore and Nemecek (2018), via Our World in Data",https://ourworldindata.org/grapher/ghg-per-kg-poore,OWID ghg-per-kg-poore (2010 values),2018-06-01,2018-06-01,,GLOBAL,1,2026-10-03 00:00:00,2026-10-03 00:00:00
1103,Mountain milks - Milk,1,4688,Milk,3.150000,"Poore and Nemecek (2018), via Our World in Data",https://ourworldindata.org/grapher/ghg-per-kg-poore,OWID ghg-per-kg-poore (2010 values),2018-06-01,2018-06-01,,GLOBAL,1,2026-10-03 00:00:00,2026-10-03 00:00:00
1104,Mozzarella - Cheese,1,4691,Cheese,23.880000,"Poore and Nemecek (2018), via Our World in Data",https://ourworldindata.org/grapher/ghg-per-kg-poore,OWID ghg-per-kg-poore (2010 values),2018-06-01,2018-06-01,,GLOBAL,1,2026-10-03 00:00:00,2026-10-03 00:00:00
1105,Mozzarella di Bufala Campana - Cheese,1,4692,Cheese,23.880000,"Poore and Nemecek (2018), via Our World in Data",https://ourworldindata.org/grapher/ghg-per-kg-poore,OWID ghg-per-kg-poore (2010 values),2018-06-01,2018-06-01,,GLOBAL,1,2026-10-03 00:00:00,2026-10-03 00:00:00
1106,Mozzarella sticks - Cheese,1,4693,Cheese,23.880000,"Poore and Nemecek (2018), via Our World in Data",https://ourworldindata.org/grapher/ghg-per-kg-poore,OWID ghg-per-kg-poore (2010 values),2018-06-01,2018-06-01,,GLOBAL,1,2026-10-03 00:00:00,2026-10-03 00:00:00
1107,Mozzarellas from Gioia del Colle - Cheese,1,4694,Cheese,23.880000,"Poore and Nemecek (2018), via Our World in Data",https://ourworldindata.org/grapher/ghg-per-kg-poore,OWID ghg-per-kg-poore (2010 values),2018-06-01,2018-06-01,,GLOBAL,1,2026-10-03 00:00:00,2026-10-03 00:00:00
1108,Mozzarellas with herbs - Cheese,1,4695,Cheese,23.880000,"Poore and Nemecek (2018), via Our World in Data",https://ourworldindata.org/grapher/ghg-per-kg-poore,OWID ghg-per-kg-poore (2010 values),2018-06-01,2018-06-01,,GLOBAL,1,2026-10-03 00:00:00,2026-10-03 00:00:00
1109,Muenster cheese - Cheese,1,4696,Cheese,23.880000,"Poore and Nemecek (2018), via Our World in Data",https://ourworldindata.org/grapher/ghg-per-kg-poore,OWID ghg-per-kg-poore (2010 values),2018-06-01,2018-06-01,,GLOBAL,1,2026-10-03 00:00:00,2026-10-03 00:00:00
1110,Mulled wines - Wine,7,4706,Wine,1.790000,"Poore and Nemecek (2018), via Our World in Data",https://ourworldindata.org/grapher/ghg-per-kg-poore,OWID ghg-per-kg-poore (2010 values),2018-06-01,2018-06-01,,GLOBAL,1,2026-10-03 00:00:00,2026-10-03 00:00:00
1111,Mung beans - Other Pulses,14,4720,Other Pulses,1.790000,"Poore and Nemecek (2018), via Our World in Data",https://ourworldindata.org/grapher/ghg-per-kg-poore,OWID ghg-per-kg-poore (2010 values),2018-06-01,2018-06-01,,GLOBAL,1,2026-10-03 00:00:00,2026-10-03 00:00:00
1112,Munsters with raw milk - Milk,1,4724,Milk,3.150000,"Poore and Nemecek (2018), via Our World in Data",https://ourworldindata.org/grapher/ghg-per-kg-poore,OWID ghg-per-kg-poore (2010 values),2018-06-01,2018-06-01,,GLOBAL,1,2026-10-03 00:00:00,2026-10-03 00:00:00
1113,Muskmelons - Other Fruit,5,4732,Other Fruit,1.050000,"Poore and Nemecek (2018), via Our World in Data",https://ourworldindata.org/grapher/ghg-per-kg-poore,OWID ghg-per-kg-poore (2010 values),2018-06-01,2018-06-01,,GLOBAL,1,2026-10-03 00:00:00,2026-10-03 00:00:00
1114,Mustard greens - Brassicas,4,4738,Brassicas,0.510000,"Poore and Nemecek (2018), via Our World in Data",https://ourworldindata.org/grapher/ghg-per-kg-poore,OWID ghg-per-kg-poore (2010 values),2018-06-01,2018-06-01,,GLOBAL,1,2026-10-03 00:00:00,2026-10-03 00:00:00
1115,Mutton leg - Lamb & Mutton,2,4744,Lamb & Mutton,39.720000,"Poore and Nemecek (2018), via Our World in Data",https://ourworldindata.org/grapher/ghg-per-kg-poore,OWID ghg-per-kg-poore (2010 values),2018-06-01,2018-06-01,,GLOBAL,1,2026-10-03 00:00:00,2026-10-03 00:00:00
1116,Mutton shoulder - Lamb & Mutton,2,4746,Lamb & Mutton,39.720000,"Poore and Nemecek (2018), via Our World in Data",https://ourworldindata.org/grapher/ghg-per-kg-poore,OWID ghg-per-kg-poore (2010 values),2018-06-01,2018-06-01,,GLOBAL,1,2026-10-03 00:00:00,2026-10-03 00:00:00
1117,Navel oranges - Citrus Fruit,5,4759,Citrus Fruit,0.390000,"Poore and Nemecek (2018), via Our World in Data",https://ourworldindata.org/grapher/ghg-per-kg-poore,OWID ghg-per-kg-poore (2010 values),2018-06-01,2018-06-01,,GLOBAL,1,2026-10-03 00:00:00,2026-10-03 00:00:00
1118,Nectarine pulp and peel - Other Fruit,5,4762,Other Fruit,1.050000,"Poore and Nemecek (2018), via Our World in Data",https://ourworldindata.org/grapher/ghg-per-kg-poore,OWID ghg-per-kg-poore (2010 values),2018-06-01,2018-06-01,,GLOBAL,1,2026-10-03 00:00:00,2026-10-03 00:00:00
1119,Nectarines - Other Fruit,5,4763,Other Fruit,1.050000,"Poore and Nemecek (2018), via Our World in Data",https://ourworldindata.org/grapher/ghg-per-kg-poore,OWID ghg-per-kg-poore (2010 values),2018-06-01,2018-06-01,,GLOBAL,1,2026-10-03 00:00:00,2026-10-03 00:00:00
1120,Neufchâtel cheese from cow's milk - Cheese,1,4766,Cheese,23.880000,"Poore and Nemecek (2018), via Our World in Data",https://ourworldindata.org/grapher/ghg-per-kg-poore,OWID ghg-per-kg-poore (2010 values),2018-06-01,2018-06-01,,GLOBAL,1,2026-10-03 00:00:00,2026-10-03 00:00:00
1121,New Zealand spinach - Other Vegetables,4,4769,Other Vegetables,0.530000,"Poore and Nemecek (2018), via Our World in Data",https://ourworldindata.org/grapher/ghg-per-kg-poore,OWID ghg-per-kg-poore (2010 values),2018-06-01,2018-06-01,,GLOBAL,1,2026-10-03 00:00:00,2026-10-03 00:00:00
1122,Non-alcoholic wines - Wine,7,4787,Wine,1.790000,"Poore and Nemecek (2018), via Our World in Data",https://ourworldindata.org/grapher/ghg-per-kg-poore,OWID ghg-per-kg-poore (2010 values),2018-06-01,2018-06-01,,GLOBAL,1,2026-10-03 00:00:00,2026-10-03 00:00:00
1123,non-homogenized milks - Milk,1,4793,Milk,3.150000,"Poore and Nemecek (2018), via Our World in Data",https://ourworldindata.org/grapher/ghg-per-kg-poore,OWID ghg-per-kg-poore (2010 values),2018-06-01,2018-06-01,,GLOBAL,1,2026-10-03 00:00:00,2026-10-03 00:00:00
1124,Northern Highbush Blueberries - Berries & Grapes,5,4805,Berries & Grapes,1.530000,"Poore and Nemecek (2018), via Our World in Data",https://ourworldindata.org/grapher/ghg-per-kg-poore,OWID ghg-per-kg-poore (2010 values),2018-06-01,2018-06-01,,GLOBAL,1,2026-10-03 00:00:00,2026-10-03 00:00:00
1125,Oat groats - Oatmeal,14,4839,Oatmeal,2.480000,"Poore and Nemecek (2018), via Our World in Data",https://ourworldindata.org/grapher/ghg-per-kg-poore,OWID ghg-per-kg-poore (2010 values),2018-06-01,2018-06-01,,GLOBAL,1,2026-10-03 00:00:00,2026-10-03 00:00:00
1126,Okra cooked without salt - Other Fruit,5,4850,Other Fruit,1.050000,"Poore and Nemecek (2018), via Our World in Data",https://ourworldindata.org/grapher/ghg-per-kg-poore,OWID ghg-per-kg-poore (2010 values),2018-06-01,2018-06-01,,GLOBAL,1,2026-10-03 00:00:00,2026-10-03 00:00:00
1127,Okra powders - Other Vegetables,4,4851,Other Vegetables,0.530000,"Poore and Nemecek (2018), via Our World in Data",https://ourworldindata.org/grapher/ghg-per-kg-poore,OWID ghg-per-kg-poore (2010 values),2018-06-01,2018-06-01,,GLOBAL,1,2026-10-03 00:00:00,2026-10-03 00:00:00
1128,Okras - Other Vegetables,4,4852,Other Vegetables,0.530000,"Poore and Nemecek (2018), via Our World in Data",https://ourworldindata.org/grapher/ghg-per-kg-poore,OWID ghg-per-kg-poore (2010 values),2018-06-01,2018-06-01,,GLOBAL,1,2026-10-03 00:00:00,2026-10-03 00:00:00
1129,Old Goudas - Cheese,1,4855,Cheese,23.880000,"Poore and Nemecek (2018), via Our World in Data",https://ourworldindata.org/grapher/ghg-per-kg-poore,OWID ghg-per-kg-poore (2010 values),2018-06-01,2018-06-01,,GLOBAL,1,2026-10-03 00:00:00,2026-10-03 00:00:00
1130,Old sheep cheese - Cheese,1,4858,Cheese,23.880000,"Poore and Nemecek (2018), via Our World in Data",https://ourworldindata.org/grapher/ghg-per-kg-poore,OWID ghg-per-kg-poore (2010 values),2018-06-01,2018-06-01,,GLOBAL,1,2026-10-03 00:00:00,2026-10-03 00:00:00
1131,Opal apples - Other Fruit,5,5015,Other Fruit,1.050000,"Poore and Nemecek (2018), via Our World in Data",https://ourworldindata.org/grapher/ghg-per-kg-poore,OWID ghg-per-kg-poore (2010 values),2018-06-01,2018-06-01,,GLOBAL,1,2026-10-03 00:00:00,2026-10-03 00:00:00
1132,Orange pulp - Citrus Fruit,5,5027,Citrus Fruit,0.390000,"Poore and Nemecek (2018), via Our World in Data",https://ourworldindata.org/grapher/ghg-per-kg-poore,OWID ghg-per-kg-poore (2010 values),2018-06-01,2018-06-01,,GLOBAL,1,2026-10-03 00:00:00,2026-10-03 00:00:00
1133,Oranges - Citrus Fruit,5,5030,Citrus Fruit,0.390000,"Poore and Nemecek (2018), via Our World in Data",https://ourworldindata.org/grapher/ghg-per-kg-poore,OWID ghg-per-kg-poore (2010 values),2018-06-01,2018-06-01,,GLOBAL,1,2026-10-03 00:00:00,2026-10-03 00:00:00
1134,Oranges (Tarocco) - Citrus Fruit,5,5032,Citrus Fruit,0.390000,"Poore and Nemecek (2018), via Our World in Data",https://ourworldindata.org/grapher/ghg-per-kg-poore,OWID ghg-per-kg-poore (2010 values),2018-06-01,2018-06-01,,GLOBAL,1,2026-10-03 00:00:00,2026-10-03 00:00:00
1135,Organic red wines - Wine,7,5036,Wine,1.790000,"Poore and Nemecek (2018), via Our World in Data",https://ourworldindata.org/grapher/ghg-per-kg-poore,OWID ghg-per-kg-poore (2010 values),2018-06-01,2018-06-01,,GLOBAL,1,2026-10-03 00:00:00,2026-10-03 00:00:00
1136,Organic semi-skimmed milks - Milk,1,5037,Milk,3.150000,"Poore and Nemecek (2018), via Our World in Data",https://ourworldindata.org/grapher/ghg-per-kg-poore,OWID ghg-per-kg-poore (2010 values),2018-06-01,2018-06-01,,GLOBAL,1,2026-10-03 00:00:00,2026-10-03 00:00:00
1137,Organic SunGold - Other Fruit,5,5038,Other Fruit,1.050000,"Poore and Nemecek (2018), via Our World in Data",https://ourworldindata.org/grapher/ghg-per-kg-poore,OWID ghg-per-kg-poore (2010 values),2018-06-01,2018-06-01,,GLOBAL,1,2026-10-03 00:00:00,2026-10-03 00:00:00
1138,Originario rices - Rice,14,5042,Rice,4.450000,"Poore and Nemecek (2018), via Our World in Data",https://ourworldindata.org/grapher/ghg-per-kg-poore,OWID ghg-per-kg-poore (2010 values),2018-06-01,2018-06-01,,GLOBAL,1,2026-10-03 00:00:00,2026-10-03 00:00:00
1139,Orkney beef - Beef (beef herd),2,5043,Beef (beef herd),99.480000,"Poore and Nemecek (2018), via Our World in Data",https://ourworldindata.org/grapher/ghg-per-kg-poore,OWID ghg-per-kg-poore (2010 values),2018-06-01,2018-06-01,,GLOBAL,1,2026-10-03 00:00:00,2026-10-03 00:00:00
1140,Orkney lamb - Lamb & Mutton,2,5044,Lamb & Mutton,39.720000,"Poore and Nemecek (2018), via Our World in Data",https://ourworldindata.org/grapher/ghg-per-kg-poore,OWID ghg-per-kg-poore (2010 values),2018-06-01,2018-06-01,,GLOBAL,1,2026-10-03 00:00:00,2026-10-03 00:00:00
1141,Orkney Scottish Island Cheddar - Cheese,1,5045,Cheese,23.880000,"Poore and Nemecek (2018), via Our World in Data",https://ourworldindata.org/grapher/ghg-per-kg-poore,OWID ghg-per-kg-poore (2010 values),2018-06-01,2018-06-01,,GLOBAL,1,2026-10-03 00:00:00,2026-10-03 00:00:00
1142,Osmancik rices - Rice,14,5047,Rice,4.450000,"Poore and Nemecek (2018), via Our World in Data",https://ourworldindata.org/grapher/ghg-per-kg-poore,OWID ghg-per-kg-poore (2010 values),2018-06-01,2018-06-01,,GLOBAL,1,2026-10-03 00:00:00,2026-10-03 00:00:00
1143,Ossau-Iraty cheeses - Cheese,1,5048,Cheese,23.880000,"Poore and Nemecek (2018), via Our World in Data",https://ourworldindata.org/grapher/ghg-per-kg-poore,OWID ghg-per-kg-poore (2010 values),2018-06-01,2018-06-01,,GLOBAL,1,2026-10-03 00:00:00,2026-10-03 00:00:00
1144,Ostrich eggs - Eggs,18,5052,Eggs,4.670000,"Poore and Nemecek (2018), via Our World in Data",https://ourworldindata.org/grapher/ghg-per-kg-poore,OWID ghg-per-kg-poore (2010 values),2018-06-01,2018-06-01,,GLOBAL,1,2026-10-03 00:00:00,2026-10-03 00:00:00
1145,Packham's Triumph pears - Other Fruit,5,5068,Other Fruit,1.050000,"Poore and Nemecek (2018), via Our World in Data",https://ourworldindata.org/grapher/ghg-per-kg-poore,OWID ghg-per-kg-poore (2010 values),2018-06-01,2018-06-01,,GLOBAL,1,2026-10-03 00:00:00,2026-10-03 00:00:00
1146,Paddy rices - Rice,14,5071,Rice,4.450000,"Poore and Nemecek (2018), via Our World in Data",https://ourworldindata.org/grapher/ghg-per-kg-poore,OWID ghg-per-kg-poore (2010 values),2018-06-01,2018-06-01,,GLOBAL,1,2026-10-03 00:00:00,2026-10-03 00:00:00
1147,Paneer - Cheese,1,5092,Cheese,23.880000,"Poore and Nemecek (2018), via Our World in Data",https://ourworldindata.org/grapher/ghg-per-kg-poore,OWID ghg-per-kg-poore (2010 values),2018-06-01,2018-06-01,,GLOBAL,1,2026-10-03 00:00:00,2026-10-03 00:00:00
1148,Panela cheeses - Cheese,1,5095,Cheese,23.880000,"Poore and Nemecek (2018), via Our World in Data",https://ourworldindata.org/grapher/ghg-per-kg-poore,OWID ghg-per-kg-poore (2010 values),2018-06-01,2018-06-01,,GLOBAL,1,2026-10-03 00:00:00,2026-10-03 00:00:00
1149,Papaya pulp - Other Fruit,5,5107,Other Fruit,1.050000,"Poore and Nemecek (2018), via Our World in Data",https://ourworldindata.org/grapher/ghg-per-kg-poore,OWID ghg-per-kg-poore (2010 values),2018-06-01,2018-06-01,,GLOBAL,1,2026-10-03 00:00:00,2026-10-03 00:00:00
1150,Papayas - Other Fruit,5,5108,Other Fruit,1.050000,"Poore and Nemecek (2018), via Our World in Data",https://ourworldindata.org/grapher/ghg-per-kg-poore,OWID ghg-per-kg-poore (2010 values),2018-06-01,2018-06-01,,GLOBAL,1,2026-10-03 00:00:00,2026-10-03 00:00:00
1151,Parboiled rices - Rice,14,5113,Rice,4.450000,"Poore and Nemecek (2018), via Our World in Data",https://ourworldindata.org/grapher/ghg-per-kg-poore,OWID ghg-per-kg-poore (2010 values),2018-06-01,2018-06-01,,GLOBAL,1,2026-10-03 00:00:00,2026-10-03 00:00:00
1152,Parboiled white rices - Rice,14,5114,Rice,4.450000,"Poore and Nemecek (2018), via Our World in Data",https://ourworldindata.org/grapher/ghg-per-kg-poore,OWID ghg-per-kg-poore (2010 values),2018-06-01,2018-06-01,,GLOBAL,1,2026-10-03 00:00:00,2026-10-03 00:00:00
1153,Parlick Fell cheese - Cheese,1,5116,Cheese,23.880000,"Poore and Nemecek (2018), via Our World in Data",https://ourworldindata.org/grapher/ghg-per-kg-poore,OWID ghg-per-kg-poore (2010 values),2018-06-01,2018-06-01,,GLOBAL,1,2026-10-03 00:00:00,2026-10-03 00:00:00
1154,Parmal rices - Rice,14,5117,Rice,4.450000,"Poore and Nemecek (2018), via Our World in Data",https://ourworldindata.org/grapher/ghg-per-kg-poore,OWID ghg-per-kg-poore (2010 values),2018-06-01,2018-06-01,,GLOBAL,1,2026-10-03 00:00:00,2026-10-03 00:00:00
1155,Parsnip - Root Vegetables,4,5120,Root Vegetables,0.430000,"Poore and Nemecek (2018), via Our World in Data",https://ourworldindata.org/grapher/ghg-per-kg-poore,OWID ghg-per-kg-poore (2010 values),2018-06-01,2018-06-01,,GLOBAL,1,2026-10-03 00:00:00,2026-10-03 00:00:00
1156,Passion fruit pulp and pips - Other Fruit,5,5128,Other Fruit,1.050000,"Poore and Nemecek (2018), via Our World in Data",https://ourworldindata.org/grapher/ghg-per-kg-poore,OWID ghg-per-kg-poore (2010 values),2018-06-01,2018-06-01,,GLOBAL,1,2026-10-03 00:00:00,2026-10-03 00:00:00
1157,Passion fruits - Other Fruit,5,5130,Other Fruit,1.050000,"Poore and Nemecek (2018), via Our World in Data",https://ourworldindata.org/grapher/ghg-per-kg-poore,OWID ghg-per-kg-poore (2010 values),2018-06-01,2018-06-01,,GLOBAL,1,2026-10-03 00:00:00,2026-10-03 00:00:00
1158,Pasteurised milk Munsters - Milk,1,5154,Milk,3.150000,"Poore and Nemecek (2018), via Our World in Data",https://ourworldindata.org/grapher/ghg-per-kg-poore,OWID ghg-per-kg-poore (2010 values),2018-06-01,2018-06-01,,GLOBAL,1,2026-10-03 00:00:00,2026-10-03 00:00:00
1159,Pasteurised milks - Milk,1,5155,Milk,3.150000,"Poore and Nemecek (2018), via Our World in Data",https://ourworldindata.org/grapher/ghg-per-kg-poore,OWID ghg-per-kg-poore (2010 values),2018-06-01,2018-06-01,,GLOBAL,1,2026-10-03 00:00:00,2026-10-03 00:00:00
1160,Pasteurised milks fortified with vitamins - Milk,1,5156,Milk,3.150000,"Poore and Nemecek (2018), via Our World in Data",https://ourworldindata.org/grapher/ghg-per-kg-poore,OWID ghg-per-kg-poore (2010 values),2018-06-01,2018-06-01,,GLOBAL,1,2026-10-03 00:00:00,2026-10-03 00:00:00
1161,Pasteurised skimmed milk - Milk,1,5157,Milk,3.150000,"Poore and Nemecek (2018), via Our World in Data",https://ourworldindata.org/grapher/ghg-per-kg-poore,OWID ghg-per-kg-poore (2010 values),2018-06-01,2018-06-01,,GLOBAL,1,2026-10-03 00:00:00,2026-10-03 00:00:00
1162,Pasteurized buffalo milks - Milk,1,5158,Milk,3.150000,"Poore and Nemecek (2018), via Our World in Data",https://ourworldindata.org/grapher/ghg-per-kg-poore,OWID ghg-per-kg-poore (2010 values),2018-06-01,2018-06-01,,GLOBAL,1,2026-10-03 00:00:00,2026-10-03 00:00:00
1163,Pasteurized cheeses - Cheese,1,5160,Cheese,23.880000,"Poore and Nemecek (2018), via Our World in Data",https://ourworldindata.org/grapher/ghg-per-kg-poore,OWID ghg-per-kg-poore (2010 values),2018-06-01,2018-06-01,,GLOBAL,1,2026-10-03 00:00:00,2026-10-03 00:00:00
1164,Pasteurized milk cantal - Milk,1,5161,Milk,3.150000,"Poore and Nemecek (2018), via Our World in Data",https://ourworldindata.org/grapher/ghg-per-kg-poore,OWID ghg-per-kg-poore (2010 values),2018-06-01,2018-06-01,,GLOBAL,1,2026-10-03 00:00:00,2026-10-03 00:00:00
1165,Patna rices - Rice,14,5167,Rice,4.450000,"Poore and Nemecek (2018), via Our World in Data",https://ourworldindata.org/grapher/ghg-per-kg-poore,OWID ghg-per-kg-poore (2010 values),2018-06-01,2018-06-01,,GLOBAL,1,2026-10-03 00:00:00,2026-10-03 00:00:00
1166,Peach pulp and peel - Other Fruit,5,5177,Other Fruit,1.050000,"Poore and Nemecek (2018), via Our World in Data",https://ourworldindata.org/grapher/ghg-per-kg-poore,OWID ghg-per-kg-poore (2010 values),2018-06-01,2018-06-01,,GLOBAL,1,2026-10-03 00:00:00,2026-10-03 00:00:00
1167,Peaches - Other Fruit,5,5180,Other Fruit,1.050000,"Poore and Nemecek (2018), via Our World in Data",https://ourworldindata.org/grapher/ghg-per-kg-poore,OWID ghg-per-kg-poore (2010 values),2018-06-01,2018-06-01,,GLOBAL,1,2026-10-03 00:00:00,2026-10-03 00:00:00
1168,Pear pulp and peel - Other Fruit,5,5197,Other Fruit,1.050000,"Poore and Nemecek (2018), via Our World in Data",https://ourworldindata.org/grapher/ghg-per-kg-poore,OWID ghg-per-kg-poore (2010 values),2018-06-01,2018-06-01,,GLOBAL,1,2026-10-03 00:00:00,2026-10-03 00:00:00
1169,Pearled barley - Barley,14,5201,Barley,1.180000,"Poore and Nemecek (2018), via Our World in Data",https://ourworldindata.org/grapher/ghg-per-kg-poore,OWID ghg-per-kg-poore (2010 values),2018-06-01,2018-06-01,,GLOBAL,1,2026-10-03 00:00:00,2026-10-03 00:00:00
1170,Pears - Other Fruit,5,5202,Other Fruit,1.050000,"Poore and Nemecek (2018), via Our World in Data",https://ourworldindata.org/grapher/ghg-per-kg-poore,OWID ghg-per-kg-poore (2010 values),2018-06-01,2018-06-01,,GLOBAL,1,2026-10-03 00:00:00,2026-10-03 00:00:00
1171,Peas - Peas,14,5204,Peas,0.980000,"Poore and Nemecek (2018), via Our World in Data",https://ourworldindata.org/grapher/ghg-per-kg-poore,OWID ghg-per-kg-poore (2010 values),2018-06-01,2018-06-01,,GLOBAL,1,2026-10-03 00:00:00,2026-10-03 00:00:00
1172,Pedrosillano chickpeas - Other Pulses,14,5209,Other Pulses,1.790000,"Poore and Nemecek (2018), via Our World in Data",https://ourworldindata.org/grapher/ghg-per-kg-poore,OWID ghg-per-kg-poore (2010 values),2018-06-01,2018-06-01,,GLOBAL,1,2026-10-03 00:00:00,2026-10-03 00:00:00
1173,Peeled asparagus - Other Vegetables,4,5210,Other Vegetables,0.530000,"Poore and Nemecek (2018), via Our World in Data",https://ourworldindata.org/grapher/ghg-per-kg-poore,OWID ghg-per-kg-poore (2010 values),2018-06-01,2018-06-01,,GLOBAL,1,2026-10-03 00:00:00,2026-10-03 00:00:00
1174,Peeled pear - Other Fruit,5,5211,Other Fruit,1.050000,"Poore and Nemecek (2018), via Our World in Data",https://ourworldindata.org/grapher/ghg-per-kg-poore,OWID ghg-per-kg-poore (2010 values),2018-06-01,2018-06-01,,GLOBAL,1,2026-10-03 00:00:00,2026-10-03 00:00:00
1175,Peeled sweet potatoes - Other Vegetables,4,5212,Other Vegetables,0.530000,"Poore and Nemecek (2018), via Our World in Data",https://ourworldindata.org/grapher/ghg-per-kg-poore,OWID ghg-per-kg-poore (2010 values),2018-06-01,2018-06-01,,GLOBAL,1,2026-10-03 00:00:00,2026-10-03 00:00:00
1176,Peeled turnips - Root Vegetables,4,5214,Root Vegetables,0.430000,"Poore and Nemecek (2018), via Our World in Data",https://ourworldindata.org/grapher/ghg-per-kg-poore,OWID ghg-per-kg-poore (2010 values),2018-06-01,2018-06-01,,GLOBAL,1,2026-10-03 00:00:00,2026-10-03 00:00:00
1177,Peeled white asparagus - Other Vegetables,4,5215,Other Vegetables,0.530000,"Poore and Nemecek (2018), via Our World in Data",https://ourworldindata.org/grapher/ghg-per-kg-poore,OWID ghg-per-kg-poore (2010 values),2018-06-01,2018-06-01,,GLOBAL,1,2026-10-03 00:00:00,2026-10-03 00:00:00
1178,Peking duck - Poultry Meat,2,5216,Poultry Meat,9.870000,"Poore and Nemecek (2018), via Our World in Data",https://ourworldindata.org/grapher/ghg-per-kg-poore,OWID ghg-per-kg-poore (2010 values),2018-06-01,2018-06-01,,GLOBAL,1,2026-10-03 00:00:00,2026-10-03 00:00:00
1179,Persimmon pulp - Other Fruit,5,5233,Other Fruit,1.050000,"Poore and Nemecek (2018), via Our World in Data",https://ourworldindata.org/grapher/ghg-per-kg-poore,OWID ghg-per-kg-poore (2010 values),2018-06-01,2018-06-01,,GLOBAL,1,2026-10-03 00:00:00,2026-10-03 00:00:00
1180,Pheasant eggs - Eggs,18,5243,Eggs,4.670000,"Poore and Nemecek (2018), via Our World in Data",https://ourworldindata.org/grapher/ghg-per-kg-poore,OWID ghg-per-kg-poore (2010 values),2018-06-01,2018-06-01,,GLOBAL,1,2026-10-03 00:00:00,2026-10-03 00:00:00
1181,Piel de sapo melons - Other Fruit,5,5261,Other Fruit,1.050000,"Poore and Nemecek (2018), via Our World in Data",https://ourworldindata.org/grapher/ghg-per-kg-poore,OWID ghg-per-kg-poore (2010 values),2018-06-01,2018-06-01,,GLOBAL,1,2026-10-03 00:00:00,2026-10-03 00:00:00
1182,Pigeon peas - Peas,14,5270,Peas,0.980000,"Poore and Nemecek (2018), via Our World in Data",https://ourworldindata.org/grapher/ghg-per-kg-poore,OWID ghg-per-kg-poore (2010 values),2018-06-01,2018-06-01,,GLOBAL,1,2026-10-03 00:00:00,2026-10-03 00:00:00
1183,Pilavlik rices - Rice,14,5276,Rice,4.450000,"Poore and Nemecek (2018), via Our World in Data",https://ourworldindata.org/grapher/ghg-per-kg-poore,OWID ghg-per-kg-poore (2010 values),2018-06-01,2018-06-01,,GLOBAL,1,2026-10-03 00:00:00,2026-10-03 00:00:00
1184,Pineapple pulps - Other Fruit,5,5289,Other Fruit,1.050000,"Poore and Nemecek (2018), via Our World in Data",https://ourworldindata.org/grapher/ghg-per-kg-poore,OWID ghg-per-kg-poore (2010 values),2018-06-01,2018-06-01,,GLOBAL,1,2026-10-03 00:00:00,2026-10-03 00:00:00
1185,Pineapple slices - Other Fruit,5,5290,Other Fruit,1.050000,"Poore and Nemecek (2018), via Our World in Data",https://ourworldindata.org/grapher/ghg-per-kg-poore,OWID ghg-per-kg-poore (2010 values),2018-06-01,2018-06-01,,GLOBAL,1,2026-10-03 00:00:00,2026-10-03 00:00:00
1186,Pineapples - Other Fruit,5,5293,Other Fruit,1.050000,"Poore and Nemecek (2018), via Our World in Data",https://ourworldindata.org/grapher/ghg-per-kg-poore,OWID ghg-per-kg-poore (2010 values),2018-06-01,2018-06-01,,GLOBAL,1,2026-10-03 00:00:00,2026-10-03 00:00:00
1187,Pink Lady - Other Fruit,5,5296,Other Fruit,1.050000,"Poore and Nemecek (2018), via Our World in Data",https://ourworldindata.org/grapher/ghg-per-kg-poore,OWID ghg-per-kg-poore (2010 values),2018-06-01,2018-06-01,,GLOBAL,1,2026-10-03 00:00:00,2026-10-03 00:00:00
1188,Pinto beans - Other Pulses,14,5301,Other Pulses,1.790000,"Poore and Nemecek (2018), via Our World in Data",https://ourworldindata.org/grapher/ghg-per-kg-poore,OWID ghg-per-kg-poore (2010 values),2018-06-01,2018-06-01,,GLOBAL,1,2026-10-03 00:00:00,2026-10-03 00:00:00
1189,Piquillo pepper - Other Vegetables,4,5302,Other Vegetables,0.530000,"Poore and Nemecek (2018), via Our World in Data",https://ourworldindata.org/grapher/ghg-per-kg-poore,OWID ghg-per-kg-poore (2010 values),2018-06-01,2018-06-01,,GLOBAL,1,2026-10-03 00:00:00,2026-10-03 00:00:00
1190,Pitayas - Other Fruit,5,5316,Other Fruit,1.050000,"Poore and Nemecek (2018), via Our World in Data",https://ourworldindata.org/grapher/ghg-per-kg-poore,OWID ghg-per-kg-poore (2010 values),2018-06-01,2018-06-01,,GLOBAL,1,2026-10-03 00:00:00,2026-10-03 00:00:00
1191,Pitted apricot - Other Fruit,5,5317,Other Fruit,1.050000,"Poore and Nemecek (2018), via Our World in Data",https://ourworldindata.org/grapher/ghg-per-kg-poore,OWID ghg-per-kg-poore (2010 values),2018-06-01,2018-06-01,,GLOBAL,1,2026-10-03 00:00:00,2026-10-03 00:00:00
1192,Pitted cherries - Other Fruit,5,5318,Other Fruit,1.050000,"Poore and Nemecek (2018), via Our World in Data",https://ourworldindata.org/grapher/ghg-per-kg-poore,OWID ghg-per-kg-poore (2010 values),2018-06-01,2018-06-01,,GLOBAL,1,2026-10-03 00:00:00,2026-10-03 00:00:00
1193,Pitted dates - Other Fruit,5,5319,Other Fruit,1.050000,"Poore and Nemecek (2018), via Our World in Data",https://ourworldindata.org/grapher/ghg-per-kg-poore,OWID ghg-per-kg-poore (2010 values),2018-06-01,2018-06-01,,GLOBAL,1,2026-10-03 00:00:00,2026-10-03 00:00:00
1194,Pitted dried cherries - Other Fruit,5,5320,Other Fruit,1.050000,"Poore and Nemecek (2018), via Our World in Data",https://ourworldindata.org/grapher/ghg-per-kg-poore,OWID ghg-per-kg-poore (2010 values),2018-06-01,2018-06-01,,GLOBAL,1,2026-10-03 00:00:00,2026-10-03 00:00:00
1195,Pixie apples - Other Fruit,5,5321,Other Fruit,1.050000,"Poore and Nemecek (2018), via Our World in Data",https://ourworldindata.org/grapher/ghg-per-kg-poore,OWID ghg-per-kg-poore (2010 values),2018-06-01,2018-06-01,,GLOBAL,1,2026-10-03 00:00:00,2026-10-03 00:00:00
1196,Plain cottage cheeses - Cheese,1,5339,Cheese,23.880000,"Poore and Nemecek (2018), via Our World in Data",https://ourworldindata.org/grapher/ghg-per-kg-poore,OWID ghg-per-kg-poore (2010 values),2018-06-01,2018-06-01,,GLOBAL,1,2026-10-03 00:00:00,2026-10-03 00:00:00
1197,Plain creamy fresh cream cheese around 8% fat - Cheese,1,5341,Cheese,23.880000,"Poore and Nemecek (2018), via Our World in Data",https://ourworldindata.org/grapher/ghg-per-kg-poore,OWID ghg-per-kg-poore (2010 values),2018-06-01,2018-06-01,,GLOBAL,1,2026-10-03 00:00:00,2026-10-03 00:00:00
1198,Plain fresh cream cheese around 1% fat - Cheese,1,5352,Cheese,23.880000,"Poore and Nemecek (2018), via Our World in Data",https://ourworldindata.org/grapher/ghg-per-kg-poore,OWID ghg-per-kg-poore (2010 values),2018-06-01,2018-06-01,,GLOBAL,1,2026-10-03 00:00:00,2026-10-03 00:00:00
1199,Plain fresh cream cheese around 3% fat - Cheese,1,5353,Cheese,23.880000,"Poore and Nemecek (2018), via Our World in Data",https://ourworldindata.org/grapher/ghg-per-kg-poore,OWID ghg-per-kg-poore (2010 values),2018-06-01,2018-06-01,,GLOBAL,1,2026-10-03 00:00:00,2026-10-03 00:00:00
1200,Plain fresh cream cheese reduced fat - Cheese,1,5354,Cheese,23.880000,"Poore and Nemecek (2018), via Our World in Data",https://ourworldindata.org/grapher/ghg-per-kg-poore,OWID ghg-per-kg-poore (2010 values),2018-06-01,2018-06-01,,GLOBAL,1,2026-10-03 00:00:00,2026-10-03 00:00:00
1201,Plain puffed rice - Rice,14,5374,Rice,4.450000,"Poore and Nemecek (2018), via Our World in Data",https://ourworldindata.org/grapher/ghg-per-kg-poore,OWID ghg-per-kg-poore (2010 values),2018-06-01,2018-06-01,,GLOBAL,1,2026-10-03 00:00:00,2026-10-03 00:00:00
1202,Plain tofu - Tofu,16,5388,Tofu,3.160000,"Poore and Nemecek (2018), via Our World in Data",https://ourworldindata.org/grapher/ghg-per-kg-poore,OWID ghg-per-kg-poore (2010 values),2018-06-01,2018-06-01,,GLOBAL,1,2026-10-03 00:00:00,2026-10-03 00:00:00
1203,Plantain bananas - Bananas,5,5410,Bananas,0.860000,"Poore and Nemecek (2018), via Our World in Data",https://ourworldindata.org/grapher/ghg-per-kg-poore,OWID ghg-per-kg-poore (2010 values),2018-06-01,2018-06-01,,GLOBAL,1,2026-10-03 00:00:00,2026-10-03 00:00:00
1204,Platerines - Other Fruit,5,5411,Other Fruit,1.050000,"Poore and Nemecek (2018), via Our World in Data",https://ourworldindata.org/grapher/ghg-per-kg-poore,OWID ghg-per-kg-poore (2010 values),2018-06-01,2018-06-01,,GLOBAL,1,2026-10-03 00:00:00,2026-10-03 00:00:00
1205,Plum tomatoes - Tomatoes,4,5418,Tomatoes,2.090000,"Poore and Nemecek (2018), via Our World in Data",https://ourworldindata.org/grapher/ghg-per-kg-poore,OWID ghg-per-kg-poore (2010 values),2018-06-01,2018-06-01,,GLOBAL,1,2026-10-03 00:00:00,2026-10-03 00:00:00
1206,Plums - Other Fruit,5,5420,Other Fruit,1.050000,"Poore and Nemecek (2018), via Our World in Data",https://ourworldindata.org/grapher/ghg-per-kg-poore,OWID ghg-per-kg-poore (2010 values),2018-06-01,2018-06-01,,GLOBAL,1,2026-10-03 00:00:00,2026-10-03 00:00:00
1207,Poached eggs - Eggs,18,5421,Eggs,4.670000,"Poore and Nemecek (2018), via Our World in Data",https://ourworldindata.org/grapher/ghg-per-kg-poore,OWID ghg-per-kg-poore (2010 values),2018-06-01,2018-06-01,,GLOBAL,1,2026-10-03 00:00:00,2026-10-03 00:00:00
1208,Pointed cabbages - Brassicas,4,5422,Brassicas,0.510000,"Poore and Nemecek (2018), via Our World in Data",https://ourworldindata.org/grapher/ghg-per-kg-poore,OWID ghg-per-kg-poore (2010 values),2018-06-01,2018-06-01,,GLOBAL,1,2026-10-03 00:00:00,2026-10-03 00:00:00
1209,Polish cheeses - Cheese,1,5423,Cheese,23.880000,"Poore and Nemecek (2018), via Our World in Data",https://ourworldindata.org/grapher/ghg-per-kg-poore,OWID ghg-per-kg-poore (2010 values),2018-06-01,2018-06-01,,GLOBAL,1,2026-10-03 00:00:00,2026-10-03 00:00:00
1210,Pomegranate seeds - Other Fruit,5,5433,Other Fruit,1.050000,"Poore and Nemecek (2018), via Our World in Data",https://ourworldindata.org/grapher/ghg-per-kg-poore,OWID ghg-per-kg-poore (2010 values),2018-06-01,2018-06-01,,GLOBAL,1,2026-10-03 00:00:00,2026-10-03 00:00:00
1211,Pomegranates - Other Fruit,5,5435,Other Fruit,1.050000,"Poore and Nemecek (2018), via Our World in Data",https://ourworldindata.org/grapher/ghg-per-kg-poore,OWID ghg-per-kg-poore (2010 values),2018-06-01,2018-06-01,,GLOBAL,1,2026-10-03 00:00:00,2026-10-03 00:00:00
1212,Pomelos - Citrus Fruit,5,5436,Citrus Fruit,0.390000,"Poore and Nemecek (2018), via Our World in Data",https://ourworldindata.org/grapher/ghg-per-kg-poore,OWID ghg-per-kg-poore (2010 values),2018-06-01,2018-06-01,,GLOBAL,1,2026-10-03 00:00:00,2026-10-03 00:00:00
1213,Pomelos from Corsica - Citrus Fruit,5,5437,Citrus Fruit,0.390000,"Poore and Nemecek (2018), via Our World in Data",https://ourworldindata.org/grapher/ghg-per-kg-poore,OWID ghg-per-kg-poore (2010 values),2018-06-01,2018-06-01,,GLOBAL,1,2026-10-03 00:00:00,2026-10-03 00:00:00
1214,Popped wheat grain with caramel fortified with vitamins and chemical elements - Wheat & Rye,14,5443,Wheat & Rye,1.570000,"Poore and Nemecek (2018), via Our World in Data",https://ourworldindata.org/grapher/ghg-per-kg-poore,OWID ghg-per-kg-poore (2010 values),2018-06-01,2018-06-01,,GLOBAL,1,2026-10-03 00:00:00,2026-10-03 00:00:00
1215,Popped wheat grain with honey fortified with vitamins and chemical elements - Wheat & Rye,14,5444,Wheat & Rye,1.570000,"Poore and Nemecek (2018), via Our World in Data",https://ourworldindata.org/grapher/ghg-per-kg-poore,OWID ghg-per-kg-poore (2010 values),2018-06-01,2018-06-01,,GLOBAL,1,2026-10-03 00:00:00,2026-10-03 00:00:00
1216,Pork - Pig Meat,2,5446,Pig Meat,12.310000,"Poore and Nemecek (2018), via Our World in Data",https://ourworldindata.org/grapher/ghg-per-kg-poore,OWID ghg-per-kg-poore (2010 values),2018-06-01,2018-06-01,,GLOBAL,1,2026-10-03 00:00:00,2026-10-03 00:00:00
1217,Pork 80/20 trimming - Pig Meat,2,5447,Pig Meat,12.310000,"Poore and Nemecek (2018), via Our World in Data",https://ourworldindata.org/grapher/ghg-per-kg-poore,OWID ghg-per-kg-poore (2010 values),2018-06-01,2018-06-01,,GLOBAL,1,2026-10-03 00:00:00,2026-10-03 00:00:00
1218,Pork 90/10 trimming - Pig Meat,2,5448,Pig Meat,12.310000,"Poore and Nemecek (2018), via Our World in Data",https://ourworldindata.org/grapher/ghg-per-kg-poore,OWID ghg-per-kg-poore (2010 values),2018-06-01,2018-06-01,,GLOBAL,1,2026-10-03 00:00:00,2026-10-03 00:00:00
1219,Pork belly with flank removed - Pig Meat,2,5449,Pig Meat,12.310000,"Poore and Nemecek (2018), via Our World in Data",https://ourworldindata.org/grapher/ghg-per-kg-poore,OWID ghg-per-kg-poore (2010 values),2018-06-01,2018-06-01,,GLOBAL,1,2026-10-03 00:00:00,2026-10-03 00:00:00
1220,Pork bones - Pig Meat,2,5450,Pig Meat,12.310000,"Poore and Nemecek (2018), via Our World in Data",https://ourworldindata.org/grapher/ghg-per-kg-poore,OWID ghg-per-kg-poore (2010 values),2018-06-01,2018-06-01,,GLOBAL,1,2026-10-03 00:00:00,2026-10-03 00:00:00
1221,Pork brain - Pig Meat,2,5451,Pig Meat,12.310000,"Poore and Nemecek (2018), via Our World in Data",https://ourworldindata.org/grapher/ghg-per-kg-poore,OWID ghg-per-kg-poore (2010 values),2018-06-01,2018-06-01,,GLOBAL,1,2026-10-03 00:00:00,2026-10-03 00:00:00
1222,Pork eye of shortloin - Pig Meat,2,5454,Pig Meat,12.310000,"Poore and Nemecek (2018), via Our World in Data",https://ourworldindata.org/grapher/ghg-per-kg-poore,OWID ghg-per-kg-poore (2010 values),2018-06-01,2018-06-01,,GLOBAL,1,2026-10-03 00:00:00,2026-10-03 00:00:00
1223,Pork fat - Pig Meat,2,5455,Pig Meat,12.310000,"Poore and Nemecek (2018), via Our World in Data",https://ourworldindata.org/grapher/ghg-per-kg-poore,OWID ghg-per-kg-poore (2010 values),2018-06-01,2018-06-01,,GLOBAL,1,2026-10-03 00:00:00,2026-10-03 00:00:00
1224,Pork filet mignon - Pig Meat,2,5456,Pig Meat,12.310000,"Poore and Nemecek (2018), via Our World in Data",https://ourworldindata.org/grapher/ghg-per-kg-poore,OWID ghg-per-kg-poore (2010 values),2018-06-01,2018-06-01,,GLOBAL,1,2026-10-03 00:00:00,2026-10-03 00:00:00
1225,Pork ham escalope - Pig Meat,2,5457,Pig Meat,12.310000,"Poore and Nemecek (2018), via Our World in Data",https://ourworldindata.org/grapher/ghg-per-kg-poore,OWID ghg-per-kg-poore (2010 values),2018-06-01,2018-06-01,,GLOBAL,1,2026-10-03 00:00:00,2026-10-03 00:00:00
1226,Pork jowl - Pig Meat,2,5458,Pig Meat,12.310000,"Poore and Nemecek (2018), via Our World in Data",https://ourworldindata.org/grapher/ghg-per-kg-poore,OWID ghg-per-kg-poore (2010 values),2018-06-01,2018-06-01,,GLOBAL,1,2026-10-03 00:00:00,2026-10-03 00:00:00
1227,Pork kidney - Pig Meat,2,5459,Pig Meat,12.310000,"Poore and Nemecek (2018), via Our World in Data",https://ourworldindata.org/grapher/ghg-per-kg-poore,OWID ghg-per-kg-poore (2010 values),2018-06-01,2018-06-01,,GLOBAL,1,2026-10-03 00:00:00,2026-10-03 00:00:00
1228,Pork knuckle - Pig Meat,2,5460,Pig Meat,12.310000,"Poore and Nemecek (2018), via Our World in Data",https://ourworldindata.org/grapher/ghg-per-kg-poore,OWID ghg-per-kg-poore (2010 values),2018-06-01,2018-06-01,,GLOBAL,1,2026-10-03 00:00:00,2026-10-03 00:00:00
1229,Pork liver mousse - Pig Meat,2,5461,Pig Meat,12.310000,"Poore and Nemecek (2018), via Our World in Data",https://ourworldindata.org/grapher/ghg-per-kg-poore,OWID ghg-per-kg-poore (2010 values),2018-06-01,2018-06-01,,GLOBAL,1,2026-10-03 00:00:00,2026-10-03 00:00:00
1230,Pork liver mousse superior quality - Pig Meat,2,5462,Pig Meat,12.310000,"Poore and Nemecek (2018), via Our World in Data",https://ourworldindata.org/grapher/ghg-per-kg-poore,OWID ghg-per-kg-poore (2010 values),2018-06-01,2018-06-01,,GLOBAL,1,2026-10-03 00:00:00,2026-10-03 00:00:00
1231,Pork offals - Pig Meat,2,5465,Pig Meat,12.310000,"Poore and Nemecek (2018), via Our World in Data",https://ourworldindata.org/grapher/ghg-per-kg-poore,OWID ghg-per-kg-poore (2010 values),2018-06-01,2018-06-01,,GLOBAL,1,2026-10-03 00:00:00,2026-10-03 00:00:00
1232,Pork racks - Pig Meat,2,5467,Pig Meat,12.310000,"Poore and Nemecek (2018), via Our World in Data",https://ourworldindata.org/grapher/ghg-per-kg-poore,OWID ghg-per-kg-poore (2010 values),2018-06-01,2018-06-01,,GLOBAL,1,2026-10-03 00:00:00,2026-10-03 00:00:00
1233,Pork rind - Pig Meat,2,5469,Pig Meat,12.310000,"Poore and Nemecek (2018), via Our World in Data",https://ourworldindata.org/grapher/ghg-per-kg-poore,OWID ghg-per-kg-poore (2010 values),2018-06-01,2018-06-01,,GLOBAL,1,2026-10-03 00:00:00,2026-10-03 00:00:00
1234,Pork roasts - Pig Meat,2,5470,Pig Meat,12.310000,"Poore and Nemecek (2018), via Our World in Data",https://ourworldindata.org/grapher/ghg-per-kg-poore,OWID ghg-per-kg-poore (2010 values),2018-06-01,2018-06-01,,GLOBAL,1,2026-10-03 00:00:00,2026-10-03 00:00:00
1235,Pork round steak - Pig Meat,2,5471,Pig Meat,12.310000,"Poore and Nemecek (2018), via Our World in Data",https://ourworldindata.org/grapher/ghg-per-kg-poore,OWID ghg-per-kg-poore (2010 values),2018-06-01,2018-06-01,,GLOBAL,1,2026-10-03 00:00:00,2026-10-03 00:00:00
1236,Pork salami - Pig Meat,2,5472,Pig Meat,12.310000,"Poore and Nemecek (2018), via Our World in Data",https://ourworldindata.org/grapher/ghg-per-kg-poore,OWID ghg-per-kg-poore (2010 values),2018-06-01,2018-06-01,,GLOBAL,1,2026-10-03 00:00:00,2026-10-03 00:00:00
1237,Pork shoulder lower half without rind fat and bone raw - Pig Meat,2,5475,Pig Meat,12.310000,"Poore and Nemecek (2018), via Our World in Data",https://ourworldindata.org/grapher/ghg-per-kg-poore,OWID ghg-per-kg-poore (2010 values),2018-06-01,2018-06-01,,GLOBAL,1,2026-10-03 00:00:00,2026-10-03 00:00:00
1238,Pork shoulder upper half without rind fat and bone - Pig Meat,2,5476,Pig Meat,12.310000,"Poore and Nemecek (2018), via Our World in Data",https://ourworldindata.org/grapher/ghg-per-kg-poore,OWID ghg-per-kg-poore (2010 values),2018-06-01,2018-06-01,,GLOBAL,1,2026-10-03 00:00:00,2026-10-03 00:00:00
1239,Pork shoulders - Pig Meat,2,5477,Pig Meat,12.310000,"Poore and Nemecek (2018), via Our World in Data",https://ourworldindata.org/grapher/ghg-per-kg-poore,OWID ghg-per-kg-poore (2010 values),2018-06-01,2018-06-01,,GLOBAL,1,2026-10-03 00:00:00,2026-10-03 00:00:00
1240,Pork spare-ribs - Pig Meat,2,5479,Pig Meat,12.310000,"Poore and Nemecek (2018), via Our World in Data",https://ourworldindata.org/grapher/ghg-per-kg-poore,OWID ghg-per-kg-poore (2010 values),2018-06-01,2018-06-01,,GLOBAL,1,2026-10-03 00:00:00,2026-10-03 00:00:00
1241,Pork tenderloin lean - Pig Meat,2,5480,Pig Meat,12.310000,"Poore and Nemecek (2018), via Our World in Data",https://ourworldindata.org/grapher/ghg-per-kg-poore,OWID ghg-per-kg-poore (2010 values),2018-06-01,2018-06-01,,GLOBAL,1,2026-10-03 00:00:00,2026-10-03 00:00:00
1242,Pork tongue - Pig Meat,2,5481,Pig Meat,12.310000,"Poore and Nemecek (2018), via Our World in Data",https://ourworldindata.org/grapher/ghg-per-kg-poore,OWID ghg-per-kg-poore (2010 values),2018-06-01,2018-06-01,,GLOBAL,1,2026-10-03 00:00:00,2026-10-03 00:00:00
1243,Pork way leg without rind fat and bone - Pig Meat,2,5482,Pig Meat,12.310000,"Poore and Nemecek (2018), via Our World in Data",https://ourworldindata.org/grapher/ghg-per-kg-poore,OWID ghg-per-kg-poore (2010 values),2018-06-01,2018-06-01,,GLOBAL,1,2026-10-03 00:00:00,2026-10-03 00:00:00
1244,Portuguese cheeses - Cheese,1,5487,Cheese,23.880000,"Poore and Nemecek (2018), via Our World in Data",https://ourworldindata.org/grapher/ghg-per-kg-poore,OWID ghg-per-kg-poore (2010 values),2018-06-01,2018-06-01,,GLOBAL,1,2026-10-03 00:00:00,2026-10-03 00:00:00
1245,Potted berry bushes - Berries & Grapes,5,5510,Berries & Grapes,1.530000,"Poore and Nemecek (2018), via Our World in Data",https://ourworldindata.org/grapher/ghg-per-kg-poore,OWID ghg-per-kg-poore (2010 values),2018-06-01,2018-06-01,,GLOBAL,1,2026-10-03 00:00:00,2026-10-03 00:00:00
1246,Potted blackcurrants - Other Fruit,5,5511,Other Fruit,1.050000,"Poore and Nemecek (2018), via Our World in Data",https://ourworldindata.org/grapher/ghg-per-kg-poore,OWID ghg-per-kg-poore (2010 values),2018-06-01,2018-06-01,,GLOBAL,1,2026-10-03 00:00:00,2026-10-03 00:00:00
1247,Powdered rice milks - Rice,14,5542,Rice,4.450000,"Poore and Nemecek (2018), via Our World in Data",https://ourworldindata.org/grapher/ghg-per-kg-poore,OWID ghg-per-kg-poore (2010 values),2018-06-01,2018-06-01,,GLOBAL,1,2026-10-03 00:00:00,2026-10-03 00:00:00
1248,Pre-cooked oat flakes - Oatmeal,14,5554,Oatmeal,2.480000,"Poore and Nemecek (2018), via Our World in Data",https://ourworldindata.org/grapher/ghg-per-kg-poore,OWID ghg-per-kg-poore (2010 values),2018-06-01,2018-06-01,,GLOBAL,1,2026-10-03 00:00:00,2026-10-03 00:00:00
1249,Pre-cooked oat flakes with sugar - Oatmeal,14,5555,Oatmeal,2.480000,"Poore and Nemecek (2018), via Our World in Data",https://ourworldindata.org/grapher/ghg-per-kg-poore,OWID ghg-per-kg-poore (2010 values),2018-06-01,2018-06-01,,GLOBAL,1,2026-10-03 00:00:00,2026-10-03 00:00:00
1250,Precooked rices - Rice,14,5560,Rice,4.450000,"Poore and Nemecek (2018), via Our World in Data",https://ourworldindata.org/grapher/ghg-per-kg-poore,OWID ghg-per-kg-poore (2010 values),2018-06-01,2018-06-01,,GLOBAL,1,2026-10-03 00:00:00,2026-10-03 00:00:00
1251,Prepared chicken meats - Poultry Meat,2,5568,Poultry Meat,9.870000,"Poore and Nemecek (2018), via Our World in Data",https://ourworldindata.org/grapher/ghg-per-kg-poore,OWID ghg-per-kg-poore (2010 values),2018-06-01,2018-06-01,,GLOBAL,1,2026-10-03 00:00:00,2026-10-03 00:00:00
1252,Prepared fresh fruits - Other Fruit,5,5571,Other Fruit,1.050000,"Poore and Nemecek (2018), via Our World in Data",https://ourworldindata.org/grapher/ghg-per-kg-poore,OWID ghg-per-kg-poore (2010 values),2018-06-01,2018-06-01,,GLOBAL,1,2026-10-03 00:00:00,2026-10-03 00:00:00
1253,Prepared zucchini - Other Vegetables,4,5584,Other Vegetables,0.530000,"Poore and Nemecek (2018), via Our World in Data",https://ourworldindata.org/grapher/ghg-per-kg-poore,OWID ghg-per-kg-poore (2010 values),2018-06-01,2018-06-01,,GLOBAL,1,2026-10-03 00:00:00,2026-10-03 00:00:00
1254,preserved duck gizzards - Poultry Meat,2,5585,Poultry Meat,9.870000,"Poore and Nemecek (2018), via Our World in Data",https://ourworldindata.org/grapher/ghg-per-kg-poore,OWID ghg-per-kg-poore (2010 values),2018-06-01,2018-06-01,,GLOBAL,1,2026-10-03 00:00:00,2026-10-03 00:00:00
1255,Preserved pork liver - Pig Meat,2,5586,Pig Meat,12.310000,"Poore and Nemecek (2018), via Our World in Data",https://ourworldindata.org/grapher/ghg-per-kg-poore,OWID ghg-per-kg-poore (2010 values),2018-06-01,2018-06-01,,GLOBAL,1,2026-10-03 00:00:00,2026-10-03 00:00:00
1256,Prickly pear pulp and seeds - Other Fruit,5,5589,Other Fruit,1.050000,"Poore and Nemecek (2018), via Our World in Data",https://ourworldindata.org/grapher/ghg-per-kg-poore,OWID ghg-per-kg-poore (2010 values),2018-06-01,2018-06-01,,GLOBAL,1,2026-10-03 00:00:00,2026-10-03 00:00:00
1257,Prickly pears - Other Fruit,5,5590,Other Fruit,1.050000,"Poore and Nemecek (2018), via Our World in Data",https://ourworldindata.org/grapher/ghg-per-kg-poore,OWID ghg-per-kg-poore (2010 values),2018-06-01,2018-06-01,,GLOBAL,1,2026-10-03 00:00:00,2026-10-03 00:00:00
1258,Prime Seedless grapes - Berries & Grapes,5,5591,Berries & Grapes,1.530000,"Poore and Nemecek (2018), via Our World in Data",https://ourworldindata.org/grapher/ghg-per-kg-poore,OWID ghg-per-kg-poore (2010 values),2018-06-01,2018-06-01,,GLOBAL,1,2026-10-03 00:00:00,2026-10-03 00:00:00
1259,Processed cheese around 20% fat in wedges - Cheese,1,5593,Cheese,23.880000,"Poore and Nemecek (2018), via Our World in Data",https://ourworldindata.org/grapher/ghg-per-kg-poore,OWID ghg-per-kg-poore (2010 values),2018-06-01,2018-06-01,,GLOBAL,1,2026-10-03 00:00:00,2026-10-03 00:00:00
1260,Processed cheese double cream around 31% fat - Cheese,1,5594,Cheese,23.880000,"Poore and Nemecek (2018), via Our World in Data",https://ourworldindata.org/grapher/ghg-per-kg-poore,OWID ghg-per-kg-poore (2010 values),2018-06-01,2018-06-01,,GLOBAL,1,2026-10-03 00:00:00,2026-10-03 00:00:00
1261,Processed cheese in slices - Cheese,1,5595,Cheese,23.880000,"Poore and Nemecek (2018), via Our World in Data",https://ourworldindata.org/grapher/ghg-per-kg-poore,OWID ghg-per-kg-poore (2010 values),2018-06-01,2018-06-01,,GLOBAL,1,2026-10-03 00:00:00,2026-10-03 00:00:00
1262,Processed cheese with fresh cream cheese and walnuts - Cheese,1,5596,Cheese,23.880000,"Poore and Nemecek (2018), via Our World in Data",https://ourworldindata.org/grapher/ghg-per-kg-poore,OWID ghg-per-kg-poore (2010 values),2018-06-01,2018-06-01,,GLOBAL,1,2026-10-03 00:00:00,2026-10-03 00:00:00
1263,Processed cheeses - Cheese,1,5597,Cheese,23.880000,"Poore and Nemecek (2018), via Our World in Data",https://ourworldindata.org/grapher/ghg-per-kg-poore,OWID ghg-per-kg-poore (2010 values),2018-06-01,2018-06-01,,GLOBAL,1,2026-10-03 00:00:00,2026-10-03 00:00:00
1264,Provencal-style tomatoes - Tomatoes,4,5604,Tomatoes,2.090000,"Poore and Nemecek (2018), via Our World in Data",https://ourworldindata.org/grapher/ghg-per-kg-poore,OWID ghg-per-kg-poore (2010 values),2018-06-01,2018-06-01,,GLOBAL,1,2026-10-03 00:00:00,2026-10-03 00:00:00
1265,Puffed barley - Barley,14,5621,Barley,1.180000,"Poore and Nemecek (2018), via Our World in Data",https://ourworldindata.org/grapher/ghg-per-kg-poore,OWID ghg-per-kg-poore (2010 values),2018-06-01,2018-06-01,,GLOBAL,1,2026-10-03 00:00:00,2026-10-03 00:00:00
1266,Puffed rice - Rice,14,5637,Rice,4.450000,"Poore and Nemecek (2018), via Our World in Data",https://ourworldindata.org/grapher/ghg-per-kg-poore,OWID ghg-per-kg-poore (2010 values),2018-06-01,2018-06-01,,GLOBAL,1,2026-10-03 00:00:00,2026-10-03 00:00:00
1267,Puffed rice fortified with vitamins and chemical elements - Rice,14,5643,Rice,4.450000,"Poore and Nemecek (2018), via Our World in Data",https://ourworldindata.org/grapher/ghg-per-kg-poore,OWID ghg-per-kg-poore (2010 values),2018-06-01,2018-06-01,,GLOBAL,1,2026-10-03 00:00:00,2026-10-03 00:00:00
1268,Pummelo pulp - Other Fruit,5,5660,Other Fruit,1.050000,"Poore and Nemecek (2018), via Our World in Data",https://ourworldindata.org/grapher/ghg-per-kg-poore,OWID ghg-per-kg-poore (2010 values),2018-06-01,2018-06-01,,GLOBAL,1,2026-10-03 00:00:00,2026-10-03 00:00:00
1269,Pumpkin tomatoes - Tomatoes,4,5666,Tomatoes,2.090000,"Poore and Nemecek (2018), via Our World in Data",https://ourworldindata.org/grapher/ghg-per-kg-poore,OWID ghg-per-kg-poore (2010 values),2018-06-01,2018-06-01,,GLOBAL,1,2026-10-03 00:00:00,2026-10-03 00:00:00
1270,Purple asparagus - Other Vegetables,4,5683,Other Vegetables,0.530000,"Poore and Nemecek (2018), via Our World in Data",https://ourworldindata.org/grapher/ghg-per-kg-poore,OWID ghg-per-kg-poore (2010 values),2018-06-01,2018-06-01,,GLOBAL,1,2026-10-03 00:00:00,2026-10-03 00:00:00
1271,Pyrénées cheeses - Cheese,1,5685,Cheese,23.880000,"Poore and Nemecek (2018), via Our World in Data",https://ourworldindata.org/grapher/ghg-per-kg-poore,OWID ghg-per-kg-poore (2010 values),2018-06-01,2018-06-01,,GLOBAL,1,2026-10-03 00:00:00,2026-10-03 00:00:00
1272,Quail - Poultry Meat,2,5688,Poultry Meat,9.870000,"Poore and Nemecek (2018), via Our World in Data",https://ourworldindata.org/grapher/ghg-per-kg-poore,OWID ghg-per-kg-poore (2010 values),2018-06-01,2018-06-01,,GLOBAL,1,2026-10-03 00:00:00,2026-10-03 00:00:00
1273,Quail eggs - Eggs,18,5689,Eggs,4.670000,"Poore and Nemecek (2018), via Our World in Data",https://ourworldindata.org/grapher/ghg-per-kg-poore,OWID ghg-per-kg-poore (2010 values),2018-06-01,2018-06-01,,GLOBAL,1,2026-10-03 00:00:00,2026-10-03 00:00:00
1274,Quail fresh meat - Poultry Meat,2,5690,Poultry Meat,9.870000,"Poore and Nemecek (2018), via Our World in Data",https://ourworldindata.org/grapher/ghg-per-kg-poore,OWID ghg-per-kg-poore (2010 values),2018-06-01,2018-06-01,,GLOBAL,1,2026-10-03 00:00:00,2026-10-03 00:00:00
1275,Quail meat - Poultry Meat,2,5691,Poultry Meat,9.870000,"Poore and Nemecek (2018), via Our World in Data",https://ourworldindata.org/grapher/ghg-per-kg-poore,OWID ghg-per-kg-poore (2010 values),2018-06-01,2018-06-01,,GLOBAL,1,2026-10-03 00:00:00,2026-10-03 00:00:00
1276,quail meat and skin - Poultry Meat,2,5692,Poultry Meat,9.870000,"Poore and Nemecek (2018), via Our World in Data",https://ourworldindata.org/grapher/ghg-per-kg-poore,OWID ghg-per-kg-poore (2010 values),2018-06-01,2018-06-01,,GLOBAL,1,2026-10-03 00:00:00,2026-10-03 00:00:00
1277,Quinces - Other Fruit,5,5709,Other Fruit,1.050000,"Poore and Nemecek (2018), via Our World in Data",https://ourworldindata.org/grapher/ghg-per-kg-poore,OWID ghg-per-kg-poore (2010 values),2018-06-01,2018-06-01,,GLOBAL,1,2026-10-03 00:00:00,2026-10-03 00:00:00
1278,Radish pickles - Root Vegetables,4,5727,Root Vegetables,0.430000,"Poore and Nemecek (2018), via Our World in Data",https://ourworldindata.org/grapher/ghg-per-kg-poore,OWID ghg-per-kg-poore (2010 values),2018-06-01,2018-06-01,,GLOBAL,1,2026-10-03 00:00:00,2026-10-03 00:00:00
1279,Radishes - Root Vegetables,4,5728,Root Vegetables,0.430000,"Poore and Nemecek (2018), via Our World in Data",https://ourworldindata.org/grapher/ghg-per-kg-poore,OWID ghg-per-kg-poore (2010 values),2018-06-01,2018-06-01,,GLOBAL,1,2026-10-03 00:00:00,2026-10-03 00:00:00
1280,Raspberries - Berries & Grapes,5,5738,Berries & Grapes,1.530000,"Poore and Nemecek (2018), via Our World in Data",https://ourworldindata.org/grapher/ghg-per-kg-poore,OWID ghg-per-kg-poore (2010 values),2018-06-01,2018-06-01,,GLOBAL,1,2026-10-03 00:00:00,2026-10-03 00:00:00
1281,Raw beetroot - Root Vegetables,4,5760,Root Vegetables,0.430000,"Poore and Nemecek (2018), via Our World in Data",https://ourworldindata.org/grapher/ghg-per-kg-poore,OWID ghg-per-kg-poore (2010 values),2018-06-01,2018-06-01,,GLOBAL,1,2026-10-03 00:00:00,2026-10-03 00:00:00
1282,Raw milk cantal - Milk,1,5764,Milk,3.150000,"Poore and Nemecek (2018), via Our World in Data",https://ourworldindata.org/grapher/ghg-per-kg-poore,OWID ghg-per-kg-poore (2010 values),2018-06-01,2018-06-01,,GLOBAL,1,2026-10-03 00:00:00,2026-10-03 00:00:00
1283,Raw milks - Milk,1,5765,Milk,3.150000,"Poore and Nemecek (2018), via Our World in Data",https://ourworldindata.org/grapher/ghg-per-kg-poore,OWID ghg-per-kg-poore (2010 values),2018-06-01,2018-06-01,,GLOBAL,1,2026-10-03 00:00:00,2026-10-03 00:00:00
1284,Ready-to-eat avocados - Other Fruit,5,5778,Other Fruit,1.050000,"Poore and Nemecek (2018), via Our World in Data",https://ourworldindata.org/grapher/ghg-per-kg-poore,OWID ghg-per-kg-poore (2010 values),2018-06-01,2018-06-01,,GLOBAL,1,2026-10-03 00:00:00,2026-10-03 00:00:00
1285,Ready-to-eat Hass avocados - Other Fruit,5,5780,Other Fruit,1.050000,"Poore and Nemecek (2018), via Our World in Data",https://ourworldindata.org/grapher/ghg-per-kg-poore,OWID ghg-per-kg-poore (2010 values),2018-06-01,2018-06-01,,GLOBAL,1,2026-10-03 00:00:00,2026-10-03 00:00:00
1286,Reconstituted chicken breast slices - Poultry Meat,2,5786,Poultry Meat,9.870000,"Poore and Nemecek (2018), via Our World in Data",https://ourworldindata.org/grapher/ghg-per-kg-poore,OWID ghg-per-kg-poore (2010 values),2018-06-01,2018-06-01,,GLOBAL,1,2026-10-03 00:00:00,2026-10-03 00:00:00
1287,Reconstituted chicken cordons bleus - Poultry Meat,2,5787,Poultry Meat,9.870000,"Poore and Nemecek (2018), via Our World in Data",https://ourworldindata.org/grapher/ghg-per-kg-poore,OWID ghg-per-kg-poore (2010 values),2018-06-01,2018-06-01,,GLOBAL,1,2026-10-03 00:00:00,2026-10-03 00:00:00
1288,Reconstituted chicken nuggets - Poultry Meat,2,5788,Poultry Meat,9.870000,"Poore and Nemecek (2018), via Our World in Data",https://ourworldindata.org/grapher/ghg-per-kg-poore,OWID ghg-per-kg-poore (2010 values),2018-06-01,2018-06-01,,GLOBAL,1,2026-10-03 00:00:00,2026-10-03 00:00:00
1289,Red bananas - Bananas,5,5792,Bananas,0.860000,"Poore and Nemecek (2018), via Our World in Data",https://ourworldindata.org/grapher/ghg-per-kg-poore,OWID ghg-per-kg-poore (2010 values),2018-06-01,2018-06-01,,GLOBAL,1,2026-10-03 00:00:00,2026-10-03 00:00:00
1290,Red beans - Other Pulses,14,5793,Other Pulses,1.790000,"Poore and Nemecek (2018), via Our World in Data",https://ourworldindata.org/grapher/ghg-per-kg-poore,OWID ghg-per-kg-poore (2010 values),2018-06-01,2018-06-01,,GLOBAL,1,2026-10-03 00:00:00,2026-10-03 00:00:00
1291,Red bell peppers - Other Vegetables,4,5794,Other Vegetables,0.530000,"Poore and Nemecek (2018), via Our World in Data",https://ourworldindata.org/grapher/ghg-per-kg-poore,OWID ghg-per-kg-poore (2010 values),2018-06-01,2018-06-01,,GLOBAL,1,2026-10-03 00:00:00,2026-10-03 00:00:00
1292,Red cabbage - Brassicas,4,5795,Brassicas,0.510000,"Poore and Nemecek (2018), via Our World in Data",https://ourworldindata.org/grapher/ghg-per-kg-poore,OWID ghg-per-kg-poore (2010 values),2018-06-01,2018-06-01,,GLOBAL,1,2026-10-03 00:00:00,2026-10-03 00:00:00
1293,Red cabbage with apple - Brassicas,4,5796,Brassicas,0.510000,"Poore and Nemecek (2018), via Our World in Data",https://ourworldindata.org/grapher/ghg-per-kg-poore,OWID ghg-per-kg-poore (2010 values),2018-06-01,2018-06-01,,GLOBAL,1,2026-10-03 00:00:00,2026-10-03 00:00:00
1294,Red Delicious apples - Other Fruit,5,5798,Other Fruit,1.050000,"Poore and Nemecek (2018), via Our World in Data",https://ourworldindata.org/grapher/ghg-per-kg-poore,OWID ghg-per-kg-poore (2010 values),2018-06-01,2018-06-01,,GLOBAL,1,2026-10-03 00:00:00,2026-10-03 00:00:00
1295,Red endives - Other Vegetables,4,5799,Other Vegetables,0.530000,"Poore and Nemecek (2018), via Our World in Data",https://ourworldindata.org/grapher/ghg-per-kg-poore,OWID ghg-per-kg-poore (2010 values),2018-06-01,2018-06-01,,GLOBAL,1,2026-10-03 00:00:00,2026-10-03 00:00:00
1296,Red grapefruit pulps - Berries & Grapes,5,5802,Berries & Grapes,1.530000,"Poore and Nemecek (2018), via Our World in Data",https://ourworldindata.org/grapher/ghg-per-kg-poore,OWID ghg-per-kg-poore (2010 values),2018-06-01,2018-06-01,,GLOBAL,1,2026-10-03 00:00:00,2026-10-03 00:00:00
1297,Red grapefruits - Berries & Grapes,5,5803,Berries & Grapes,1.530000,"Poore and Nemecek (2018), via Our World in Data",https://ourworldindata.org/grapher/ghg-per-kg-poore,OWID ghg-per-kg-poore (2010 values),2018-06-01,2018-06-01,,GLOBAL,1,2026-10-03 00:00:00,2026-10-03 00:00:00
1298,Red lentils - Other Pulses,14,5807,Other Pulses,1.790000,"Poore and Nemecek (2018), via Our World in Data",https://ourworldindata.org/grapher/ghg-per-kg-poore,OWID ghg-per-kg-poore (2010 values),2018-06-01,2018-06-01,,GLOBAL,1,2026-10-03 00:00:00,2026-10-03 00:00:00
1299,Red plums - Other Fruit,5,5812,Other Fruit,1.050000,"Poore and Nemecek (2018), via Our World in Data",https://ourworldindata.org/grapher/ghg-per-kg-poore,OWID ghg-per-kg-poore (2010 values),2018-06-01,2018-06-01,,GLOBAL,1,2026-10-03 00:00:00,2026-10-03 00:00:00
1300,Red radish pickles - Root Vegetables,4,5815,Root Vegetables,0.430000,"Poore and Nemecek (2018), via Our World in Data",https://ourworldindata.org/grapher/ghg-per-kg-poore,OWID ghg-per-kg-poore (2010 values),2018-06-01,2018-06-01,,GLOBAL,1,2026-10-03 00:00:00,2026-10-03 00:00:00
1301,Red radishes - Root Vegetables,4,5816,Root Vegetables,0.430000,"Poore and Nemecek (2018), via Our World in Data",https://ourworldindata.org/grapher/ghg-per-kg-poore,OWID ghg-per-kg-poore (2010 values),2018-06-01,2018-06-01,,GLOBAL,1,2026-10-03 00:00:00,2026-10-03 00:00:00
1302,Red rices - Rice,14,5818,Rice,4.450000,"Poore and Nemecek (2018), via Our World in Data",https://ourworldindata.org/grapher/ghg-per-kg-poore,OWID ghg-per-kg-poore (2010 values),2018-06-01,2018-06-01,,GLOBAL,1,2026-10-03 00:00:00,2026-10-03 00:00:00
1303,Red wines - Wine,7,5823,Wine,1.790000,"Poore and Nemecek (2018), via Our World in Data",https://ourworldindata.org/grapher/ghg-per-kg-poore,OWID ghg-per-kg-poore (2010 values),2018-06-01,2018-06-01,,GLOBAL,1,2026-10-03 00:00:00,2026-10-03 00:00:00
1304,Redcurrants - Other Fruit,5,5825,Other Fruit,1.050000,"Poore and Nemecek (2018), via Our World in Data",https://ourworldindata.org/grapher/ghg-per-kg-poore,OWID ghg-per-kg-poore (2010 values),2018-06-01,2018-06-01,,GLOBAL,1,2026-10-03 00:00:00,2026-10-03 00:00:00
1305,Reduced fat Tomme cheese - Cheese,1,5830,Cheese,23.880000,"Poore and Nemecek (2018), via Our World in Data",https://ourworldindata.org/grapher/ghg-per-kg-poore,OWID ghg-per-kg-poore (2010 values),2018-06-01,2018-06-01,,GLOBAL,1,2026-10-03 00:00:00,2026-10-03 00:00:00
1306,Refrigerated ground beef meats - Beef (beef herd),2,5856,Beef (beef herd),99.480000,"Poore and Nemecek (2018), via Our World in Data",https://ourworldindata.org/grapher/ghg-per-kg-poore,OWID ghg-per-kg-poore (2010 values),2018-06-01,2018-06-01,,GLOBAL,1,2026-10-03 00:00:00,2026-10-03 00:00:00
1307,Refrigerated milks - Milk,1,5859,Milk,3.150000,"Poore and Nemecek (2018), via Our World in Data",https://ourworldindata.org/grapher/ghg-per-kg-poore,OWID ghg-per-kg-poore (2010 values),2018-06-01,2018-06-01,,GLOBAL,1,2026-10-03 00:00:00,2026-10-03 00:00:00
1308,Reheated duck confit conserved in rendered fat without skin - Poultry Meat,2,5893,Poultry Meat,9.870000,"Poore and Nemecek (2018), via Our World in Data",https://ourworldindata.org/grapher/ghg-per-kg-poore,OWID ghg-per-kg-poore (2010 values),2018-06-01,2018-06-01,,GLOBAL,1,2026-10-03 00:00:00,2026-10-03 00:00:00
1309,Rhubarb - Other Vegetables,4,5915,Other Vegetables,0.530000,"Poore and Nemecek (2018), via Our World in Data",https://ourworldindata.org/grapher/ghg-per-kg-poore,OWID ghg-per-kg-poore (2010 values),2018-06-01,2018-06-01,,GLOBAL,1,2026-10-03 00:00:00,2026-10-03 00:00:00
1310,Ribe rices - Rice,14,5920,Rice,4.450000,"Poore and Nemecek (2018), via Our World in Data",https://ourworldindata.org/grapher/ghg-per-kg-poore,OWID ghg-per-kg-poore (2010 values),2018-06-01,2018-06-01,,GLOBAL,1,2026-10-03 00:00:00,2026-10-03 00:00:00
1311,Rice-based creams for cooking - Rice,14,5922,Rice,4.450000,"Poore and Nemecek (2018), via Our World in Data",https://ourworldindata.org/grapher/ghg-per-kg-poore,OWID ghg-per-kg-poore (2010 values),2018-06-01,2018-06-01,,GLOBAL,1,2026-10-03 00:00:00,2026-10-03 00:00:00
1312,Rice beans - Rice,14,5924,Rice,4.450000,"Poore and Nemecek (2018), via Our World in Data",https://ourworldindata.org/grapher/ghg-per-kg-poore,OWID ghg-per-kg-poore (2010 values),2018-06-01,2018-06-01,,GLOBAL,1,2026-10-03 00:00:00,2026-10-03 00:00:00
1313,Rice brans - Rice,14,5926,Rice,4.450000,"Poore and Nemecek (2018), via Our World in Data",https://ourworldindata.org/grapher/ghg-per-kg-poore,OWID ghg-per-kg-poore (2010 values),2018-06-01,2018-06-01,,GLOBAL,1,2026-10-03 00:00:00,2026-10-03 00:00:00
1314,Rice flakes - Rice,14,5930,Rice,4.450000,"Poore and Nemecek (2018), via Our World in Data",https://ourworldindata.org/grapher/ghg-per-kg-poore,OWID ghg-per-kg-poore (2010 values),2018-06-01,2018-06-01,,GLOBAL,1,2026-10-03 00:00:00,2026-10-03 00:00:00
1315,Rice flours - Rice,14,5931,Rice,4.450000,"Poore and Nemecek (2018), via Our World in Data",https://ourworldindata.org/grapher/ghg-per-kg-poore,OWID ghg-per-kg-poore (2010 values),2018-06-01,2018-06-01,,GLOBAL,1,2026-10-03 00:00:00,2026-10-03 00:00:00
1316,Rice from Valencia - Rice,14,5932,Rice,4.450000,"Poore and Nemecek (2018), via Our World in Data",https://ourworldindata.org/grapher/ghg-per-kg-poore,OWID ghg-per-kg-poore (2010 values),2018-06-01,2018-06-01,,GLOBAL,1,2026-10-03 00:00:00,2026-10-03 00:00:00
1317,Rice paper - Rice,14,5935,Rice,4.450000,"Poore and Nemecek (2018), via Our World in Data",https://ourworldindata.org/grapher/ghg-per-kg-poore,OWID ghg-per-kg-poore (2010 values),2018-06-01,2018-06-01,,GLOBAL,1,2026-10-03 00:00:00,2026-10-03 00:00:00
1318,Rice pasta - Rice,14,5936,Rice,4.450000,"Poore and Nemecek (2018), via Our World in Data",https://ourworldindata.org/grapher/ghg-per-kg-poore,OWID ghg-per-kg-poore (2010 values),2018-06-01,2018-06-01,,GLOBAL,1,2026-10-03 00:00:00,2026-10-03 00:00:00
1319,Rice semolinas - Rice,14,5938,Rice,4.450000,"Poore and Nemecek (2018), via Our World in Data",https://ourworldindata.org/grapher/ghg-per-kg-poore,OWID ghg-per-kg-poore (2010 values),2018-06-01,2018-06-01,,GLOBAL,1,2026-10-03 00:00:00,2026-10-03 00:00:00
1320,Rice starch - Rice,14,5939,Rice,4.450000,"Poore and Nemecek (2018), via Our World in Data",https://ourworldindata.org/grapher/ghg-per-kg-poore,OWID ghg-per-kg-poore (2010 values),2018-06-01,2018-06-01,,GLOBAL,1,2026-10-03 00:00:00,2026-10-03 00:00:00
1321,Rice syrups - Rice,14,5940,Rice,4.450000,"Poore and Nemecek (2018), via Our World in Data",https://ourworldindata.org/grapher/ghg-per-kg-poore,OWID ghg-per-kg-poore (2010 values),2018-06-01,2018-06-01,,GLOBAL,1,2026-10-03 00:00:00,2026-10-03 00:00:00
1322,Rice wines - Wine,7,5944,Wine,1.790000,"Poore and Nemecek (2018), via Our World in Data",https://ourworldindata.org/grapher/ghg-per-kg-poore,OWID ghg-per-kg-poore (2010 values),2018-06-01,2018-06-01,,GLOBAL,1,2026-10-03 00:00:00,2026-10-03 00:00:00
1323,Rices - Rice,14,5945,Rice,4.450000,"Poore and Nemecek (2018), via Our World in Data",https://ourworldindata.org/grapher/ghg-per-kg-poore,OWID ghg-per-kg-poore (2010 values),2018-06-01,2018-06-01,,GLOBAL,1,2026-10-03 00:00:00,2026-10-03 00:00:00
1324,Rices for paella - Rice,14,5946,Rice,4.450000,"Poore and Nemecek (2018), via Our World in Data",https://ourworldindata.org/grapher/ghg-per-kg-poore,OWID ghg-per-kg-poore (2010 values),2018-06-01,2018-06-01,,GLOBAL,1,2026-10-03 00:00:00,2026-10-03 00:00:00
1325,Rices for porridge - Rice,14,5947,Rice,4.450000,"Poore and Nemecek (2018), via Our World in Data",https://ourworldindata.org/grapher/ghg-per-kg-poore,OWID ghg-per-kg-poore (2010 values),2018-06-01,2018-06-01,,GLOBAL,1,2026-10-03 00:00:00,2026-10-03 00:00:00
1326,Rices for risotto - Rice,14,5948,Rice,4.450000,"Poore and Nemecek (2018), via Our World in Data",https://ourworldindata.org/grapher/ghg-per-kg-poore,OWID ghg-per-kg-poore (2010 values),2018-06-01,2018-06-01,,GLOBAL,1,2026-10-03 00:00:00,2026-10-03 00:00:00
1327,Ricotta - Cheese,1,5949,Cheese,23.880000,"Poore and Nemecek (2018), via Our World in Data",https://ourworldindata.org/grapher/ghg-per-kg-poore,OWID ghg-per-kg-poore (2010 values),2018-06-01,2018-06-01,,GLOBAL,1,2026-10-03 00:00:00,2026-10-03 00:00:00
1328,Rindless pork back fat - Pig Meat,2,5955,Pig Meat,12.310000,"Poore and Nemecek (2018), via Our World in Data",https://ourworldindata.org/grapher/ghg-per-kg-poore,OWID ghg-per-kg-poore (2010 values),2018-06-01,2018-06-01,,GLOBAL,1,2026-10-03 00:00:00,2026-10-03 00:00:00
1329,Rindless pork jowl - Pig Meat,2,5956,Pig Meat,12.310000,"Poore and Nemecek (2018), via Our World in Data",https://ourworldindata.org/grapher/ghg-per-kg-poore,OWID ghg-per-kg-poore (2010 values),2018-06-01,2018-06-01,,GLOBAL,1,2026-10-03 00:00:00,2026-10-03 00:00:00
1330,Roast beef - Beef (beef herd),2,5963,Beef (beef herd),99.480000,"Poore and Nemecek (2018), via Our World in Data",https://ourworldindata.org/grapher/ghg-per-kg-poore,OWID ghg-per-kg-poore (2010 values),2018-06-01,2018-06-01,,GLOBAL,1,2026-10-03 00:00:00,2026-10-03 00:00:00
1331,Roast chicken - Poultry Meat,2,5964,Poultry Meat,9.870000,"Poore and Nemecek (2018), via Our World in Data",https://ourworldindata.org/grapher/ghg-per-kg-poore,OWID ghg-per-kg-poore (2010 values),2018-06-01,2018-06-01,,GLOBAL,1,2026-10-03 00:00:00,2026-10-03 00:00:00
1332,Roasted apple pulp - Apples,5,5968,Apples,0.430000,"Poore and Nemecek (2018), via Our World in Data",https://ourworldindata.org/grapher/ghg-per-kg-poore,OWID ghg-per-kg-poore (2010 values),2018-06-01,2018-06-01,,GLOBAL,1,2026-10-03 00:00:00,2026-10-03 00:00:00
1333,Roasted beef bolar-blade - Beef (beef herd),2,5969,Beef (beef herd),99.480000,"Poore and Nemecek (2018), via Our World in Data",https://ourworldindata.org/grapher/ghg-per-kg-poore,OWID ghg-per-kg-poore (2010 values),2018-06-01,2018-06-01,,GLOBAL,1,2026-10-03 00:00:00,2026-10-03 00:00:00
1334,Roasted beef sirloin steak - Beef (beef herd),2,5970,Beef (beef herd),99.480000,"Poore and Nemecek (2018), via Our World in Data",https://ourworldindata.org/grapher/ghg-per-kg-poore,OWID ghg-per-kg-poore (2010 values),2018-06-01,2018-06-01,,GLOBAL,1,2026-10-03 00:00:00,2026-10-03 00:00:00
1335,Roasted beef topside - Beef (beef herd),2,5971,Beef (beef herd),99.480000,"Poore and Nemecek (2018), via Our World in Data",https://ourworldindata.org/grapher/ghg-per-kg-poore,OWID ghg-per-kg-poore (2010 values),2018-06-01,2018-06-01,,GLOBAL,1,2026-10-03 00:00:00,2026-10-03 00:00:00
1336,Roasted chicken breast with meat and skin - Poultry Meat,2,5974,Poultry Meat,9.870000,"Poore and Nemecek (2018), via Our World in Data",https://ourworldindata.org/grapher/ghg-per-kg-poore,OWID ghg-per-kg-poore (2010 values),2018-06-01,2018-06-01,,GLOBAL,1,2026-10-03 00:00:00,2026-10-03 00:00:00
1337,Roasted chicken leg meat - Poultry Meat,2,5976,Poultry Meat,9.870000,"Poore and Nemecek (2018), via Our World in Data",https://ourworldindata.org/grapher/ghg-per-kg-poore,OWID ghg-per-kg-poore (2010 values),2018-06-01,2018-06-01,,GLOBAL,1,2026-10-03 00:00:00,2026-10-03 00:00:00
1338,Roasted chicken leg meat and skin - Poultry Meat,2,5977,Poultry Meat,9.870000,"Poore and Nemecek (2018), via Our World in Data",https://ourworldindata.org/grapher/ghg-per-kg-poore,OWID ghg-per-kg-poore (2010 values),2018-06-01,2018-06-01,,GLOBAL,1,2026-10-03 00:00:00,2026-10-03 00:00:00
1339,Roasted chicken wing meat and skin - Poultry Meat,2,5978,Poultry Meat,9.870000,"Poore and Nemecek (2018), via Our World in Data",https://ourworldindata.org/grapher/ghg-per-kg-poore,OWID ghg-per-kg-poore (2010 values),2018-06-01,2018-06-01,,GLOBAL,1,2026-10-03 00:00:00,2026-10-03 00:00:00
1340,Roasted duck meat - Poultry Meat,2,5981,Poultry Meat,9.870000,"Poore and Nemecek (2018), via Our World in Data",https://ourworldindata.org/grapher/ghg-per-kg-poore,OWID ghg-per-kg-poore (2010 values),2018-06-01,2018-06-01,,GLOBAL,1,2026-10-03 00:00:00,2026-10-03 00:00:00
1341,Roasted duck with meat and skin - Poultry Meat,2,5982,Poultry Meat,9.870000,"Poore and Nemecek (2018), via Our World in Data",https://ourworldindata.org/grapher/ghg-per-kg-poore,OWID ghg-per-kg-poore (2010 values),2018-06-01,2018-06-01,,GLOBAL,1,2026-10-03 00:00:00,2026-10-03 00:00:00
1342,Roasted lamb leg - Lamb & Mutton,2,5996,Lamb & Mutton,39.720000,"Poore and Nemecek (2018), via Our World in Data",https://ourworldindata.org/grapher/ghg-per-kg-poore,OWID ghg-per-kg-poore (2010 values),2018-06-01,2018-06-01,,GLOBAL,1,2026-10-03 00:00:00,2026-10-03 00:00:00
1343,Roasted lamb shoulders - Lamb & Mutton,2,5997,Lamb & Mutton,39.720000,"Poore and Nemecek (2018), via Our World in Data",https://ourworldindata.org/grapher/ghg-per-kg-poore,OWID ghg-per-kg-poore (2010 values),2018-06-01,2018-06-01,,GLOBAL,1,2026-10-03 00:00:00,2026-10-03 00:00:00
1344,Roasted lean lamb saddle - Lamb & Mutton,2,5998,Lamb & Mutton,39.720000,"Poore and Nemecek (2018), via Our World in Data",https://ourworldindata.org/grapher/ghg-per-kg-poore,OWID ghg-per-kg-poore (2010 values),2018-06-01,2018-06-01,,GLOBAL,1,2026-10-03 00:00:00,2026-10-03 00:00:00
1345,Roasted lean lamb shoulders - Lamb & Mutton,2,5999,Lamb & Mutton,39.720000,"Poore and Nemecek (2018), via Our World in Data",https://ourworldindata.org/grapher/ghg-per-kg-poore,OWID ghg-per-kg-poore (2010 values),2018-06-01,2018-06-01,,GLOBAL,1,2026-10-03 00:00:00,2026-10-03 00:00:00
1346,Roasted turkey escalope - Poultry Meat,2,6017,Poultry Meat,9.870000,"Poore and Nemecek (2018), via Our World in Data",https://ourworldindata.org/grapher/ghg-per-kg-poore,OWID ghg-per-kg-poore (2010 values),2018-06-01,2018-06-01,,GLOBAL,1,2026-10-03 00:00:00,2026-10-03 00:00:00
1347,Roasted turkey meat - Poultry Meat,2,6018,Poultry Meat,9.870000,"Poore and Nemecek (2018), via Our World in Data",https://ourworldindata.org/grapher/ghg-per-kg-poore,OWID ghg-per-kg-poore (2010 values),2018-06-01,2018-06-01,,GLOBAL,1,2026-10-03 00:00:00,2026-10-03 00:00:00
1348,Rocha pears - Other Fruit,5,6025,Other Fruit,1.050000,"Poore and Nemecek (2018), via Our World in Data",https://ourworldindata.org/grapher/ghg-per-kg-poore,OWID ghg-per-kg-poore (2010 values),2018-06-01,2018-06-01,,GLOBAL,1,2026-10-03 00:00:00,2026-10-03 00:00:00
1349,Rochet melons - Other Fruit,5,6026,Other Fruit,1.050000,"Poore and Nemecek (2018), via Our World in Data",https://ourworldindata.org/grapher/ghg-per-kg-poore,OWID ghg-per-kg-poore (2010 values),2018-06-01,2018-06-01,,GLOBAL,1,2026-10-03 00:00:00,2026-10-03 00:00:00
1350,rocket - Other Vegetables,4,6029,Other Vegetables,0.530000,"Poore and Nemecek (2018), via Our World in Data",https://ourworldindata.org/grapher/ghg-per-kg-poore,OWID ghg-per-kg-poore (2010 values),2018-06-01,2018-06-01,,GLOBAL,1,2026-10-03 00:00:00,2026-10-03 00:00:00
1351,Rolled escalope of pork with pistachios - Pig Meat,2,6031,Pig Meat,12.310000,"Poore and Nemecek (2018), via Our World in Data",https://ourworldindata.org/grapher/ghg-per-kg-poore,OWID ghg-per-kg-poore (2010 values),2018-06-01,2018-06-01,,GLOBAL,1,2026-10-03 00:00:00,2026-10-03 00:00:00
1352,Rolled oats - Oatmeal,14,6032,Oatmeal,2.480000,"Poore and Nemecek (2018), via Our World in Data",https://ourworldindata.org/grapher/ghg-per-kg-poore,OWID ghg-per-kg-poore (2010 values),2018-06-01,2018-06-01,,GLOBAL,1,2026-10-03 00:00:00,2026-10-03 00:00:00
1353,Rolled oats (small) - Oatmeal,14,6033,Oatmeal,2.480000,"Poore and Nemecek (2018), via Our World in Data",https://ourworldindata.org/grapher/ghg-per-kg-poore,OWID ghg-per-kg-poore (2010 values),2018-06-01,2018-06-01,,GLOBAL,1,2026-10-03 00:00:00,2026-10-03 00:00:00
1354,Roma rices - Rice,14,6037,Rice,4.450000,"Poore and Nemecek (2018), via Our World in Data",https://ourworldindata.org/grapher/ghg-per-kg-poore,OWID ghg-per-kg-poore (2010 values),2018-06-01,2018-06-01,,GLOBAL,1,2026-10-03 00:00:00,2026-10-03 00:00:00
1355,Romaine lettuce - Other Vegetables,4,6038,Other Vegetables,0.530000,"Poore and Nemecek (2018), via Our World in Data",https://ourworldindata.org/grapher/ghg-per-kg-poore,OWID ghg-per-kg-poore (2010 values),2018-06-01,2018-06-01,,GLOBAL,1,2026-10-03 00:00:00,2026-10-03 00:00:00
1356,Romanesco - Other Vegetables,4,6039,Other Vegetables,0.530000,"Poore and Nemecek (2018), via Our World in Data",https://ourworldindata.org/grapher/ghg-per-kg-poore,OWID ghg-per-kg-poore (2010 values),2018-06-01,2018-06-01,,GLOBAL,1,2026-10-03 00:00:00,2026-10-03 00:00:00
1357,Romanian cheeses - Cheese,1,6040,Cheese,23.880000,"Poore and Nemecek (2018), via Our World in Data",https://ourworldindata.org/grapher/ghg-per-kg-poore,OWID ghg-per-kg-poore (2010 values),2018-06-01,2018-06-01,,GLOBAL,1,2026-10-03 00:00:00,2026-10-03 00:00:00
1358,Romanian wines - Wine,7,6043,Wine,1.790000,"Poore and Nemecek (2018), via Our World in Data",https://ourworldindata.org/grapher/ghg-per-kg-poore,OWID ghg-per-kg-poore (2010 values),2018-06-01,2018-06-01,,GLOBAL,1,2026-10-03 00:00:00,2026-10-03 00:00:00
1359,Romanian wines spirit - Wine,7,6044,Wine,1.790000,"Poore and Nemecek (2018), via Our World in Data",https://ourworldindata.org/grapher/ghg-per-kg-poore,OWID ghg-per-kg-poore (2010 values),2018-06-01,2018-06-01,,GLOBAL,1,2026-10-03 00:00:00,2026-10-03 00:00:00
1360,Root vegetables - Other Vegetables,4,6047,Other Vegetables,0.530000,"Poore and Nemecek (2018), via Our World in Data",https://ourworldindata.org/grapher/ghg-per-kg-poore,OWID ghg-per-kg-poore (2010 values),2018-06-01,2018-06-01,,GLOBAL,1,2026-10-03 00:00:00,2026-10-03 00:00:00
1361,Roquefort cheeses - Cheese,1,6048,Cheese,23.880000,"Poore and Nemecek (2018), via Our World in Data",https://ourworldindata.org/grapher/ghg-per-kg-poore,OWID ghg-per-kg-poore (2010 values),2018-06-01,2018-06-01,,GLOBAL,1,2026-10-03 00:00:00,2026-10-03 00:00:00
1362,Rosé wines - Wine,7,6053,Wine,1.790000,"Poore and Nemecek (2018), via Our World in Data",https://ourworldindata.org/grapher/ghg-per-kg-poore,OWID ghg-per-kg-poore (2010 values),2018-06-01,2018-06-01,,GLOBAL,1,2026-10-03 00:00:00,2026-10-03 00:00:00
1363,Royal Gala apples - Other Fruit,5,6062,Other Fruit,1.050000,"Poore and Nemecek (2018), via Our World in Data",https://ourworldindata.org/grapher/ghg-per-kg-poore,OWID ghg-per-kg-poore (2010 values),2018-06-01,2018-06-01,,GLOBAL,1,2026-10-03 00:00:00,2026-10-03 00:00:00
1364,Runner beans from Styria - Other Vegetables,4,6072,Other Vegetables,0.530000,"Poore and Nemecek (2018), via Our World in Data",https://ourworldindata.org/grapher/ghg-per-kg-poore,OWID ghg-per-kg-poore (2010 values),2018-06-01,2018-06-01,,GLOBAL,1,2026-10-03 00:00:00,2026-10-03 00:00:00
1365,Russet apples - Other Fruit,5,6076,Other Fruit,1.050000,"Poore and Nemecek (2018), via Our World in Data",https://ourworldindata.org/grapher/ghg-per-kg-poore,OWID ghg-per-kg-poore (2010 values),2018-06-01,2018-06-01,,GLOBAL,1,2026-10-03 00:00:00,2026-10-03 00:00:00
1366,Russian cheeses - Cheese,1,6078,Cheese,23.880000,"Poore and Nemecek (2018), via Our World in Data",https://ourworldindata.org/grapher/ghg-per-kg-poore,OWID ghg-per-kg-poore (2010 values),2018-06-01,2018-06-01,,GLOBAL,1,2026-10-03 00:00:00,2026-10-03 00:00:00
1367,Rutabaga - Other Vegetables,4,6080,Other Vegetables,0.530000,"Poore and Nemecek (2018), via Our World in Data",https://ourworldindata.org/grapher/ghg-per-kg-poore,OWID ghg-per-kg-poore (2010 values),2018-06-01,2018-06-01,,GLOBAL,1,2026-10-03 00:00:00,2026-10-03 00:00:00
1368,Rye flours - Wheat & Rye,14,6087,Wheat & Rye,1.570000,"Poore and Nemecek (2018), via Our World in Data",https://ourworldindata.org/grapher/ghg-per-kg-poore,OWID ghg-per-kg-poore (2010 values),2018-06-01,2018-06-01,,GLOBAL,1,2026-10-03 00:00:00,2026-10-03 00:00:00
1369,Rye flours Type 1150 - Wheat & Rye,14,6088,Wheat & Rye,1.570000,"Poore and Nemecek (2018), via Our World in Data",https://ourworldindata.org/grapher/ghg-per-kg-poore,OWID ghg-per-kg-poore (2010 values),2018-06-01,2018-06-01,,GLOBAL,1,2026-10-03 00:00:00,2026-10-03 00:00:00
1370,Rye flours Type 130 - Wheat & Rye,14,6089,Wheat & Rye,1.570000,"Poore and Nemecek (2018), via Our World in Data",https://ourworldindata.org/grapher/ghg-per-kg-poore,OWID ghg-per-kg-poore (2010 values),2018-06-01,2018-06-01,,GLOBAL,1,2026-10-03 00:00:00,2026-10-03 00:00:00
1371,Rye flours Type 1370 - Wheat & Rye,14,6090,Wheat & Rye,1.570000,"Poore and Nemecek (2018), via Our World in Data",https://ourworldindata.org/grapher/ghg-per-kg-poore,OWID ghg-per-kg-poore (2010 values),2018-06-01,2018-06-01,,GLOBAL,1,2026-10-03 00:00:00,2026-10-03 00:00:00
1372,Rye flours Type 1740 - Wheat & Rye,14,6091,Wheat & Rye,1.570000,"Poore and Nemecek (2018), via Our World in Data",https://ourworldindata.org/grapher/ghg-per-kg-poore,OWID ghg-per-kg-poore (2010 values),2018-06-01,2018-06-01,,GLOBAL,1,2026-10-03 00:00:00,2026-10-03 00:00:00
1373,Rye flours Type 815 - Wheat & Rye,14,6092,Wheat & Rye,1.570000,"Poore and Nemecek (2018), via Our World in Data",https://ourworldindata.org/grapher/ghg-per-kg-poore,OWID ghg-per-kg-poore (2010 values),2018-06-01,2018-06-01,,GLOBAL,1,2026-10-03 00:00:00,2026-10-03 00:00:00
1374,Rye flours Type 997 - Wheat & Rye,14,6093,Wheat & Rye,1.570000,"Poore and Nemecek (2018), via Our World in Data",https://ourworldindata.org/grapher/ghg-per-kg-poore,OWID ghg-per-kg-poore (2010 values),2018-06-01,2018-06-01,,GLOBAL,1,2026-10-03 00:00:00,2026-10-03 00:00:00
1375,Rye groats - Oatmeal,14,6094,Oatmeal,2.480000,"Poore and Nemecek (2018), via Our World in Data",https://ourworldindata.org/grapher/ghg-per-kg-poore,OWID ghg-per-kg-poore (2010 values),2018-06-01,2018-06-01,,GLOBAL,1,2026-10-03 00:00:00,2026-10-03 00:00:00
1376,Saint-Félicien cheese - Cheese,1,6104,Cheese,23.880000,"Poore and Nemecek (2018), via Our World in Data",https://ourworldindata.org/grapher/ghg-per-kg-poore,OWID ghg-per-kg-poore (2010 values),2018-06-01,2018-06-01,,GLOBAL,1,2026-10-03 00:00:00,2026-10-03 00:00:00
1377,Saint-Nectaire cheese from milk collected in an unique farm - Cheese,1,6108,Cheese,23.880000,"Poore and Nemecek (2018), via Our World in Data",https://ourworldindata.org/grapher/ghg-per-kg-poore,OWID ghg-per-kg-poore (2010 values),2018-06-01,2018-06-01,,GLOBAL,1,2026-10-03 00:00:00,2026-10-03 00:00:00
1378,Saint-Nectaire from milks collected in many farms - Milk,1,6109,Milk,3.150000,"Poore and Nemecek (2018), via Our World in Data",https://ourworldindata.org/grapher/ghg-per-kg-poore,OWID ghg-per-kg-poore (2010 values),2018-06-01,2018-06-01,,GLOBAL,1,2026-10-03 00:00:00,2026-10-03 00:00:00
1379,Saint-Paulin cheese - Cheese,1,6110,Cheese,23.880000,"Poore and Nemecek (2018), via Our World in Data",https://ourworldindata.org/grapher/ghg-per-kg-poore,OWID ghg-per-kg-poore (2010 values),2018-06-01,2018-06-01,,GLOBAL,1,2026-10-03 00:00:00,2026-10-03 00:00:00
1380,Salads without dressing - Other Vegetables,4,6122,Other Vegetables,0.530000,"Poore and Nemecek (2018), via Our World in Data",https://ourworldindata.org/grapher/ghg-per-kg-poore,OWID ghg-per-kg-poore (2010 values),2018-06-01,2018-06-01,,GLOBAL,1,2026-10-03 00:00:00,2026-10-03 00:00:00
1381,Salers cheese - Cheese,1,6126,Cheese,23.880000,"Poore and Nemecek (2018), via Our World in Data",https://ourworldindata.org/grapher/ghg-per-kg-poore,OWID ghg-per-kg-poore (2010 values),2018-06-01,2018-06-01,,GLOBAL,1,2026-10-03 00:00:00,2026-10-03 00:00:00
1382,Salsifis - Other Vegetables,4,6152,Other Vegetables,0.530000,"Poore and Nemecek (2018), via Our World in Data",https://ourworldindata.org/grapher/ghg-per-kg-poore,OWID ghg-per-kg-poore (2010 values),2018-06-01,2018-06-01,,GLOBAL,1,2026-10-03 00:00:00,2026-10-03 00:00:00
1383,salt-cured pork belly - Pig Meat,2,6156,Pig Meat,12.310000,"Poore and Nemecek (2018), via Our World in Data",https://ourworldindata.org/grapher/ghg-per-kg-poore,OWID ghg-per-kg-poore (2010 values),2018-06-01,2018-06-01,,GLOBAL,1,2026-10-03 00:00:00,2026-10-03 00:00:00
1384,Salt-cured pork ear - Pig Meat,2,6158,Pig Meat,12.310000,"Poore and Nemecek (2018), via Our World in Data",https://ourworldindata.org/grapher/ghg-per-kg-poore,OWID ghg-per-kg-poore (2010 values),2018-06-01,2018-06-01,,GLOBAL,1,2026-10-03 00:00:00,2026-10-03 00:00:00
1385,Salt-cured pork trotters - Pig Meat,2,6159,Pig Meat,12.310000,"Poore and Nemecek (2018), via Our World in Data",https://ourworldindata.org/grapher/ghg-per-kg-poore,OWID ghg-per-kg-poore (2010 values),2018-06-01,2018-06-01,,GLOBAL,1,2026-10-03 00:00:00,2026-10-03 00:00:00
1386,Sant'Andrea Rices - Rice,14,6203,Rice,4.450000,"Poore and Nemecek (2018), via Our World in Data",https://ourworldindata.org/grapher/ghg-per-kg-poore,OWID ghg-per-kg-poore (2010 values),2018-06-01,2018-06-01,,GLOBAL,1,2026-10-03 00:00:00,2026-10-03 00:00:00
1387,Sautéed turkey escalope with salt - Poultry Meat,2,6226,Poultry Meat,9.870000,"Poore and Nemecek (2018), via Our World in Data",https://ourworldindata.org/grapher/ghg-per-kg-poore,OWID ghg-per-kg-poore (2010 values),2018-06-01,2018-06-01,,GLOBAL,1,2026-10-03 00:00:00,2026-10-03 00:00:00
1388,scallions - Other Vegetables,4,6239,Other Vegetables,0.530000,"Poore and Nemecek (2018), via Our World in Data",https://ourworldindata.org/grapher/ghg-per-kg-poore,OWID ghg-per-kg-poore (2010 values),2018-06-01,2018-06-01,,GLOBAL,1,2026-10-03 00:00:00,2026-10-03 00:00:00
1389,Scotch Beef - Beef (beef herd),2,6250,Beef (beef herd),99.480000,"Poore and Nemecek (2018), via Our World in Data",https://ourworldindata.org/grapher/ghg-per-kg-poore,OWID ghg-per-kg-poore (2010 values),2018-06-01,2018-06-01,,GLOBAL,1,2026-10-03 00:00:00,2026-10-03 00:00:00
1390,Scotch Lamb - Lamb & Mutton,2,6252,Lamb & Mutton,39.720000,"Poore and Nemecek (2018), via Our World in Data",https://ourworldindata.org/grapher/ghg-per-kg-poore,OWID ghg-per-kg-poore (2010 values),2018-06-01,2018-06-01,,GLOBAL,1,2026-10-03 00:00:00,2026-10-03 00:00:00
1391,Scrambled egg - Eggs,18,6258,Eggs,4.670000,"Poore and Nemecek (2018), via Our World in Data",https://ourworldindata.org/grapher/ghg-per-kg-poore,OWID ghg-per-kg-poore (2010 values),2018-06-01,2018-06-01,,GLOBAL,1,2026-10-03 00:00:00,2026-10-03 00:00:00
1392,Seedless grapes - Berries & Grapes,5,6282,Berries & Grapes,1.530000,"Poore and Nemecek (2018), via Our World in Data",https://ourworldindata.org/grapher/ghg-per-kg-poore,OWID ghg-per-kg-poore (2010 values),2018-06-01,2018-06-01,,GLOBAL,1,2026-10-03 00:00:00,2026-10-03 00:00:00
1393,Self-raising wheat flour - Wheat & Rye,14,6285,Wheat & Rye,1.570000,"Poore and Nemecek (2018), via Our World in Data",https://ourworldindata.org/grapher/ghg-per-kg-poore,OWID ghg-per-kg-poore (2010 values),2018-06-01,2018-06-01,,GLOBAL,1,2026-10-03 00:00:00,2026-10-03 00:00:00
1394,Semi-cured cheeses - Cheese,1,6287,Cheese,23.880000,"Poore and Nemecek (2018), via Our World in Data",https://ourworldindata.org/grapher/ghg-per-kg-poore,OWID ghg-per-kg-poore (2010 values),2018-06-01,2018-06-01,,GLOBAL,1,2026-10-03 00:00:00,2026-10-03 00:00:00
1395,Semi-dry cheese from goat's milk - Cheese,1,6288,Cheese,23.880000,"Poore and Nemecek (2018), via Our World in Data",https://ourworldindata.org/grapher/ghg-per-kg-poore,OWID ghg-per-kg-poore (2010 values),2018-06-01,2018-06-01,,GLOBAL,1,2026-10-03 00:00:00,2026-10-03 00:00:00
1396,Semi-hard cheeses from ewe's milk - Cheese,1,6289,Cheese,23.880000,"Poore and Nemecek (2018), via Our World in Data",https://ourworldindata.org/grapher/ghg-per-kg-poore,OWID ghg-per-kg-poore (2010 values),2018-06-01,2018-06-01,,GLOBAL,1,2026-10-03 00:00:00,2026-10-03 00:00:00
1397,Semi-milled Basmati rices - Rice,14,6290,Rice,4.450000,"Poore and Nemecek (2018), via Our World in Data",https://ourworldindata.org/grapher/ghg-per-kg-poore,OWID ghg-per-kg-poore (2010 values),2018-06-01,2018-06-01,,GLOBAL,1,2026-10-03 00:00:00,2026-10-03 00:00:00
1398,Semi-milled Camargue rices - Rice,14,6291,Rice,4.450000,"Poore and Nemecek (2018), via Our World in Data",https://ourworldindata.org/grapher/ghg-per-kg-poore,OWID ghg-per-kg-poore (2010 values),2018-06-01,2018-06-01,,GLOBAL,1,2026-10-03 00:00:00,2026-10-03 00:00:00
1399,Semi-milled Jasmine rices - Rice,14,6292,Rice,4.450000,"Poore and Nemecek (2018), via Our World in Data",https://ourworldindata.org/grapher/ghg-per-kg-poore,OWID ghg-per-kg-poore (2010 values),2018-06-01,2018-06-01,,GLOBAL,1,2026-10-03 00:00:00,2026-10-03 00:00:00
1400,Semi-milled rices - Rice,14,6293,Rice,4.450000,"Poore and Nemecek (2018), via Our World in Data",https://ourworldindata.org/grapher/ghg-per-kg-poore,OWID ghg-per-kg-poore (2010 values),2018-06-01,2018-06-01,,GLOBAL,1,2026-10-03 00:00:00,2026-10-03 00:00:00
1401,Semi-polished common wheat flours - Wheat & Rye,14,6294,Wheat & Rye,1.570000,"Poore and Nemecek (2018), via Our World in Data",https://ourworldindata.org/grapher/ghg-per-kg-poore,OWID ghg-per-kg-poore (2010 values),2018-06-01,2018-06-01,,GLOBAL,1,2026-10-03 00:00:00,2026-10-03 00:00:00
1402,Semi-polished einkorn wheat flours - Wheat & Rye,14,6295,Wheat & Rye,1.570000,"Poore and Nemecek (2018), via Our World in Data",https://ourworldindata.org/grapher/ghg-per-kg-poore,OWID ghg-per-kg-poore (2010 values),2018-06-01,2018-06-01,,GLOBAL,1,2026-10-03 00:00:00,2026-10-03 00:00:00
1403,Semi-polished wheat flours - Wheat & Rye,14,6296,Wheat & Rye,1.570000,"Poore and Nemecek (2018), via Our World in Data",https://ourworldindata.org/grapher/ghg-per-kg-poore,OWID ghg-per-kg-poore (2010 values),2018-06-01,2018-06-01,,GLOBAL,1,2026-10-03 00:00:00,2026-10-03 00:00:00
1404,Semi-skimmed goat milks - Milk,1,6302,Milk,3.150000,"Poore and Nemecek (2018), via Our World in Data",https://ourworldindata.org/grapher/ghg-per-kg-poore,OWID ghg-per-kg-poore (2010 values),2018-06-01,2018-06-01,,GLOBAL,1,2026-10-03 00:00:00,2026-10-03 00:00:00
1405,Semi-skimmed milk UHT - Milk,1,6304,Milk,3.150000,"Poore and Nemecek (2018), via Our World in Data",https://ourworldindata.org/grapher/ghg-per-kg-poore,OWID ghg-per-kg-poore (2010 values),2018-06-01,2018-06-01,,GLOBAL,1,2026-10-03 00:00:00,2026-10-03 00:00:00
1406,Semi-skimmed milk with reduced lactose - Milk,1,6305,Milk,3.150000,"Poore and Nemecek (2018), via Our World in Data",https://ourworldindata.org/grapher/ghg-per-kg-poore,OWID ghg-per-kg-poore (2010 values),2018-06-01,2018-06-01,,GLOBAL,1,2026-10-03 00:00:00,2026-10-03 00:00:00
1407,Semi-skimmed milks - Milk,1,6306,Milk,3.150000,"Poore and Nemecek (2018), via Our World in Data",https://ourworldindata.org/grapher/ghg-per-kg-poore,OWID ghg-per-kg-poore (2010 values),2018-06-01,2018-06-01,,GLOBAL,1,2026-10-03 00:00:00,2026-10-03 00:00:00
1408,Semi-skimmed pasteurised milk - Milk,1,6307,Milk,3.150000,"Poore and Nemecek (2018), via Our World in Data",https://ourworldindata.org/grapher/ghg-per-kg-poore,OWID ghg-per-kg-poore (2010 values),2018-06-01,2018-06-01,,GLOBAL,1,2026-10-03 00:00:00,2026-10-03 00:00:00
1409,Semi-skimmed UHT Buffalo milks - Milk,1,6308,Milk,3.150000,"Poore and Nemecek (2018), via Our World in Data",https://ourworldindata.org/grapher/ghg-per-kg-poore,OWID ghg-per-kg-poore (2010 values),2018-06-01,2018-06-01,,GLOBAL,1,2026-10-03 00:00:00,2026-10-03 00:00:00
1410,Semi-skimmed UHT milk fortified with vitamins - Milk,1,6309,Milk,3.150000,"Poore and Nemecek (2018), via Our World in Data",https://ourworldindata.org/grapher/ghg-per-kg-poore,OWID ghg-per-kg-poore (2010 values),2018-06-01,2018-06-01,,GLOBAL,1,2026-10-03 00:00:00,2026-10-03 00:00:00
1411,Sénia rices - Rice,14,6315,Rice,4.450000,"Poore and Nemecek (2018), via Our World in Data",https://ourworldindata.org/grapher/ghg-per-kg-poore,OWID ghg-per-kg-poore (2010 values),2018-06-01,2018-06-01,,GLOBAL,1,2026-10-03 00:00:00,2026-10-03 00:00:00
1412,Septmoncel blue cheese from cow's milk - Cheese,1,6317,Cheese,23.880000,"Poore and Nemecek (2018), via Our World in Data",https://ourworldindata.org/grapher/ghg-per-kg-poore,OWID ghg-per-kg-poore (2010 values),2018-06-01,2018-06-01,,GLOBAL,1,2026-10-03 00:00:00,2026-10-03 00:00:00
1413,Serbian wines - Wine,7,6318,Wine,1.790000,"Poore and Nemecek (2018), via Our World in Data",https://ourworldindata.org/grapher/ghg-per-kg-poore,OWID ghg-per-kg-poore (2010 values),2018-06-01,2018-06-01,,GLOBAL,1,2026-10-03 00:00:00,2026-10-03 00:00:00
1414,Sheep milks - Milk,1,6339,Milk,3.150000,"Poore and Nemecek (2018), via Our World in Data",https://ourworldindata.org/grapher/ghg-per-kg-poore,OWID ghg-per-kg-poore (2010 values),2018-06-01,2018-06-01,,GLOBAL,1,2026-10-03 00:00:00,2026-10-03 00:00:00
1415,Sheep's Haymilk - Milk,1,6340,Milk,3.150000,"Poore and Nemecek (2018), via Our World in Data",https://ourworldindata.org/grapher/ghg-per-kg-poore,OWID ghg-per-kg-poore (2010 values),2018-06-01,2018-06-01,,GLOBAL,1,2026-10-03 00:00:00,2026-10-03 00:00:00
1416,sheep's-milk cheeses - Cheese,1,6341,Cheese,23.880000,"Poore and Nemecek (2018), via Our World in Data",https://ourworldindata.org/grapher/ghg-per-kg-poore,OWID ghg-per-kg-poore (2010 values),2018-06-01,2018-06-01,,GLOBAL,1,2026-10-03 00:00:00,2026-10-03 00:00:00
1417,Shetland Lamb - Lamb & Mutton,2,6363,Lamb & Mutton,39.720000,"Poore and Nemecek (2018), via Our World in Data",https://ourworldindata.org/grapher/ghg-per-kg-poore,OWID ghg-per-kg-poore (2010 values),2018-06-01,2018-06-01,,GLOBAL,1,2026-10-03 00:00:00,2026-10-03 00:00:00
1418,Short grain rices - Rice,14,6366,Rice,4.450000,"Poore and Nemecek (2018), via Our World in Data",https://ourworldindata.org/grapher/ghg-per-kg-poore,OWID ghg-per-kg-poore (2010 values),2018-06-01,2018-06-01,,GLOBAL,1,2026-10-03 00:00:00,2026-10-03 00:00:00
1419,Silken tofu - Tofu,16,6398,Tofu,3.160000,"Poore and Nemecek (2018), via Our World in Data",https://ourworldindata.org/grapher/ghg-per-kg-poore,OWID ghg-per-kg-poore (2010 values),2018-06-01,2018-06-01,,GLOBAL,1,2026-10-03 00:00:00,2026-10-03 00:00:00
1420,Skimmed milks - Milk,1,6407,Milk,3.150000,"Poore and Nemecek (2018), via Our World in Data",https://ourworldindata.org/grapher/ghg-per-kg-poore,OWID ghg-per-kg-poore (2010 values),2018-06-01,2018-06-01,,GLOBAL,1,2026-10-03 00:00:00,2026-10-03 00:00:00
1421,Skimmed UHT Buffalo milks - Milk,1,6408,Milk,3.150000,"Poore and Nemecek (2018), via Our World in Data",https://ourworldindata.org/grapher/ghg-per-kg-poore,OWID ghg-per-kg-poore (2010 values),2018-06-01,2018-06-01,,GLOBAL,1,2026-10-03 00:00:00,2026-10-03 00:00:00
1422,Sliced cheeses - Cheese,1,6415,Cheese,23.880000,"Poore and Nemecek (2018), via Our World in Data",https://ourworldindata.org/grapher/ghg-per-kg-poore,OWID ghg-per-kg-poore (2010 values),2018-06-01,2018-06-01,,GLOBAL,1,2026-10-03 00:00:00,2026-10-03 00:00:00
1423,Sliced mozzarellas - Cheese,1,6419,Cheese,23.880000,"Poore and Nemecek (2018), via Our World in Data",https://ourworldindata.org/grapher/ghg-per-kg-poore,OWID ghg-per-kg-poore (2010 values),2018-06-01,2018-06-01,,GLOBAL,1,2026-10-03 00:00:00,2026-10-03 00:00:00
1424,Slovakian cheeses - Cheese,1,6427,Cheese,23.880000,"Poore and Nemecek (2018), via Our World in Data",https://ourworldindata.org/grapher/ghg-per-kg-poore,OWID ghg-per-kg-poore (2010 values),2018-06-01,2018-06-01,,GLOBAL,1,2026-10-03 00:00:00,2026-10-03 00:00:00
1425,Slovakian wines - Wine,7,6429,Wine,1.790000,"Poore and Nemecek (2018), via Our World in Data",https://ourworldindata.org/grapher/ghg-per-kg-poore,OWID ghg-per-kg-poore (2010 values),2018-06-01,2018-06-01,,GLOBAL,1,2026-10-03 00:00:00,2026-10-03 00:00:00
1426,Slovenian cheeses - Cheese,1,6430,Cheese,23.880000,"Poore and Nemecek (2018), via Our World in Data",https://ourworldindata.org/grapher/ghg-per-kg-poore,OWID ghg-per-kg-poore (2010 values),2018-06-01,2018-06-01,,GLOBAL,1,2026-10-03 00:00:00,2026-10-03 00:00:00
1427,Slovenian wines - Wine,7,6434,Wine,1.790000,"Poore and Nemecek (2018), via Our World in Data",https://ourworldindata.org/grapher/ghg-per-kg-poore,OWID ghg-per-kg-poore (2010 values),2018-06-01,2018-06-01,,GLOBAL,1,2026-10-03 00:00:00,2026-10-03 00:00:00
1428,Small cucumbers - Other Vegetables,4,6438,Other Vegetables,0.530000,"Poore and Nemecek (2018), via Our World in Data",https://ourworldindata.org/grapher/ghg-per-kg-poore,OWID ghg-per-kg-poore (2010 values),2018-06-01,2018-06-01,,GLOBAL,1,2026-10-03 00:00:00,2026-10-03 00:00:00
1429,Smoked cheeses - Cheese,1,6460,Cheese,23.880000,"Poore and Nemecek (2018), via Our World in Data",https://ourworldindata.org/grapher/ghg-per-kg-poore,OWID ghg-per-kg-poore (2010 values),2018-06-01,2018-06-01,,GLOBAL,1,2026-10-03 00:00:00,2026-10-03 00:00:00
1430,Smoked chicken breast - Poultry Meat,2,6461,Poultry Meat,9.870000,"Poore and Nemecek (2018), via Our World in Data",https://ourworldindata.org/grapher/ghg-per-kg-poore,OWID ghg-per-kg-poore (2010 values),2018-06-01,2018-06-01,,GLOBAL,1,2026-10-03 00:00:00,2026-10-03 00:00:00
1431,Smoked cooked beef meat - Beef (beef herd),2,6464,Beef (beef herd),99.480000,"Poore and Nemecek (2018), via Our World in Data",https://ourworldindata.org/grapher/ghg-per-kg-poore,OWID ghg-per-kg-poore (2010 values),2018-06-01,2018-06-01,,GLOBAL,1,2026-10-03 00:00:00,2026-10-03 00:00:00
1432,Smoked cooked pork meat - Pig Meat,2,6466,Pig Meat,12.310000,"Poore and Nemecek (2018), via Our World in Data",https://ourworldindata.org/grapher/ghg-per-kg-poore,OWID ghg-per-kg-poore (2010 values),2018-06-01,2018-06-01,,GLOBAL,1,2026-10-03 00:00:00,2026-10-03 00:00:00
1433,Smoked cooked turkey - Poultry Meat,2,6467,Poultry Meat,9.870000,"Poore and Nemecek (2018), via Our World in Data",https://ourworldindata.org/grapher/ghg-per-kg-poore,OWID ghg-per-kg-poore (2010 values),2018-06-01,2018-06-01,,GLOBAL,1,2026-10-03 00:00:00,2026-10-03 00:00:00
1434,Smoked duck breasts - Poultry Meat,2,6469,Poultry Meat,9.870000,"Poore and Nemecek (2018), via Our World in Data",https://ourworldindata.org/grapher/ghg-per-kg-poore,OWID ghg-per-kg-poore (2010 values),2018-06-01,2018-06-01,,GLOBAL,1,2026-10-03 00:00:00,2026-10-03 00:00:00
1435,Smoked pork belly - Pig Meat,2,6478,Pig Meat,12.310000,"Poore and Nemecek (2018), via Our World in Data",https://ourworldindata.org/grapher/ghg-per-kg-poore,OWID ghg-per-kg-poore (2010 values),2018-06-01,2018-06-01,,GLOBAL,1,2026-10-03 00:00:00,2026-10-03 00:00:00
1436,Smoked tofu - Tofu,16,6487,Tofu,3.160000,"Poore and Nemecek (2018), via Our World in Data",https://ourworldindata.org/grapher/ghg-per-kg-poore,OWID ghg-per-kg-poore (2010 values),2018-06-01,2018-06-01,,GLOBAL,1,2026-10-03 00:00:00,2026-10-03 00:00:00
1437,snow peas - Peas,14,6500,Peas,0.980000,"Poore and Nemecek (2018), via Our World in Data",https://ourworldindata.org/grapher/ghg-per-kg-poore,OWID ghg-per-kg-poore (2010 values),2018-06-01,2018-06-01,,GLOBAL,1,2026-10-03 00:00:00,2026-10-03 00:00:00
1438,Snow peas boiled in water - Peas,14,6501,Peas,0.980000,"Poore and Nemecek (2018), via Our World in Data",https://ourworldindata.org/grapher/ghg-per-kg-poore,OWID ghg-per-kg-poore (2010 values),2018-06-01,2018-06-01,,GLOBAL,1,2026-10-03 00:00:00,2026-10-03 00:00:00
1439,Soft-boiled eggs - Eggs,18,6507,Eggs,4.670000,"Poore and Nemecek (2018), via Our World in Data",https://ourworldindata.org/grapher/ghg-per-kg-poore,OWID ghg-per-kg-poore (2010 values),2018-06-01,2018-06-01,,GLOBAL,1,2026-10-03 00:00:00,2026-10-03 00:00:00
1440,Soft cheese with a natural rind - Cheese,1,6514,Cheese,23.880000,"Poore and Nemecek (2018), via Our World in Data",https://ourworldindata.org/grapher/ghg-per-kg-poore,OWID ghg-per-kg-poore (2010 values),2018-06-01,2018-06-01,,GLOBAL,1,2026-10-03 00:00:00,2026-10-03 00:00:00
1441,Soft cheeses - Cheese,1,6515,Cheese,23.880000,"Poore and Nemecek (2018), via Our World in Data",https://ourworldindata.org/grapher/ghg-per-kg-poore,OWID ghg-per-kg-poore (2010 values),2018-06-01,2018-06-01,,GLOBAL,1,2026-10-03 00:00:00,2026-10-03 00:00:00
1442,Soft cheeses with a red rind - Cheese,1,6516,Cheese,23.880000,"Poore and Nemecek (2018), via Our World in Data",https://ourworldindata.org/grapher/ghg-per-kg-poore,OWID ghg-per-kg-poore (2010 values),2018-06-01,2018-06-01,,GLOBAL,1,2026-10-03 00:00:00,2026-10-03 00:00:00
1443,Soft cheeses with bloomy rind - Cheese,1,6517,Cheese,23.880000,"Poore and Nemecek (2018), via Our World in Data",https://ourworldindata.org/grapher/ghg-per-kg-poore,OWID ghg-per-kg-poore (2010 values),2018-06-01,2018-06-01,,GLOBAL,1,2026-10-03 00:00:00,2026-10-03 00:00:00
1444,Soft cheeses with washed rind - Cheese,1,6518,Cheese,23.880000,"Poore and Nemecek (2018), via Our World in Data",https://ourworldindata.org/grapher/ghg-per-kg-poore,OWID ghg-per-kg-poore (2010 values),2018-06-01,2018-06-01,,GLOBAL,1,2026-10-03 00:00:00,2026-10-03 00:00:00
1445,Soft-ripened cheese double cream around 30% fat - Cheese,1,6521,Cheese,23.880000,"Poore and Nemecek (2018), via Our World in Data",https://ourworldindata.org/grapher/ghg-per-kg-poore,OWID ghg-per-kg-poore (2010 values),2018-06-01,2018-06-01,,GLOBAL,1,2026-10-03 00:00:00,2026-10-03 00:00:00
1446,Soft-ripened cheese triple cream around 40% fat - Cheese,1,6522,Cheese,23.880000,"Poore and Nemecek (2018), via Our World in Data",https://ourworldindata.org/grapher/ghg-per-kg-poore,OWID ghg-per-kg-poore (2010 values),2018-06-01,2018-06-01,,GLOBAL,1,2026-10-03 00:00:00,2026-10-03 00:00:00
1447,Soft-ripened cheese with bloomy rind - Cheese,1,6523,Cheese,23.880000,"Poore and Nemecek (2018), via Our World in Data",https://ourworldindata.org/grapher/ghg-per-kg-poore,OWID ghg-per-kg-poore (2010 values),2018-06-01,2018-06-01,,GLOBAL,1,2026-10-03 00:00:00,2026-10-03 00:00:00
1448,Soft-ripened cheese with bloomy rind from goat's milk - Cheese,1,6524,Cheese,23.880000,"Poore and Nemecek (2018), via Our World in Data",https://ourworldindata.org/grapher/ghg-per-kg-poore,OWID ghg-per-kg-poore (2010 values),2018-06-01,2018-06-01,,GLOBAL,1,2026-10-03 00:00:00,2026-10-03 00:00:00
1449,Soft-ripened round cheese with bloomy rind 5 to 11% fat - Cheese,1,6525,Cheese,23.880000,"Poore and Nemecek (2018), via Our World in Data",https://ourworldindata.org/grapher/ghg-per-kg-poore,OWID ghg-per-kg-poore (2010 values),2018-06-01,2018-06-01,,GLOBAL,1,2026-10-03 00:00:00,2026-10-03 00:00:00
1450,Soft-ripened round cheese with bloomy rind around 11% fat Coulommiers-type cheese reduced fat - Cheese,1,6526,Cheese,23.880000,"Poore and Nemecek (2018), via Our World in Data",https://ourworldindata.org/grapher/ghg-per-kg-poore,OWID ghg-per-kg-poore (2010 values),2018-06-01,2018-06-01,,GLOBAL,1,2026-10-03 00:00:00,2026-10-03 00:00:00
1451,Soft-ripened round cheese with bloomy rind around 5% fat Camembert-type cheese reduced fat - Cheese,1,6527,Cheese,23.880000,"Poore and Nemecek (2018), via Our World in Data",https://ourworldindata.org/grapher/ghg-per-kg-poore,OWID ghg-per-kg-poore (2010 values),2018-06-01,2018-06-01,,GLOBAL,1,2026-10-03 00:00:00,2026-10-03 00:00:00
1452,Soft -ripened washed bloomy and coloured rind cheese - Cheese,1,6528,Cheese,23.880000,"Poore and Nemecek (2018), via Our World in Data",https://ourworldindata.org/grapher/ghg-per-kg-poore,OWID ghg-per-kg-poore (2010 values),2018-06-01,2018-06-01,,GLOBAL,1,2026-10-03 00:00:00,2026-10-03 00:00:00
1453,Soft-ripened washed-rind cheese from pasteurised milk - Cheese,1,6529,Cheese,23.880000,"Poore and Nemecek (2018), via Our World in Data",https://ourworldindata.org/grapher/ghg-per-kg-poore,OWID ghg-per-kg-poore (2010 values),2018-06-01,2018-06-01,,GLOBAL,1,2026-10-03 00:00:00,2026-10-03 00:00:00
1454,Soft-ripened washed-rind cheese reduced fat around 13% fat - Cheese,1,6530,Cheese,23.880000,"Poore and Nemecek (2018), via Our World in Data",https://ourworldindata.org/grapher/ghg-per-kg-poore,OWID ghg-per-kg-poore (2010 values),2018-06-01,2018-06-01,,GLOBAL,1,2026-10-03 00:00:00,2026-10-03 00:00:00
1455,Sona Masoori rices - Rice,14,6536,Rice,4.450000,"Poore and Nemecek (2018), via Our World in Data",https://ourworldindata.org/grapher/ghg-per-kg-poore,OWID ghg-per-kg-poore (2010 values),2018-06-01,2018-06-01,,GLOBAL,1,2026-10-03 00:00:00,2026-10-03 00:00:00
1456,Sorrel - Other Vegetables,4,6543,Other Vegetables,0.530000,"Poore and Nemecek (2018), via Our World in Data",https://ourworldindata.org/grapher/ghg-per-kg-poore,OWID ghg-per-kg-poore (2010 values),2018-06-01,2018-06-01,,GLOBAL,1,2026-10-03 00:00:00,2026-10-03 00:00:00
1457,Soured milk quark - Milk,1,6561,Milk,3.150000,"Poore and Nemecek (2018), via Our World in Data",https://ourworldindata.org/grapher/ghg-per-kg-poore,OWID ghg-per-kg-poore (2010 values),2018-06-01,2018-06-01,,GLOBAL,1,2026-10-03 00:00:00,2026-10-03 00:00:00
1458,South Australian wine - Wine,7,6562,Wine,1.790000,"Poore and Nemecek (2018), via Our World in Data",https://ourworldindata.org/grapher/ghg-per-kg-poore,OWID ghg-per-kg-poore (2010 values),2018-06-01,2018-06-01,,GLOBAL,1,2026-10-03 00:00:00,2026-10-03 00:00:00
1459,Soy and ginger marinated tofu - Tofu,16,6563,Tofu,3.160000,"Poore and Nemecek (2018), via Our World in Data",https://ourworldindata.org/grapher/ghg-per-kg-poore,OWID ghg-per-kg-poore (2010 values),2018-06-01,2018-06-01,,GLOBAL,1,2026-10-03 00:00:00,2026-10-03 00:00:00
1460,Soy marinated tofu - Tofu,16,6569,Tofu,3.160000,"Poore and Nemecek (2018), via Our World in Data",https://ourworldindata.org/grapher/ghg-per-kg-poore,OWID ghg-per-kg-poore (2010 values),2018-06-01,2018-06-01,,GLOBAL,1,2026-10-03 00:00:00,2026-10-03 00:00:00
1461,Spanish cheeses - Cheese,1,6581,Cheese,23.880000,"Poore and Nemecek (2018), via Our World in Data",https://ourworldindata.org/grapher/ghg-per-kg-poore,OWID ghg-per-kg-poore (2010 values),2018-06-01,2018-06-01,,GLOBAL,1,2026-10-03 00:00:00,2026-10-03 00:00:00
1462,Spanish fruits - Other Fruit,5,6582,Other Fruit,1.050000,"Poore and Nemecek (2018), via Our World in Data",https://ourworldindata.org/grapher/ghg-per-kg-poore,OWID ghg-per-kg-poore (2010 values),2018-06-01,2018-06-01,,GLOBAL,1,2026-10-03 00:00:00,2026-10-03 00:00:00
1463,Spanish hard cheeses - Cheese,1,6583,Cheese,23.880000,"Poore and Nemecek (2018), via Our World in Data",https://ourworldindata.org/grapher/ghg-per-kg-poore,OWID ghg-per-kg-poore (2010 values),2018-06-01,2018-06-01,,GLOBAL,1,2026-10-03 00:00:00,2026-10-03 00:00:00
1464,Spanish milks - Milk,1,6587,Milk,3.150000,"Poore and Nemecek (2018), via Our World in Data",https://ourworldindata.org/grapher/ghg-per-kg-poore,OWID ghg-per-kg-poore (2010 values),2018-06-01,2018-06-01,,GLOBAL,1,2026-10-03 00:00:00,2026-10-03 00:00:00
1465,Sparkling fruit wine - Wine,7,6597,Wine,1.790000,"Poore and Nemecek (2018), via Our World in Data",https://ourworldindata.org/grapher/ghg-per-kg-poore,OWID ghg-per-kg-poore (2010 values),2018-06-01,2018-06-01,,GLOBAL,1,2026-10-03 00:00:00,2026-10-03 00:00:00
1466,Sparkling red wine - Wine,7,6598,Wine,1.790000,"Poore and Nemecek (2018), via Our World in Data",https://ourworldindata.org/grapher/ghg-per-kg-poore,OWID ghg-per-kg-poore (2010 values),2018-06-01,2018-06-01,,GLOBAL,1,2026-10-03 00:00:00,2026-10-03 00:00:00
1467,Sparkling Rosé wine - Wine,7,6599,Wine,1.790000,"Poore and Nemecek (2018), via Our World in Data",https://ourworldindata.org/grapher/ghg-per-kg-poore,OWID ghg-per-kg-poore (2010 values),2018-06-01,2018-06-01,,GLOBAL,1,2026-10-03 00:00:00,2026-10-03 00:00:00
1468,Sparkling white wine - Wine,7,6600,Wine,1.790000,"Poore and Nemecek (2018), via Our World in Data",https://ourworldindata.org/grapher/ghg-per-kg-poore,OWID ghg-per-kg-poore (2010 values),2018-06-01,2018-06-01,,GLOBAL,1,2026-10-03 00:00:00,2026-10-03 00:00:00
1469,Sparkling wines - Wine,7,6601,Wine,1.790000,"Poore and Nemecek (2018), via Our World in Data",https://ourworldindata.org/grapher/ghg-per-kg-poore,OWID ghg-per-kg-poore (2010 values),2018-06-01,2018-06-01,,GLOBAL,1,2026-10-03 00:00:00,2026-10-03 00:00:00
1470,Spinach young leaves - Other Vegetables,4,6632,Other Vegetables,0.530000,"Poore and Nemecek (2018), via Our World in Data",https://ourworldindata.org/grapher/ghg-per-kg-poore,OWID ghg-per-kg-poore (2010 values),2018-06-01,2018-06-01,,GLOBAL,1,2026-10-03 00:00:00,2026-10-03 00:00:00
1471,Spinachs - Other Vegetables,4,6633,Other Vegetables,0.530000,"Poore and Nemecek (2018), via Our World in Data",https://ourworldindata.org/grapher/ghg-per-kg-poore,OWID ghg-per-kg-poore (2010 values),2018-06-01,2018-06-01,,GLOBAL,1,2026-10-03 00:00:00,2026-10-03 00:00:00
1472,Split pea pasta - Peas,14,6638,Peas,0.980000,"Poore and Nemecek (2018), via Our World in Data",https://ourworldindata.org/grapher/ghg-per-kg-poore,OWID ghg-per-kg-poore (2010 values),2018-06-01,2018-06-01,,GLOBAL,1,2026-10-03 00:00:00,2026-10-03 00:00:00
1473,Spreadable goat cheese - Cheese,1,6646,Cheese,23.880000,"Poore and Nemecek (2018), via Our World in Data",https://ourworldindata.org/grapher/ghg-per-kg-poore,OWID ghg-per-kg-poore (2010 values),2018-06-01,2018-06-01,,GLOBAL,1,2026-10-03 00:00:00,2026-10-03 00:00:00
1474,Sprouted mung beans - Other Pulses,14,6654,Other Pulses,1.790000,"Poore and Nemecek (2018), via Our World in Data",https://ourworldindata.org/grapher/ghg-per-kg-poore,OWID ghg-per-kg-poore (2010 values),2018-06-01,2018-06-01,,GLOBAL,1,2026-10-03 00:00:00,2026-10-03 00:00:00
1475,Staffordshire Cheese - Cheese,1,6679,Cheese,23.880000,"Poore and Nemecek (2018), via Our World in Data",https://ourworldindata.org/grapher/ghg-per-kg-poore,OWID ghg-per-kg-poore (2010 values),2018-06-01,2018-06-01,,GLOBAL,1,2026-10-03 00:00:00,2026-10-03 00:00:00
1476,Standard rindless and fatless cooked pork shoulder - Pig Meat,2,6680,Pig Meat,12.310000,"Poore and Nemecek (2018), via Our World in Data",https://ourworldindata.org/grapher/ghg-per-kg-poore,OWID ghg-per-kg-poore (2010 values),2018-06-01,2018-06-01,,GLOBAL,1,2026-10-03 00:00:00,2026-10-03 00:00:00
1477,Star Ruby grapefruits - Berries & Grapes,5,6682,Berries & Grapes,1.530000,"Poore and Nemecek (2018), via Our World in Data",https://ourworldindata.org/grapher/ghg-per-kg-poore,OWID ghg-per-kg-poore (2010 values),2018-06-01,2018-06-01,,GLOBAL,1,2026-10-03 00:00:00,2026-10-03 00:00:00
1478,Starlight grapes - Berries & Grapes,5,6683,Berries & Grapes,1.530000,"Poore and Nemecek (2018), via Our World in Data",https://ourworldindata.org/grapher/ghg-per-kg-poore,OWID ghg-per-kg-poore (2010 values),2018-06-01,2018-06-01,,GLOBAL,1,2026-10-03 00:00:00,2026-10-03 00:00:00
1479,Stilton cheese - Cheese,1,6713,Cheese,23.880000,"Poore and Nemecek (2018), via Our World in Data",https://ourworldindata.org/grapher/ghg-per-kg-poore,OWID ghg-per-kg-poore (2010 values),2018-06-01,2018-06-01,,GLOBAL,1,2026-10-03 00:00:00,2026-10-03 00:00:00
1480,Stinking Bishop cheese - Cheese,1,6714,Cheese,23.880000,"Poore and Nemecek (2018), via Our World in Data",https://ourworldindata.org/grapher/ghg-per-kg-poore,OWID ghg-per-kg-poore (2010 values),2018-06-01,2018-06-01,,GLOBAL,1,2026-10-03 00:00:00,2026-10-03 00:00:00
1481,Story apples - Other Fruit,5,6719,Other Fruit,1.050000,"Poore and Nemecek (2018), via Our World in Data",https://ourworldindata.org/grapher/ghg-per-kg-poore,OWID ghg-per-kg-poore (2010 values),2018-06-01,2018-06-01,,GLOBAL,1,2026-10-03 00:00:00,2026-10-03 00:00:00
1482,Strawberries - Berries & Grapes,5,6724,Berries & Grapes,1.530000,"Poore and Nemecek (2018), via Our World in Data",https://ourworldindata.org/grapher/ghg-per-kg-poore,OWID ghg-per-kg-poore (2010 values),2018-06-01,2018-06-01,,GLOBAL,1,2026-10-03 00:00:00,2026-10-03 00:00:00
1483,Strawberry in-season raw - Berries & Grapes,5,6730,Berries & Grapes,1.530000,"Poore and Nemecek (2018), via Our World in Data",https://ourworldindata.org/grapher/ghg-per-kg-poore,OWID ghg-per-kg-poore (2010 values),2018-06-01,2018-06-01,,GLOBAL,1,2026-10-03 00:00:00,2026-10-03 00:00:00
1484,Strawberry off-season raw - Berries & Grapes,5,6735,Berries & Grapes,1.530000,"Poore and Nemecek (2018), via Our World in Data",https://ourworldindata.org/grapher/ghg-per-kg-poore,OWID ghg-per-kg-poore (2010 values),2018-06-01,2018-06-01,,GLOBAL,1,2026-10-03 00:00:00,2026-10-03 00:00:00
1485,Stretched-curd cheeses - Cheese,1,6741,Cheese,23.880000,"Poore and Nemecek (2018), via Our World in Data",https://ourworldindata.org/grapher/ghg-per-kg-poore,OWID ghg-per-kg-poore (2010 values),2018-06-01,2018-06-01,,GLOBAL,1,2026-10-03 00:00:00,2026-10-03 00:00:00
1486,String cheeses - Cheese,1,6742,Cheese,23.880000,"Poore and Nemecek (2018), via Our World in Data",https://ourworldindata.org/grapher/ghg-per-kg-poore,OWID ghg-per-kg-poore (2010 values),2018-06-01,2018-06-01,,GLOBAL,1,2026-10-03 00:00:00,2026-10-03 00:00:00
1487,Suffolk Gold cheese - Cheese,1,6757,Cheese,23.880000,"Poore and Nemecek (2018), via Our World in Data",https://ourworldindata.org/grapher/ghg-per-kg-poore,OWID ghg-per-kg-poore (2010 values),2018-06-01,2018-06-01,,GLOBAL,1,2026-10-03 00:00:00,2026-10-03 00:00:00
1488,Sugar Baby watermelons - Other Fruit,5,6758,Other Fruit,1.050000,"Poore and Nemecek (2018), via Our World in Data",https://ourworldindata.org/grapher/ghg-per-kg-poore,OWID ghg-per-kg-poore (2010 values),2018-06-01,2018-06-01,,GLOBAL,1,2026-10-03 00:00:00,2026-10-03 00:00:00
1489,Sungold - Other Fruit,5,6783,Other Fruit,1.050000,"Poore and Nemecek (2018), via Our World in Data",https://ourworldindata.org/grapher/ghg-per-kg-poore,OWID ghg-per-kg-poore (2010 values),2018-06-01,2018-06-01,,GLOBAL,1,2026-10-03 00:00:00,2026-10-03 00:00:00
1490,Sungold Jumbo - Other Fruit,5,6784,Other Fruit,1.050000,"Poore and Nemecek (2018), via Our World in Data",https://ourworldindata.org/grapher/ghg-per-kg-poore,OWID ghg-per-kg-poore (2010 values),2018-06-01,2018-06-01,,GLOBAL,1,2026-10-03 00:00:00,2026-10-03 00:00:00
1491,Surinam rices - Rice,14,6789,Rice,4.450000,"Poore and Nemecek (2018), via Our World in Data",https://ourworldindata.org/grapher/ghg-per-kg-poore,OWID ghg-per-kg-poore (2010 values),2018-06-01,2018-06-01,,GLOBAL,1,2026-10-03 00:00:00,2026-10-03 00:00:00
1492,Sushi rice - Rice,14,6794,Rice,4.450000,"Poore and Nemecek (2018), via Our World in Data",https://ourworldindata.org/grapher/ghg-per-kg-poore,OWID ghg-per-kg-poore (2010 values),2018-06-01,2018-06-01,,GLOBAL,1,2026-10-03 00:00:00,2026-10-03 00:00:00
1493,Swaledale cheese - Cheese,1,6800,Cheese,23.880000,"Poore and Nemecek (2018), via Our World in Data",https://ourworldindata.org/grapher/ghg-per-kg-poore,OWID ghg-per-kg-poore (2010 values),2018-06-01,2018-06-01,,GLOBAL,1,2026-10-03 00:00:00,2026-10-03 00:00:00
1494,Swedish cheeses - Cheese,1,6802,Cheese,23.880000,"Poore and Nemecek (2018), via Our World in Data",https://ourworldindata.org/grapher/ghg-per-kg-poore,OWID ghg-per-kg-poore (2010 values),2018-06-01,2018-06-01,,GLOBAL,1,2026-10-03 00:00:00,2026-10-03 00:00:00
1495,Sweet apples - Other Fruit,5,6810,Other Fruit,1.050000,"Poore and Nemecek (2018), via Our World in Data",https://ourworldindata.org/grapher/ghg-per-kg-poore,OWID ghg-per-kg-poore (2010 values),2018-06-01,2018-06-01,,GLOBAL,1,2026-10-03 00:00:00,2026-10-03 00:00:00
1496,Sweet peppers - Other Vegetables,4,6823,Other Vegetables,0.530000,"Poore and Nemecek (2018), via Our World in Data",https://ourworldindata.org/grapher/ghg-per-kg-poore,OWID ghg-per-kg-poore (2010 values),2018-06-01,2018-06-01,,GLOBAL,1,2026-10-03 00:00:00,2026-10-03 00:00:00
1497,Sweet potatoes - Other Vegetables,4,6828,Other Vegetables,0.530000,"Poore and Nemecek (2018), via Our World in Data",https://ourworldindata.org/grapher/ghg-per-kg-poore,OWID ghg-per-kg-poore (2010 values),2018-06-01,2018-06-01,,GLOBAL,1,2026-10-03 00:00:00,2026-10-03 00:00:00
1498,Sweet wines - Wine,7,6832,Wine,1.790000,"Poore and Nemecek (2018), via Our World in Data",https://ourworldindata.org/grapher/ghg-per-kg-poore,OWID ghg-per-kg-poore (2010 values),2018-06-01,2018-06-01,,GLOBAL,1,2026-10-03 00:00:00,2026-10-03 00:00:00
1499,Sweetened puffed rice - Rice,14,6839,Rice,4.450000,"Poore and Nemecek (2018), via Our World in Data",https://ourworldindata.org/grapher/ghg-per-kg-poore,OWID ghg-per-kg-poore (2010 values),2018-06-01,2018-06-01,,GLOBAL,1,2026-10-03 00:00:00,2026-10-03 00:00:00
1500,Swiss wines - Wine,7,6846,Wine,1.790000,"Poore and Nemecek (2018), via Our World in Data",https://ourworldindata.org/grapher/ghg-per-kg-poore,OWID ghg-per-kg-poore (2010 values),2018-06-01,2018-06-01,,GLOBAL,1,2026-10-03 00:00:00,2026-10-03 00:00:00
1501,T110 buckwheat flour - Wheat & Rye,14,6851,Wheat & Rye,1.570000,"Poore and Nemecek (2018), via Our World in Data",https://ourworldindata.org/grapher/ghg-per-kg-poore,OWID ghg-per-kg-poore (2010 values),2018-06-01,2018-06-01,,GLOBAL,1,2026-10-03 00:00:00,2026-10-03 00:00:00
1502,T110 Khorasan wheat flours - Wheat & Rye,14,6852,Wheat & Rye,1.570000,"Poore and Nemecek (2018), via Our World in Data",https://ourworldindata.org/grapher/ghg-per-kg-poore,OWID ghg-per-kg-poore (2010 values),2018-06-01,2018-06-01,,GLOBAL,1,2026-10-03 00:00:00,2026-10-03 00:00:00
1503,T130 Khorasan wheat flours - Wheat & Rye,14,6854,Wheat & Rye,1.570000,"Poore and Nemecek (2018), via Our World in Data",https://ourworldindata.org/grapher/ghg-per-kg-poore,OWID ghg-per-kg-poore (2010 values),2018-06-01,2018-06-01,,GLOBAL,1,2026-10-03 00:00:00,2026-10-03 00:00:00
1504,T150 buckwheat flour - Wheat & Rye,14,6855,Wheat & Rye,1.570000,"Poore and Nemecek (2018), via Our World in Data",https://ourworldindata.org/grapher/ghg-per-kg-poore,OWID ghg-per-kg-poore (2010 values),2018-06-01,2018-06-01,,GLOBAL,1,2026-10-03 00:00:00,2026-10-03 00:00:00
1505,T70 Khorasan wheat flours - Wheat & Rye,14,6857,Wheat & Rye,1.570000,"Poore and Nemecek (2018), via Our World in Data",https://ourworldindata.org/grapher/ghg-per-kg-poore,OWID ghg-per-kg-poore (2010 values),2018-06-01,2018-06-01,,GLOBAL,1,2026-10-03 00:00:00,2026-10-03 00:00:00
1506,T80 buckwheat flour - Wheat & Rye,14,6858,Wheat & Rye,1.570000,"Poore and Nemecek (2018), via Our World in Data",https://ourworldindata.org/grapher/ghg-per-kg-poore,OWID ghg-per-kg-poore (2010 values),2018-06-01,2018-06-01,,GLOBAL,1,2026-10-03 00:00:00,2026-10-03 00:00:00
1507,Tahibonet rices - Rice,14,6870,Rice,4.450000,"Poore and Nemecek (2018), via Our World in Data",https://ourworldindata.org/grapher/ghg-per-kg-poore,OWID ghg-per-kg-poore (2010 values),2018-06-01,2018-06-01,,GLOBAL,1,2026-10-03 00:00:00,2026-10-03 00:00:00
1508,Tangerines - Citrus Fruit,5,6885,Citrus Fruit,0.390000,"Poore and Nemecek (2018), via Our World in Data",https://ourworldindata.org/grapher/ghg-per-kg-poore,OWID ghg-per-kg-poore (2010 values),2018-06-01,2018-06-01,,GLOBAL,1,2026-10-03 00:00:00,2026-10-03 00:00:00
1509,Taro tubers - Other Vegetables,4,6890,Other Vegetables,0.530000,"Poore and Nemecek (2018), via Our World in Data",https://ourworldindata.org/grapher/ghg-per-kg-poore,OWID ghg-per-kg-poore (2010 values),2018-06-01,2018-06-01,,GLOBAL,1,2026-10-03 00:00:00,2026-10-03 00:00:00
1510,Tendral melons - Other Fruit,5,6911,Other Fruit,1.050000,"Poore and Nemecek (2018), via Our World in Data",https://ourworldindata.org/grapher/ghg-per-kg-poore,OWID ghg-per-kg-poore (2010 values),2018-06-01,2018-06-01,,GLOBAL,1,2026-10-03 00:00:00,2026-10-03 00:00:00
1511,Tetilla cheese - Cheese,1,6917,Cheese,23.880000,"Poore and Nemecek (2018), via Our World in Data",https://ourworldindata.org/grapher/ghg-per-kg-poore,OWID ghg-per-kg-poore (2010 values),2018-06-01,2018-06-01,,GLOBAL,1,2026-10-03 00:00:00,2026-10-03 00:00:00
1512,Teviotdale Cheese - Cheese,1,6918,Cheese,23.880000,"Poore and Nemecek (2018), via Our World in Data",https://ourworldindata.org/grapher/ghg-per-kg-poore,OWID ghg-per-kg-poore (2010 values),2018-06-01,2018-06-01,,GLOBAL,1,2026-10-03 00:00:00,2026-10-03 00:00:00
1513,The Cheese Shop - Cheese,1,6919,Cheese,23.880000,"Poore and Nemecek (2018), via Our World in Data",https://ourworldindata.org/grapher/ghg-per-kg-poore,OWID ghg-per-kg-poore (2010 values),2018-06-01,2018-06-01,,GLOBAL,1,2026-10-03 00:00:00,2026-10-03 00:00:00
1514,Thermised milk cheeses - Cheese,1,6920,Cheese,23.880000,"Poore and Nemecek (2018), via Our World in Data",https://ourworldindata.org/grapher/ghg-per-kg-poore,OWID ghg-per-kg-poore (2010 values),2018-06-01,2018-06-01,,GLOBAL,1,2026-10-03 00:00:00,2026-10-03 00:00:00
1515,Thinly-shredded vegetables - Other Vegetables,4,6932,Other Vegetables,0.530000,"Poore and Nemecek (2018), via Our World in Data",https://ourworldindata.org/grapher/ghg-per-kg-poore,OWID ghg-per-kg-poore (2010 values),2018-06-01,2018-06-01,,GLOBAL,1,2026-10-03 00:00:00,2026-10-03 00:00:00
1516,Thompson Seedless grapes - Berries & Grapes,5,6933,Berries & Grapes,1.530000,"Poore and Nemecek (2018), via Our World in Data",https://ourworldindata.org/grapher/ghg-per-kg-poore,OWID ghg-per-kg-poore (2010 values),2018-06-01,2018-06-01,,GLOBAL,1,2026-10-03 00:00:00,2026-10-03 00:00:00
1517,Titania blackcurrants - Other Fruit,5,6948,Other Fruit,1.050000,"Poore and Nemecek (2018), via Our World in Data",https://ourworldindata.org/grapher/ghg-per-kg-poore,OWID ghg-per-kg-poore (2010 values),2018-06-01,2018-06-01,,GLOBAL,1,2026-10-03 00:00:00,2026-10-03 00:00:00
1518,Tomato in season raw - Tomatoes,4,6958,Tomatoes,2.090000,"Poore and Nemecek (2018), via Our World in Data",https://ourworldindata.org/grapher/ghg-per-kg-poore,OWID ghg-per-kg-poore (2010 values),2018-06-01,2018-06-01,,GLOBAL,1,2026-10-03 00:00:00,2026-10-03 00:00:00
1519,Tomato off season raw - Tomatoes,4,6964,Tomatoes,2.090000,"Poore and Nemecek (2018), via Our World in Data",https://ourworldindata.org/grapher/ghg-per-kg-poore,OWID ghg-per-kg-poore (2010 values),2018-06-01,2018-06-01,,GLOBAL,1,2026-10-03 00:00:00,2026-10-03 00:00:00
1520,Tomatoes - Tomatoes,4,6981,Tomatoes,2.090000,"Poore and Nemecek (2018), via Our World in Data",https://ourworldindata.org/grapher/ghg-per-kg-poore,OWID ghg-per-kg-poore (2010 values),2018-06-01,2018-06-01,,GLOBAL,1,2026-10-03 00:00:00,2026-10-03 00:00:00
1521,Tomme cheese from cow's milk - Cheese,1,6984,Cheese,23.880000,"Poore and Nemecek (2018), via Our World in Data",https://ourworldindata.org/grapher/ghg-per-kg-poore,OWID ghg-per-kg-poore (2010 values),2018-06-01,2018-06-01,,GLOBAL,1,2026-10-03 00:00:00,2026-10-03 00:00:00
1522,Tomme cheese from Savoy - Cheese,1,6985,Cheese,23.880000,"Poore and Nemecek (2018), via Our World in Data",https://ourworldindata.org/grapher/ghg-per-kg-poore,OWID ghg-per-kg-poore (2010 values),2018-06-01,2018-06-01,,GLOBAL,1,2026-10-03 00:00:00,2026-10-03 00:00:00
1523,Tomme cheese from the French Bauges mountains - Cheese,1,6986,Cheese,23.880000,"Poore and Nemecek (2018), via Our World in Data",https://ourworldindata.org/grapher/ghg-per-kg-poore,OWID ghg-per-kg-poore (2010 values),2018-06-01,2018-06-01,,GLOBAL,1,2026-10-03 00:00:00,2026-10-03 00:00:00
1524,Toned milks - Milk,1,6987,Milk,3.150000,"Poore and Nemecek (2018), via Our World in Data",https://ourworldindata.org/grapher/ghg-per-kg-poore,OWID ghg-per-kg-poore (2010 values),2018-06-01,2018-06-01,,GLOBAL,1,2026-10-03 00:00:00,2026-10-03 00:00:00
1525,Top red apples - Other Fruit,5,6995,Other Fruit,1.050000,"Poore and Nemecek (2018), via Our World in Data",https://ourworldindata.org/grapher/ghg-per-kg-poore,OWID ghg-per-kg-poore (2010 values),2018-06-01,2018-06-01,,GLOBAL,1,2026-10-03 00:00:00,2026-10-03 00:00:00
1526,Traditionally Farmed Gloucestershire Old Spots Pork - Pig Meat,2,7009,Pig Meat,12.310000,"Poore and Nemecek (2018), via Our World in Data",https://ourworldindata.org/grapher/ghg-per-kg-poore,OWID ghg-per-kg-poore (2010 values),2018-06-01,2018-06-01,,GLOBAL,1,2026-10-03 00:00:00,2026-10-03 00:00:00
1527,Traditionally Reared Pedigree Welsh Pork - Pig Meat,2,7010,Pig Meat,12.310000,"Poore and Nemecek (2018), via Our World in Data",https://ourworldindata.org/grapher/ghg-per-kg-poore,OWID ghg-per-kg-poore (2010 values),2018-06-01,2018-06-01,,GLOBAL,1,2026-10-03 00:00:00,2026-10-03 00:00:00
1528,Tropical fruits - Other Fruit,5,7020,Other Fruit,1.050000,"Poore and Nemecek (2018), via Our World in Data",https://ourworldindata.org/grapher/ghg-per-kg-poore,OWID ghg-per-kg-poore (2010 values),2018-06-01,2018-06-01,,GLOBAL,1,2026-10-03 00:00:00,2026-10-03 00:00:00
1529,Turkey bacon - Poultry Meat,2,7059,Poultry Meat,9.870000,"Poore and Nemecek (2018), via Our World in Data",https://ourworldindata.org/grapher/ghg-per-kg-poore,OWID ghg-per-kg-poore (2010 values),2018-06-01,2018-06-01,,GLOBAL,1,2026-10-03 00:00:00,2026-10-03 00:00:00
1530,Turkey breasts - Poultry Meat,2,7060,Poultry Meat,9.870000,"Poore and Nemecek (2018), via Our World in Data",https://ourworldindata.org/grapher/ghg-per-kg-poore,OWID ghg-per-kg-poore (2010 values),2018-06-01,2018-06-01,,GLOBAL,1,2026-10-03 00:00:00,2026-10-03 00:00:00
1531,Turkey cutlets - Poultry Meat,2,7061,Poultry Meat,9.870000,"Poore and Nemecek (2018), via Our World in Data",https://ourworldindata.org/grapher/ghg-per-kg-poore,OWID ghg-per-kg-poore (2010 values),2018-06-01,2018-06-01,,GLOBAL,1,2026-10-03 00:00:00,2026-10-03 00:00:00
1532,Turkey eggs - Eggs,18,7063,Eggs,4.670000,"Poore and Nemecek (2018), via Our World in Data",https://ourworldindata.org/grapher/ghg-per-kg-poore,OWID ghg-per-kg-poore (2010 values),2018-06-01,2018-06-01,,GLOBAL,1,2026-10-03 00:00:00,2026-10-03 00:00:00
1533,Turkey fillets - Poultry Meat,2,7064,Poultry Meat,9.870000,"Poore and Nemecek (2018), via Our World in Data",https://ourworldindata.org/grapher/ghg-per-kg-poore,OWID ghg-per-kg-poore (2010 values),2018-06-01,2018-06-01,,GLOBAL,1,2026-10-03 00:00:00,2026-10-03 00:00:00
1534,Turkey heart - Poultry Meat,2,7065,Poultry Meat,9.870000,"Poore and Nemecek (2018), via Our World in Data",https://ourworldindata.org/grapher/ghg-per-kg-poore,OWID ghg-per-kg-poore (2010 values),2018-06-01,2018-06-01,,GLOBAL,1,2026-10-03 00:00:00,2026-10-03 00:00:00
1535,Turkey leg meat only - Poultry Meat,2,7066,Poultry Meat,9.870000,"Poore and Nemecek (2018), via Our World in Data",https://ourworldindata.org/grapher/ghg-per-kg-poore,OWID ghg-per-kg-poore (2010 values),2018-06-01,2018-06-01,,GLOBAL,1,2026-10-03 00:00:00,2026-10-03 00:00:00
1536,Turkey liver - Poultry Meat,2,7067,Poultry Meat,9.870000,"Poore and Nemecek (2018), via Our World in Data",https://ourworldindata.org/grapher/ghg-per-kg-poore,OWID ghg-per-kg-poore (2010 values),2018-06-01,2018-06-01,,GLOBAL,1,2026-10-03 00:00:00,2026-10-03 00:00:00
1537,Turkey meat for osso buco - Poultry Meat,2,7068,Poultry Meat,9.870000,"Poore and Nemecek (2018), via Our World in Data",https://ourworldindata.org/grapher/ghg-per-kg-poore,OWID ghg-per-kg-poore (2010 values),2018-06-01,2018-06-01,,GLOBAL,1,2026-10-03 00:00:00,2026-10-03 00:00:00
1538,Turkey neck - Poultry Meat,2,7069,Poultry Meat,9.870000,"Poore and Nemecek (2018), via Our World in Data",https://ourworldindata.org/grapher/ghg-per-kg-poore,OWID ghg-per-kg-poore (2010 values),2018-06-01,2018-06-01,,GLOBAL,1,2026-10-03 00:00:00,2026-10-03 00:00:00
1539,Turkey offals - Poultry Meat,2,7070,Poultry Meat,9.870000,"Poore and Nemecek (2018), via Our World in Data",https://ourworldindata.org/grapher/ghg-per-kg-poore,OWID ghg-per-kg-poore (2010 values),2018-06-01,2018-06-01,,GLOBAL,1,2026-10-03 00:00:00,2026-10-03 00:00:00
1540,Turkey skewers - Poultry Meat,2,7072,Poultry Meat,9.870000,"Poore and Nemecek (2018), via Our World in Data",https://ourworldindata.org/grapher/ghg-per-kg-poore,OWID ghg-per-kg-poore (2010 values),2018-06-01,2018-06-01,,GLOBAL,1,2026-10-03 00:00:00,2026-10-03 00:00:00
1541,Turkey thighs - Poultry Meat,2,7073,Poultry Meat,9.870000,"Poore and Nemecek (2018), via Our World in Data",https://ourworldindata.org/grapher/ghg-per-kg-poore,OWID ghg-per-kg-poore (2010 values),2018-06-01,2018-06-01,,GLOBAL,1,2026-10-03 00:00:00,2026-10-03 00:00:00
1542,Turkey wings - Poultry Meat,2,7074,Poultry Meat,9.870000,"Poore and Nemecek (2018), via Our World in Data",https://ourworldindata.org/grapher/ghg-per-kg-poore,OWID ghg-per-kg-poore (2010 values),2018-06-01,2018-06-01,,GLOBAL,1,2026-10-03 00:00:00,2026-10-03 00:00:00
1543,Turkeys - Poultry Meat,2,7075,Poultry Meat,9.870000,"Poore and Nemecek (2018), via Our World in Data",https://ourworldindata.org/grapher/ghg-per-kg-poore,OWID ghg-per-kg-poore (2010 values),2018-06-01,2018-06-01,,GLOBAL,1,2026-10-03 00:00:00,2026-10-03 00:00:00
1544,Turkish cheeses - Cheese,1,7076,Cheese,23.880000,"Poore and Nemecek (2018), via Our World in Data",https://ourworldindata.org/grapher/ghg-per-kg-poore,OWID ghg-per-kg-poore (2010 values),2018-06-01,2018-06-01,,GLOBAL,1,2026-10-03 00:00:00,2026-10-03 00:00:00
1545,Turnip - Root Vegetables,4,7081,Root Vegetables,0.430000,"Poore and Nemecek (2018), via Our World in Data",https://ourworldindata.org/grapher/ghg-per-kg-poore,OWID ghg-per-kg-poore (2010 values),2018-06-01,2018-06-01,,GLOBAL,1,2026-10-03 00:00:00,2026-10-03 00:00:00
1546,UHT buffalo milks - Milk,1,7088,Milk,3.150000,"Poore and Nemecek (2018), via Our World in Data",https://ourworldindata.org/grapher/ghg-per-kg-poore,OWID ghg-per-kg-poore (2010 values),2018-06-01,2018-06-01,,GLOBAL,1,2026-10-03 00:00:00,2026-10-03 00:00:00
1547,UHT milk fortified with vitamins - Milk,1,7091,Milk,3.150000,"Poore and Nemecek (2018), via Our World in Data",https://ourworldindata.org/grapher/ghg-per-kg-poore,OWID ghg-per-kg-poore (2010 values),2018-06-01,2018-06-01,,GLOBAL,1,2026-10-03 00:00:00,2026-10-03 00:00:00
1548,UHT Milks - Milk,1,7092,Milk,3.150000,"Poore and Nemecek (2018), via Our World in Data",https://ourworldindata.org/grapher/ghg-per-kg-poore,OWID ghg-per-kg-poore (2010 values),2018-06-01,2018-06-01,,GLOBAL,1,2026-10-03 00:00:00,2026-10-03 00:00:00
1549,UHT Skimmed milks - Milk,1,7095,Milk,3.150000,"Poore and Nemecek (2018), via Our World in Data",https://ourworldindata.org/grapher/ghg-per-kg-poore,OWID ghg-per-kg-poore (2010 values),2018-06-01,2018-06-01,,GLOBAL,1,2026-10-03 00:00:00,2026-10-03 00:00:00
1550,Uncooked pressed cheeses - Cheese,1,7103,Cheese,23.880000,"Poore and Nemecek (2018), via Our World in Data",https://ourworldindata.org/grapher/ghg-per-kg-poore,OWID ghg-per-kg-poore (2010 values),2018-06-01,2018-06-01,,GLOBAL,1,2026-10-03 00:00:00,2026-10-03 00:00:00
1551,Uncured soft cheese spreadable with around 20% fat - Cheese,1,7104,Cheese,23.880000,"Poore and Nemecek (2018), via Our World in Data",https://ourworldindata.org/grapher/ghg-per-kg-poore,OWID ghg-per-kg-poore (2010 values),2018-06-01,2018-06-01,,GLOBAL,1,2026-10-03 00:00:00,2026-10-03 00:00:00
1552,Uncured soft cheese spreadable with around 25% fat - Cheese,1,7105,Cheese,23.880000,"Poore and Nemecek (2018), via Our World in Data",https://ourworldindata.org/grapher/ghg-per-kg-poore,OWID ghg-per-kg-poore (2010 values),2018-06-01,2018-06-01,,GLOBAL,1,2026-10-03 00:00:00,2026-10-03 00:00:00
1553,Unpasteurised cheeses - Cheese,1,7111,Cheese,23.880000,"Poore and Nemecek (2018), via Our World in Data",https://ourworldindata.org/grapher/ghg-per-kg-poore,OWID ghg-per-kg-poore (2010 values),2018-06-01,2018-06-01,,GLOBAL,1,2026-10-03 00:00:00,2026-10-03 00:00:00
1554,Unsalted boiled pearled barley - Barley,14,7119,Barley,1.180000,"Poore and Nemecek (2018), via Our World in Data",https://ourworldindata.org/grapher/ghg-per-kg-poore,OWID ghg-per-kg-poore (2010 values),2018-06-01,2018-06-01,,GLOBAL,1,2026-10-03 00:00:00,2026-10-03 00:00:00
1555,Unsalted cooked brown rices - Rice,14,7125,Rice,4.450000,"Poore and Nemecek (2018), via Our World in Data",https://ourworldindata.org/grapher/ghg-per-kg-poore,OWID ghg-per-kg-poore (2010 values),2018-06-01,2018-06-01,,GLOBAL,1,2026-10-03 00:00:00,2026-10-03 00:00:00
1556,Unsalted cooked parboiled rice - Rice,14,7127,Rice,4.450000,"Poore and Nemecek (2018), via Our World in Data",https://ourworldindata.org/grapher/ghg-per-kg-poore,OWID ghg-per-kg-poore (2010 values),2018-06-01,2018-06-01,,GLOBAL,1,2026-10-03 00:00:00,2026-10-03 00:00:00
1557,Unsalted cooked red rice - Rice,14,7128,Rice,4.450000,"Poore and Nemecek (2018), via Our World in Data",https://ourworldindata.org/grapher/ghg-per-kg-poore,OWID ghg-per-kg-poore (2010 values),2018-06-01,2018-06-01,,GLOBAL,1,2026-10-03 00:00:00,2026-10-03 00:00:00
1558,Unsalted cooked rice - Rice,14,7129,Rice,4.450000,"Poore and Nemecek (2018), via Our World in Data",https://ourworldindata.org/grapher/ghg-per-kg-poore,OWID ghg-per-kg-poore (2010 values),2018-06-01,2018-06-01,,GLOBAL,1,2026-10-03 00:00:00,2026-10-03 00:00:00
1559,Unsalted cooked wild rice - Rice,14,7132,Rice,4.450000,"Poore and Nemecek (2018), via Our World in Data",https://ourworldindata.org/grapher/ghg-per-kg-poore,OWID ghg-per-kg-poore (2010 values),2018-06-01,2018-06-01,,GLOBAL,1,2026-10-03 00:00:00,2026-10-03 00:00:00
1560,Unseasoned grated carrots - Root Vegetables,4,7140,Root Vegetables,0.430000,"Poore and Nemecek (2018), via Our World in Data",https://ourworldindata.org/grapher/ghg-per-kg-poore,OWID ghg-per-kg-poore (2010 values),2018-06-01,2018-06-01,,GLOBAL,1,2026-10-03 00:00:00,2026-10-03 00:00:00
1561,Unwaxed lemons - Citrus Fruit,5,7155,Citrus Fruit,0.390000,"Poore and Nemecek (2018), via Our World in Data",https://ourworldindata.org/grapher/ghg-per-kg-poore,OWID ghg-per-kg-poore (2010 values),2018-06-01,2018-06-01,,GLOBAL,1,2026-10-03 00:00:00,2026-10-03 00:00:00
1562,Vacuum-packed beetroot - Root Vegetables,4,7157,Root Vegetables,0.430000,"Poore and Nemecek (2018), via Our World in Data",https://ourworldindata.org/grapher/ghg-per-kg-poore,OWID ghg-per-kg-poore (2010 values),2018-06-01,2018-06-01,,GLOBAL,1,2026-10-03 00:00:00,2026-10-03 00:00:00
1563,Vale of Evesham Asparagus - Other Vegetables,4,7158,Other Vegetables,0.530000,"Poore and Nemecek (2018), via Our World in Data",https://ourworldindata.org/grapher/ghg-per-kg-poore,OWID ghg-per-kg-poore (2010 values),2018-06-01,2018-06-01,,GLOBAL,1,2026-10-03 00:00:00,2026-10-03 00:00:00
1564,Valençay cheese - Cheese,1,7159,Cheese,23.880000,"Poore and Nemecek (2018), via Our World in Data",https://ourworldindata.org/grapher/ghg-per-kg-poore,OWID ghg-per-kg-poore (2010 values),2018-06-01,2018-06-01,,GLOBAL,1,2026-10-03 00:00:00,2026-10-03 00:00:00
1565,Valençay Wine - Wine,7,7160,Wine,1.790000,"Poore and Nemecek (2018), via Our World in Data",https://ourworldindata.org/grapher/ghg-per-kg-poore,OWID ghg-per-kg-poore (2010 values),2018-06-01,2018-06-01,,GLOBAL,1,2026-10-03 00:00:00,2026-10-03 00:00:00
1566,Vegan sausages from tofu - Tofu,16,7228,Tofu,3.160000,"Poore and Nemecek (2018), via Our World in Data",https://ourworldindata.org/grapher/ghg-per-kg-poore,OWID ghg-per-kg-poore (2010 values),2018-06-01,2018-06-01,,GLOBAL,1,2026-10-03 00:00:00,2026-10-03 00:00:00
1567,Vegan wines - Wine,7,7231,Wine,1.790000,"Poore and Nemecek (2018), via Our World in Data",https://ourworldindata.org/grapher/ghg-per-kg-poore,OWID ghg-per-kg-poore (2010 values),2018-06-01,2018-06-01,,GLOBAL,1,2026-10-03 00:00:00,2026-10-03 00:00:00
1568,Vegetable rods - Other Vegetables,4,7263,Other Vegetables,0.530000,"Poore and Nemecek (2018), via Our World in Data",https://ourworldindata.org/grapher/ghg-per-kg-poore,OWID ghg-per-kg-poore (2010 values),2018-06-01,2018-06-01,,GLOBAL,1,2026-10-03 00:00:00,2026-10-03 00:00:00
1569,Vegetables - Other Vegetables,4,7268,Other Vegetables,0.530000,"Poore and Nemecek (2018), via Our World in Data",https://ourworldindata.org/grapher/ghg-per-kg-poore,OWID ghg-per-kg-poore (2010 values),2018-06-01,2018-06-01,,GLOBAL,1,2026-10-03 00:00:00,2026-10-03 00:00:00
1570,Vegetables from Germany - Other Vegetables,4,7270,Other Vegetables,0.530000,"Poore and Nemecek (2018), via Our World in Data",https://ourworldindata.org/grapher/ghg-per-kg-poore,OWID ghg-per-kg-poore (2010 values),2018-06-01,2018-06-01,,GLOBAL,1,2026-10-03 00:00:00,2026-10-03 00:00:00
1571,Vegetables from Italy - Other Vegetables,4,7271,Other Vegetables,0.530000,"Poore and Nemecek (2018), via Our World in Data",https://ourworldindata.org/grapher/ghg-per-kg-poore,OWID ghg-per-kg-poore (2010 values),2018-06-01,2018-06-01,,GLOBAL,1,2026-10-03 00:00:00,2026-10-03 00:00:00
1572,Vegetables from Spain - Other Vegetables,4,7272,Other Vegetables,0.530000,"Poore and Nemecek (2018), via Our World in Data",https://ourworldindata.org/grapher/ghg-per-kg-poore,OWID ghg-per-kg-poore (2010 values),2018-06-01,2018-06-01,,GLOBAL,1,2026-10-03 00:00:00,2026-10-03 00:00:00
1573,Vegetables from the Netherlands - Other Vegetables,4,7273,Other Vegetables,0.530000,"Poore and Nemecek (2018), via Our World in Data",https://ourworldindata.org/grapher/ghg-per-kg-poore,OWID ghg-per-kg-poore (2010 values),2018-06-01,2018-06-01,,GLOBAL,1,2026-10-03 00:00:00,2026-10-03 00:00:00
1574,Verna lemons - Citrus Fruit,5,7306,Citrus Fruit,0.390000,"Poore and Nemecek (2018), via Our World in Data",https://ourworldindata.org/grapher/ghg-per-kg-poore,OWID ghg-per-kg-poore (2010 values),2018-06-01,2018-06-01,,GLOBAL,1,2026-10-03 00:00:00,2026-10-03 00:00:00
1575,Vialone Nano rices - Rice,14,7307,Rice,4.450000,"Poore and Nemecek (2018), via Our World in Data",https://ourworldindata.org/grapher/ghg-per-kg-poore,OWID ghg-per-kg-poore (2010 values),2018-06-01,2018-06-01,,GLOBAL,1,2026-10-03 00:00:00,2026-10-03 00:00:00
1576,Watercress (fresh) - Other Vegetables,4,7350,Other Vegetables,0.530000,"Poore and Nemecek (2018), via Our World in Data",https://ourworldindata.org/grapher/ghg-per-kg-poore,OWID ghg-per-kg-poore (2010 values),2018-06-01,2018-06-01,,GLOBAL,1,2026-10-03 00:00:00,2026-10-03 00:00:00
1577,Waterloo cheese - Cheese,1,7352,Cheese,23.880000,"Poore and Nemecek (2018), via Our World in Data",https://ourworldindata.org/grapher/ghg-per-kg-poore,OWID ghg-per-kg-poore (2010 values),2018-06-01,2018-06-01,,GLOBAL,1,2026-10-03 00:00:00,2026-10-03 00:00:00
1578,Watermelon pulp - Other Fruit,5,7354,Other Fruit,1.050000,"Poore and Nemecek (2018), via Our World in Data",https://ourworldindata.org/grapher/ghg-per-kg-poore,OWID ghg-per-kg-poore (2010 values),2018-06-01,2018-06-01,,GLOBAL,1,2026-10-03 00:00:00,2026-10-03 00:00:00
1579,Watermelons - Other Fruit,5,7358,Other Fruit,1.050000,"Poore and Nemecek (2018), via Our World in Data",https://ourworldindata.org/grapher/ghg-per-kg-poore,OWID ghg-per-kg-poore (2010 values),2018-06-01,2018-06-01,,GLOBAL,1,2026-10-03 00:00:00,2026-10-03 00:00:00
1580,Welsh Beef - Beef (beef herd),2,7365,Beef (beef herd),99.480000,"Poore and Nemecek (2018), via Our World in Data",https://ourworldindata.org/grapher/ghg-per-kg-poore,OWID ghg-per-kg-poore (2010 values),2018-06-01,2018-06-01,,GLOBAL,1,2026-10-03 00:00:00,2026-10-03 00:00:00
1581,Welsh Lamb - Lamb & Mutton,2,7366,Lamb & Mutton,39.720000,"Poore and Nemecek (2018), via Our World in Data",https://ourworldindata.org/grapher/ghg-per-kg-poore,OWID ghg-per-kg-poore (2010 values),2018-06-01,2018-06-01,,GLOBAL,1,2026-10-03 00:00:00,2026-10-03 00:00:00
1582,Wensleydale cheese - Cheese,1,7369,Cheese,23.880000,"Poore and Nemecek (2018), via Our World in Data",https://ourworldindata.org/grapher/ghg-per-kg-poore,OWID ghg-per-kg-poore (2010 values),2018-06-01,2018-06-01,,GLOBAL,1,2026-10-03 00:00:00,2026-10-03 00:00:00
1583,West Australian wine - Wine,7,7370,Wine,1.790000,"Poore and Nemecek (2018), via Our World in Data",https://ourworldindata.org/grapher/ghg-per-kg-poore,OWID ghg-per-kg-poore (2010 values),2018-06-01,2018-06-01,,GLOBAL,1,2026-10-03 00:00:00,2026-10-03 00:00:00
1584,West Country Beef - Beef (beef herd),2,7372,Beef (beef herd),99.480000,"Poore and Nemecek (2018), via Our World in Data",https://ourworldindata.org/grapher/ghg-per-kg-poore,OWID ghg-per-kg-poore (2010 values),2018-06-01,2018-06-01,,GLOBAL,1,2026-10-03 00:00:00,2026-10-03 00:00:00
1585,West Country farmhouse Cheddar cheese - Cheese,1,7373,Cheese,23.880000,"Poore and Nemecek (2018), via Our World in Data",https://ourworldindata.org/grapher/ghg-per-kg-poore,OWID ghg-per-kg-poore (2010 values),2018-06-01,2018-06-01,,GLOBAL,1,2026-10-03 00:00:00,2026-10-03 00:00:00
1586,West Country Lamb - Lamb & Mutton,2,7374,Lamb & Mutton,39.720000,"Poore and Nemecek (2018), via Our World in Data",https://ourworldindata.org/grapher/ghg-per-kg-poore,OWID ghg-per-kg-poore (2010 values),2018-06-01,2018-06-01,,GLOBAL,1,2026-10-03 00:00:00,2026-10-03 00:00:00
1587,Wheat flour T110 - Wheat & Rye,14,7388,Wheat & Rye,1.570000,"Poore and Nemecek (2018), via Our World in Data",https://ourworldindata.org/grapher/ghg-per-kg-poore,OWID ghg-per-kg-poore (2010 values),2018-06-01,2018-06-01,,GLOBAL,1,2026-10-03 00:00:00,2026-10-03 00:00:00
1588,Wheat flour T405 - Wheat & Rye,14,7389,Wheat & Rye,1.570000,"Poore and Nemecek (2018), via Our World in Data",https://ourworldindata.org/grapher/ghg-per-kg-poore,OWID ghg-per-kg-poore (2010 values),2018-06-01,2018-06-01,,GLOBAL,1,2026-10-03 00:00:00,2026-10-03 00:00:00
1589,Wheat flour T45 - Wheat & Rye,14,7390,Wheat & Rye,1.570000,"Poore and Nemecek (2018), via Our World in Data",https://ourworldindata.org/grapher/ghg-per-kg-poore,OWID ghg-per-kg-poore (2010 values),2018-06-01,2018-06-01,,GLOBAL,1,2026-10-03 00:00:00,2026-10-03 00:00:00
1590,Wheat flour type 150 - Wheat & Rye,14,7391,Wheat & Rye,1.570000,"Poore and Nemecek (2018), via Our World in Data",https://ourworldindata.org/grapher/ghg-per-kg-poore,OWID ghg-per-kg-poore (2010 values),2018-06-01,2018-06-01,,GLOBAL,1,2026-10-03 00:00:00,2026-10-03 00:00:00
1591,Wheat flour type 55 for bread - Wheat & Rye,14,7392,Wheat & Rye,1.570000,"Poore and Nemecek (2018), via Our World in Data",https://ourworldindata.org/grapher/ghg-per-kg-poore,OWID ghg-per-kg-poore (2010 values),2018-06-01,2018-06-01,,GLOBAL,1,2026-10-03 00:00:00,2026-10-03 00:00:00
1592,Wheat flour type 65 - Wheat & Rye,14,7393,Wheat & Rye,1.570000,"Poore and Nemecek (2018), via Our World in Data",https://ourworldindata.org/grapher/ghg-per-kg-poore,OWID ghg-per-kg-poore (2010 values),2018-06-01,2018-06-01,,GLOBAL,1,2026-10-03 00:00:00,2026-10-03 00:00:00
1593,Wheat flours - Wheat & Rye,14,7394,Wheat & Rye,1.570000,"Poore and Nemecek (2018), via Our World in Data",https://ourworldindata.org/grapher/ghg-per-kg-poore,OWID ghg-per-kg-poore (2010 values),2018-06-01,2018-06-01,,GLOBAL,1,2026-10-03 00:00:00,2026-10-03 00:00:00
1594,Wheat groats - Oatmeal,14,7397,Oatmeal,2.480000,"Poore and Nemecek (2018), via Our World in Data",https://ourworldindata.org/grapher/ghg-per-kg-poore,OWID ghg-per-kg-poore (2010 values),2018-06-01,2018-06-01,,GLOBAL,1,2026-10-03 00:00:00,2026-10-03 00:00:00
1595,White asparagus - Other Vegetables,4,7418,Other Vegetables,0.530000,"Poore and Nemecek (2018), via Our World in Data",https://ourworldindata.org/grapher/ghg-per-kg-poore,OWID ghg-per-kg-poore (2010 values),2018-06-01,2018-06-01,,GLOBAL,1,2026-10-03 00:00:00,2026-10-03 00:00:00
1596,White Basmati rices - Rice,14,7419,Rice,4.450000,"Poore and Nemecek (2018), via Our World in Data",https://ourworldindata.org/grapher/ghg-per-kg-poore,OWID ghg-per-kg-poore (2010 values),2018-06-01,2018-06-01,,GLOBAL,1,2026-10-03 00:00:00,2026-10-03 00:00:00
1597,White beans - Other Pulses,14,7421,Other Pulses,1.790000,"Poore and Nemecek (2018), via Our World in Data",https://ourworldindata.org/grapher/ghg-per-kg-poore,OWID ghg-per-kg-poore (2010 values),2018-06-01,2018-06-01,,GLOBAL,1,2026-10-03 00:00:00,2026-10-03 00:00:00
1598,White cabbage - Brassicas,4,7424,Brassicas,0.510000,"Poore and Nemecek (2018), via Our World in Data",https://ourworldindata.org/grapher/ghg-per-kg-poore,OWID ghg-per-kg-poore (2010 values),2018-06-01,2018-06-01,,GLOBAL,1,2026-10-03 00:00:00,2026-10-03 00:00:00
1599,White common wheat flours - Wheat & Rye,14,7436,Wheat & Rye,1.570000,"Poore and Nemecek (2018), via Our World in Data",https://ourworldindata.org/grapher/ghg-per-kg-poore,OWID ghg-per-kg-poore (2010 values),2018-06-01,2018-06-01,,GLOBAL,1,2026-10-03 00:00:00,2026-10-03 00:00:00
1600,White einkorn wheat flours - Wheat & Rye,14,7437,Wheat & Rye,1.570000,"Poore and Nemecek (2018), via Our World in Data",https://ourworldindata.org/grapher/ghg-per-kg-poore,OWID ghg-per-kg-poore (2010 values),2018-06-01,2018-06-01,,GLOBAL,1,2026-10-03 00:00:00,2026-10-03 00:00:00
1601,White Jasmine rices - Rice,14,7447,Rice,4.450000,"Poore and Nemecek (2018), via Our World in Data",https://ourworldindata.org/grapher/ghg-per-kg-poore,OWID ghg-per-kg-poore (2010 values),2018-06-01,2018-06-01,,GLOBAL,1,2026-10-03 00:00:00,2026-10-03 00:00:00
1602,White Khorasan wheat flours - Wheat & Rye,14,7448,Wheat & Rye,1.570000,"Poore and Nemecek (2018), via Our World in Data",https://ourworldindata.org/grapher/ghg-per-kg-poore,OWID ghg-per-kg-poore (2010 values),2018-06-01,2018-06-01,,GLOBAL,1,2026-10-03 00:00:00,2026-10-03 00:00:00
1603,White kidney beans - Other Pulses,14,7449,Other Pulses,1.790000,"Poore and Nemecek (2018), via Our World in Data",https://ourworldindata.org/grapher/ghg-per-kg-poore,OWID ghg-per-kg-poore (2010 values),2018-06-01,2018-06-01,,GLOBAL,1,2026-10-03 00:00:00,2026-10-03 00:00:00
1604,White rice cooked with chicken - Rice,14,7456,Rice,4.450000,"Poore and Nemecek (2018), via Our World in Data",https://ourworldindata.org/grapher/ghg-per-kg-poore,OWID ghg-per-kg-poore (2010 values),2018-06-01,2018-06-01,,GLOBAL,1,2026-10-03 00:00:00,2026-10-03 00:00:00
1605,White rice cooked with vegetables and meat - Rice,14,7457,Rice,4.450000,"Poore and Nemecek (2018), via Our World in Data",https://ourworldindata.org/grapher/ghg-per-kg-poore,OWID ghg-per-kg-poore (2010 values),2018-06-01,2018-06-01,,GLOBAL,1,2026-10-03 00:00:00,2026-10-03 00:00:00
1606,White rices - Rice,14,7459,Rice,4.450000,"Poore and Nemecek (2018), via Our World in Data",https://ourworldindata.org/grapher/ghg-per-kg-poore,OWID ghg-per-kg-poore (2010 values),2018-06-01,2018-06-01,,GLOBAL,1,2026-10-03 00:00:00,2026-10-03 00:00:00
1607,White sparkling flavoured wines - Wine,7,7461,Wine,1.790000,"Poore and Nemecek (2018), via Our World in Data",https://ourworldindata.org/grapher/ghg-per-kg-poore,OWID ghg-per-kg-poore (2010 values),2018-06-01,2018-06-01,,GLOBAL,1,2026-10-03 00:00:00,2026-10-03 00:00:00
1608,White Stilton cheese - Cheese,1,7463,Cheese,23.880000,"Poore and Nemecek (2018), via Our World in Data",https://ourworldindata.org/grapher/ghg-per-kg-poore,OWID ghg-per-kg-poore (2010 values),2018-06-01,2018-06-01,,GLOBAL,1,2026-10-03 00:00:00,2026-10-03 00:00:00
1609,White wheat flours - Wheat & Rye,14,7469,Wheat & Rye,1.570000,"Poore and Nemecek (2018), via Our World in Data",https://ourworldindata.org/grapher/ghg-per-kg-poore,OWID ghg-per-kg-poore (2010 values),2018-06-01,2018-06-01,,GLOBAL,1,2026-10-03 00:00:00,2026-10-03 00:00:00
1610,White wines - Wine,7,7472,Wine,1.790000,"Poore and Nemecek (2018), via Our World in Data",https://ourworldindata.org/grapher/ghg-per-kg-poore,OWID ghg-per-kg-poore (2010 values),2018-06-01,2018-06-01,,GLOBAL,1,2026-10-03 00:00:00,2026-10-03 00:00:00
1611,Whole barley - Barley,14,7480,Barley,1.180000,"Poore and Nemecek (2018), via Our World in Data",https://ourworldindata.org/grapher/ghg-per-kg-poore,OWID ghg-per-kg-poore (2010 values),2018-06-01,2018-06-01,,GLOBAL,1,2026-10-03 00:00:00,2026-10-03 00:00:00
1612,Whole chickens - Poultry Meat,2,7483,Poultry Meat,9.870000,"Poore and Nemecek (2018), via Our World in Data",https://ourworldindata.org/grapher/ghg-per-kg-poore,OWID ghg-per-kg-poore (2010 values),2018-06-01,2018-06-01,,GLOBAL,1,2026-10-03 00:00:00,2026-10-03 00:00:00
1613,Whole common wheat flours - Wheat & Rye,14,7485,Wheat & Rye,1.570000,"Poore and Nemecek (2018), via Our World in Data",https://ourworldindata.org/grapher/ghg-per-kg-poore,OWID ghg-per-kg-poore (2010 values),2018-06-01,2018-06-01,,GLOBAL,1,2026-10-03 00:00:00,2026-10-03 00:00:00
1614,Whole dates - Other Fruit,5,7489,Other Fruit,1.050000,"Poore and Nemecek (2018), via Our World in Data",https://ourworldindata.org/grapher/ghg-per-kg-poore,OWID ghg-per-kg-poore (2010 values),2018-06-01,2018-06-01,,GLOBAL,1,2026-10-03 00:00:00,2026-10-03 00:00:00
1615,Whole einkorn wheat flours - Wheat & Rye,14,7493,Wheat & Rye,1.570000,"Poore and Nemecek (2018), via Our World in Data",https://ourworldindata.org/grapher/ghg-per-kg-poore,OWID ghg-per-kg-poore (2010 values),2018-06-01,2018-06-01,,GLOBAL,1,2026-10-03 00:00:00,2026-10-03 00:00:00
1616,Whole goat milk - Milk,1,7495,Milk,3.150000,"Poore and Nemecek (2018), via Our World in Data",https://ourworldindata.org/grapher/ghg-per-kg-poore,OWID ghg-per-kg-poore (2010 values),2018-06-01,2018-06-01,,GLOBAL,1,2026-10-03 00:00:00,2026-10-03 00:00:00
1617,Whole goat milk UHT - Milk,1,7496,Milk,3.150000,"Poore and Nemecek (2018), via Our World in Data",https://ourworldindata.org/grapher/ghg-per-kg-poore,OWID ghg-per-kg-poore (2010 values),2018-06-01,2018-06-01,,GLOBAL,1,2026-10-03 00:00:00,2026-10-03 00:00:00
1618,Whole Khorasan wheat flours - Wheat & Rye,14,7497,Wheat & Rye,1.570000,"Poore and Nemecek (2018), via Our World in Data",https://ourworldindata.org/grapher/ghg-per-kg-poore,OWID ghg-per-kg-poore (2010 values),2018-06-01,2018-06-01,,GLOBAL,1,2026-10-03 00:00:00,2026-10-03 00:00:00
1619,Whole mare's milk - Milk,1,7498,Milk,3.150000,"Poore and Nemecek (2018), via Our World in Data",https://ourworldindata.org/grapher/ghg-per-kg-poore,OWID ghg-per-kg-poore (2010 values),2018-06-01,2018-06-01,,GLOBAL,1,2026-10-03 00:00:00,2026-10-03 00:00:00
1620,Whole milk UHT - Milk,1,7500,Milk,3.150000,"Poore and Nemecek (2018), via Our World in Data",https://ourworldindata.org/grapher/ghg-per-kg-poore,OWID ghg-per-kg-poore (2010 values),2018-06-01,2018-06-01,,GLOBAL,1,2026-10-03 00:00:00,2026-10-03 00:00:00
1621,Whole milks - Milk,1,7502,Milk,3.150000,"Poore and Nemecek (2018), via Our World in Data",https://ourworldindata.org/grapher/ghg-per-kg-poore,OWID ghg-per-kg-poore (2010 values),2018-06-01,2018-06-01,,GLOBAL,1,2026-10-03 00:00:00,2026-10-03 00:00:00
1622,Whole pasteurised milks - Milk,1,7510,Milk,3.150000,"Poore and Nemecek (2018), via Our World in Data",https://ourworldindata.org/grapher/ghg-per-kg-poore,OWID ghg-per-kg-poore (2010 values),2018-06-01,2018-06-01,,GLOBAL,1,2026-10-03 00:00:00,2026-10-03 00:00:00
1623,Whole wheat flours - Wheat & Rye,14,7518,Wheat & Rye,1.570000,"Poore and Nemecek (2018), via Our World in Data",https://ourworldindata.org/grapher/ghg-per-kg-poore,OWID ghg-per-kg-poore (2010 values),2018-06-01,2018-06-01,,GLOBAL,1,2026-10-03 00:00:00,2026-10-03 00:00:00
1624,Wild rice - Rice,14,7538,Rice,4.450000,"Poore and Nemecek (2018), via Our World in Data",https://ourworldindata.org/grapher/ghg-per-kg-poore,OWID ghg-per-kg-poore (2010 values),2018-06-01,2018-06-01,,GLOBAL,1,2026-10-03 00:00:00,2026-10-03 00:00:00
1625,Wild rice flakes - Rice,14,7539,Rice,4.450000,"Poore and Nemecek (2018), via Our World in Data",https://ourworldindata.org/grapher/ghg-per-kg-poore,OWID ghg-per-kg-poore (2010 values),2018-06-01,2018-06-01,,GLOBAL,1,2026-10-03 00:00:00,2026-10-03 00:00:00
1626,Williams' bon chrétien pears - Other Fruit,5,7546,Other Fruit,1.050000,"Poore and Nemecek (2018), via Our World in Data",https://ourworldindata.org/grapher/ghg-per-kg-poore,OWID ghg-per-kg-poore (2010 values),2018-06-01,2018-06-01,,GLOBAL,1,2026-10-03 00:00:00,2026-10-03 00:00:00
1627,Wine-based alcoholic beverages - Wine,7,7547,Wine,1.790000,"Poore and Nemecek (2018), via Our World in Data",https://ourworldindata.org/grapher/ghg-per-kg-poore,OWID ghg-per-kg-poore (2010 values),2018-06-01,2018-06-01,,GLOBAL,1,2026-10-03 00:00:00,2026-10-03 00:00:00
1628,Wine-based aperitif - Wine,7,7548,Wine,1.790000,"Poore and Nemecek (2018), via Our World in Data",https://ourworldindata.org/grapher/ghg-per-kg-poore,OWID ghg-per-kg-poore (2010 values),2018-06-01,2018-06-01,,GLOBAL,1,2026-10-03 00:00:00,2026-10-03 00:00:00
1629,Wine-based drinks - Wine,7,7549,Wine,1.790000,"Poore and Nemecek (2018), via Our World in Data",https://ourworldindata.org/grapher/ghg-per-kg-poore,OWID ghg-per-kg-poore (2010 values),2018-06-01,2018-06-01,,GLOBAL,1,2026-10-03 00:00:00,2026-10-03 00:00:00
1630,Wine without geographic indication - Wine,7,7555,Wine,1.790000,"Poore and Nemecek (2018), via Our World in Data",https://ourworldindata.org/grapher/ghg-per-kg-poore,OWID ghg-per-kg-poore (2010 values),2018-06-01,2018-06-01,,GLOBAL,1,2026-10-03 00:00:00,2026-10-03 00:00:00
1631,Wines - Wine,7,7556,Wine,1.790000,"Poore and Nemecek (2018), via Our World in Data",https://ourworldindata.org/grapher/ghg-per-kg-poore,OWID ghg-per-kg-poore (2010 values),2018-06-01,2018-06-01,,GLOBAL,1,2026-10-03 00:00:00,2026-10-03 00:00:00
1632,Wines from Albania - Wine,7,7557,Wine,1.790000,"Poore and Nemecek (2018), via Our World in Data",https://ourworldindata.org/grapher/ghg-per-kg-poore,OWID ghg-per-kg-poore (2010 values),2018-06-01,2018-06-01,,GLOBAL,1,2026-10-03 00:00:00,2026-10-03 00:00:00
1633,Wines from Algeria - Wine,7,7558,Wine,1.790000,"Poore and Nemecek (2018), via Our World in Data",https://ourworldindata.org/grapher/ghg-per-kg-poore,OWID ghg-per-kg-poore (2010 values),2018-06-01,2018-06-01,,GLOBAL,1,2026-10-03 00:00:00,2026-10-03 00:00:00
1634,Wines from America - Wine,7,7559,Wine,1.790000,"Poore and Nemecek (2018), via Our World in Data",https://ourworldindata.org/grapher/ghg-per-kg-poore,OWID ghg-per-kg-poore (2010 values),2018-06-01,2018-06-01,,GLOBAL,1,2026-10-03 00:00:00,2026-10-03 00:00:00
1635,Wines from Argentina - Wine,7,7560,Wine,1.790000,"Poore and Nemecek (2018), via Our World in Data",https://ourworldindata.org/grapher/ghg-per-kg-poore,OWID ghg-per-kg-poore (2010 values),2018-06-01,2018-06-01,,GLOBAL,1,2026-10-03 00:00:00,2026-10-03 00:00:00
1636,Wines from Armenia - Wine,7,7561,Wine,1.790000,"Poore and Nemecek (2018), via Our World in Data",https://ourworldindata.org/grapher/ghg-per-kg-poore,OWID ghg-per-kg-poore (2010 values),2018-06-01,2018-06-01,,GLOBAL,1,2026-10-03 00:00:00,2026-10-03 00:00:00
1637,Wines from Australia - Wine,7,7562,Wine,1.790000,"Poore and Nemecek (2018), via Our World in Data",https://ourworldindata.org/grapher/ghg-per-kg-poore,OWID ghg-per-kg-poore (2010 values),2018-06-01,2018-06-01,,GLOBAL,1,2026-10-03 00:00:00,2026-10-03 00:00:00
1638,Wines from Austria - Wine,7,7563,Wine,1.790000,"Poore and Nemecek (2018), via Our World in Data",https://ourworldindata.org/grapher/ghg-per-kg-poore,OWID ghg-per-kg-poore (2010 values),2018-06-01,2018-06-01,,GLOBAL,1,2026-10-03 00:00:00,2026-10-03 00:00:00
1639,Wines from Belgium - Wine,7,7564,Wine,1.790000,"Poore and Nemecek (2018), via Our World in Data",https://ourworldindata.org/grapher/ghg-per-kg-poore,OWID ghg-per-kg-poore (2010 values),2018-06-01,2018-06-01,,GLOBAL,1,2026-10-03 00:00:00,2026-10-03 00:00:00
1640,Wines from Brazil - Wine,7,7565,Wine,1.790000,"Poore and Nemecek (2018), via Our World in Data",https://ourworldindata.org/grapher/ghg-per-kg-poore,OWID ghg-per-kg-poore (2010 values),2018-06-01,2018-06-01,,GLOBAL,1,2026-10-03 00:00:00,2026-10-03 00:00:00
1641,Wines from Bulgaria - Wine,7,7566,Wine,1.790000,"Poore and Nemecek (2018), via Our World in Data",https://ourworldindata.org/grapher/ghg-per-kg-poore,OWID ghg-per-kg-poore (2010 values),2018-06-01,2018-06-01,,GLOBAL,1,2026-10-03 00:00:00,2026-10-03 00:00:00
1642,Wines from California - Wine,7,7567,Wine,1.790000,"Poore and Nemecek (2018), via Our World in Data",https://ourworldindata.org/grapher/ghg-per-kg-poore,OWID ghg-per-kg-poore (2010 values),2018-06-01,2018-06-01,,GLOBAL,1,2026-10-03 00:00:00,2026-10-03 00:00:00
1643,Wines from Canada - Wine,7,7568,Wine,1.790000,"Poore and Nemecek (2018), via Our World in Data",https://ourworldindata.org/grapher/ghg-per-kg-poore,OWID ghg-per-kg-poore (2010 values),2018-06-01,2018-06-01,,GLOBAL,1,2026-10-03 00:00:00,2026-10-03 00:00:00
1644,Wines from Chile - Wine,7,7569,Wine,1.790000,"Poore and Nemecek (2018), via Our World in Data",https://ourworldindata.org/grapher/ghg-per-kg-poore,OWID ghg-per-kg-poore (2010 values),2018-06-01,2018-06-01,,GLOBAL,1,2026-10-03 00:00:00,2026-10-03 00:00:00
1645,Wines from Croatia - Wine,7,7570,Wine,1.790000,"Poore and Nemecek (2018), via Our World in Data",https://ourworldindata.org/grapher/ghg-per-kg-poore,OWID ghg-per-kg-poore (2010 values),2018-06-01,2018-06-01,,GLOBAL,1,2026-10-03 00:00:00,2026-10-03 00:00:00
1646,Wines from Cyprus - Wine,7,7571,Wine,1.790000,"Poore and Nemecek (2018), via Our World in Data",https://ourworldindata.org/grapher/ghg-per-kg-poore,OWID ghg-per-kg-poore (2010 values),2018-06-01,2018-06-01,,GLOBAL,1,2026-10-03 00:00:00,2026-10-03 00:00:00
1647,Wines from Czech Republic - Wine,7,7572,Wine,1.790000,"Poore and Nemecek (2018), via Our World in Data",https://ourworldindata.org/grapher/ghg-per-kg-poore,OWID ghg-per-kg-poore (2010 values),2018-06-01,2018-06-01,,GLOBAL,1,2026-10-03 00:00:00,2026-10-03 00:00:00
1648,Wines from France - Wine,7,7573,Wine,1.790000,"Poore and Nemecek (2018), via Our World in Data",https://ourworldindata.org/grapher/ghg-per-kg-poore,OWID ghg-per-kg-poore (2010 values),2018-06-01,2018-06-01,,GLOBAL,1,2026-10-03 00:00:00,2026-10-03 00:00:00
1649,Wines from Georgia - Wine,7,7574,Wine,1.790000,"Poore and Nemecek (2018), via Our World in Data",https://ourworldindata.org/grapher/ghg-per-kg-poore,OWID ghg-per-kg-poore (2010 values),2018-06-01,2018-06-01,,GLOBAL,1,2026-10-03 00:00:00,2026-10-03 00:00:00
1650,Wines from Germany - Wine,7,7575,Wine,1.790000,"Poore and Nemecek (2018), via Our World in Data",https://ourworldindata.org/grapher/ghg-per-kg-poore,OWID ghg-per-kg-poore (2010 values),2018-06-01,2018-06-01,,GLOBAL,1,2026-10-03 00:00:00,2026-10-03 00:00:00
1651,Wines from Greece - Wine,7,7576,Wine,1.790000,"Poore and Nemecek (2018), via Our World in Data",https://ourworldindata.org/grapher/ghg-per-kg-poore,OWID ghg-per-kg-poore (2010 values),2018-06-01,2018-06-01,,GLOBAL,1,2026-10-03 00:00:00,2026-10-03 00:00:00
1652,Wines from Hungary - Wine,7,7577,Wine,1.790000,"Poore and Nemecek (2018), via Our World in Data",https://ourworldindata.org/grapher/ghg-per-kg-poore,OWID ghg-per-kg-poore (2010 values),2018-06-01,2018-06-01,,GLOBAL,1,2026-10-03 00:00:00,2026-10-03 00:00:00
1653,Wines from Italy - Wine,7,7578,Wine,1.790000,"Poore and Nemecek (2018), via Our World in Data",https://ourworldindata.org/grapher/ghg-per-kg-poore,OWID ghg-per-kg-poore (2010 values),2018-06-01,2018-06-01,,GLOBAL,1,2026-10-03 00:00:00,2026-10-03 00:00:00
1654,Wines from Luxembourg - Wine,7,7579,Wine,1.790000,"Poore and Nemecek (2018), via Our World in Data",https://ourworldindata.org/grapher/ghg-per-kg-poore,OWID ghg-per-kg-poore (2010 values),2018-06-01,2018-06-01,,GLOBAL,1,2026-10-03 00:00:00,2026-10-03 00:00:00
1655,Wines from Malta - Wine,7,7580,Wine,1.790000,"Poore and Nemecek (2018), via Our World in Data",https://ourworldindata.org/grapher/ghg-per-kg-poore,OWID ghg-per-kg-poore (2010 values),2018-06-01,2018-06-01,,GLOBAL,1,2026-10-03 00:00:00,2026-10-03 00:00:00
1656,Wines from Portugal - Wine,7,7581,Wine,1.790000,"Poore and Nemecek (2018), via Our World in Data",https://ourworldindata.org/grapher/ghg-per-kg-poore,OWID ghg-per-kg-poore (2010 values),2018-06-01,2018-06-01,,GLOBAL,1,2026-10-03 00:00:00,2026-10-03 00:00:00
1657,Wines from South Africa - Wine,7,7582,Wine,1.790000,"Poore and Nemecek (2018), via Our World in Data",https://ourworldindata.org/grapher/ghg-per-kg-poore,OWID ghg-per-kg-poore (2010 values),2018-06-01,2018-06-01,,GLOBAL,1,2026-10-03 00:00:00,2026-10-03 00:00:00
1658,Wines from Spain - Wine,7,7583,Wine,1.790000,"Poore and Nemecek (2018), via Our World in Data",https://ourworldindata.org/grapher/ghg-per-kg-poore,OWID ghg-per-kg-poore (2010 values),2018-06-01,2018-06-01,,GLOBAL,1,2026-10-03 00:00:00,2026-10-03 00:00:00
1659,Winter barley - Barley,14,7584,Barley,1.180000,"Poore and Nemecek (2018), via Our World in Data",https://ourworldindata.org/grapher/ghg-per-kg-poore,OWID ghg-per-kg-poore (2010 values),2018-06-01,2018-06-01,,GLOBAL,1,2026-10-03 00:00:00,2026-10-03 00:00:00
1660,Yakitori chicken skewers - Poultry Meat,2,7592,Poultry Meat,9.870000,"Poore and Nemecek (2018), via Our World in Data",https://ourworldindata.org/grapher/ghg-per-kg-poore,OWID ghg-per-kg-poore (2010 values),2018-06-01,2018-06-01,,GLOBAL,1,2026-10-03 00:00:00,2026-10-03 00:00:00
1661,Yellow cheeses - Cheese,1,7595,Cheese,23.880000,"Poore and Nemecek (2018), via Our World in Data",https://ourworldindata.org/grapher/ghg-per-kg-poore,OWID ghg-per-kg-poore (2010 values),2018-06-01,2018-06-01,,GLOBAL,1,2026-10-03 00:00:00,2026-10-03 00:00:00
1662,Yellow grapefruit pulps - Berries & Grapes,5,7597,Berries & Grapes,1.530000,"Poore and Nemecek (2018), via Our World in Data",https://ourworldindata.org/grapher/ghg-per-kg-poore,OWID ghg-per-kg-poore (2010 values),2018-06-01,2018-06-01,,GLOBAL,1,2026-10-03 00:00:00,2026-10-03 00:00:00
1663,Yellow kiwifruits - Other Fruit,5,7598,Other Fruit,1.050000,"Poore and Nemecek (2018), via Our World in Data",https://ourworldindata.org/grapher/ghg-per-kg-poore,OWID ghg-per-kg-poore (2010 values),2018-06-01,2018-06-01,,GLOBAL,1,2026-10-03 00:00:00,2026-10-03 00:00:00
1664,Yellow sweet peppers - Other Vegetables,4,7601,Other Vegetables,0.530000,"Poore and Nemecek (2018), via Our World in Data",https://ourworldindata.org/grapher/ghg-per-kg-poore,OWID ghg-per-kg-poore (2010 values),2018-06-01,2018-06-01,,GLOBAL,1,2026-10-03 00:00:00,2026-10-03 00:00:00
1665,Young Goudas - Cheese,1,7622,Cheese,23.880000,"Poore and Nemecek (2018), via Our World in Data",https://ourworldindata.org/grapher/ghg-per-kg-poore,OWID ghg-per-kg-poore (2010 values),2018-06-01,2018-06-01,,GLOBAL,1,2026-10-03 00:00:00,2026-10-03 00:00:00
1666,Young Goudas with herbs - Cheese,1,7623,Cheese,23.880000,"Poore and Nemecek (2018), via Our World in Data",https://ourworldindata.org/grapher/ghg-per-kg-poore,OWID ghg-per-kg-poore (2010 values),2018-06-01,2018-06-01,,GLOBAL,1,2026-10-03 00:00:00,2026-10-03 00:00:00
1667,Young matured Goudas - Cheese,1,7624,Cheese,23.880000,"Poore and Nemecek (2018), via Our World in Data",https://ourworldindata.org/grapher/ghg-per-kg-poore,OWID ghg-per-kg-poore (2010 values),2018-06-01,2018-06-01,,GLOBAL,1,2026-10-03 00:00:00,2026-10-03 00:00:00
1668,Yuzu - Other Fruit,5,7626,Other Fruit,1.050000,"Poore and Nemecek (2018), via Our World in Data",https://ourworldindata.org/grapher/ghg-per-kg-poore,OWID ghg-per-kg-poore (2010 values),2018-06-01,2018-06-01,,GLOBAL,1,2026-10-03 00:00:00,2026-10-03 00:00:00
1669,Zucchini - Other Vegetables,4,7631,Other Vegetables,0.530000,"Poore and Nemecek (2018), via Our World in Data",https://ourworldindata.org/grapher/ghg-per-kg-poore,OWID ghg-per-kg-poore (2010 values),2018-06-01,2018-06-01,,GLOBAL,1,2026-10-03 00:00:00,2026-10-03 00:00:00
1670,Dressed Chicken - Standard - Poultry Meat,2,7635,Poultry Meat,9.870000,"Poore and Nemecek (2018), via Our World in Data",https://ourworldindata.org/grapher/ghg-per-kg-poore,OWID ghg-per-kg-poore (2010 values),2018-06-01,2018-06-01,,GLOBAL,1,2026-10-03 00:00:00,2026-10-03 00:00:00
1671,Dressed Chicken - Super - Poultry Meat,2,7636,Poultry Meat,9.870000,"Poore and Nemecek (2018), via Our World in Data",https://ourworldindata.org/grapher/ghg-per-kg-poore,OWID ghg-per-kg-poore (2010 values),2018-06-01,2018-06-01,,GLOBAL,1,2026-10-03 00:00:00,2026-10-03 00:00:00
1672,Imported Mutton (With Bones) (Australia - Boxed) - Lamb & Mutton,2,7637,Lamb & Mutton,39.720000,"Poore and Nemecek (2018), via Our World in Data",https://ourworldindata.org/grapher/ghg-per-kg-poore,OWID ghg-per-kg-poore (2010 values),2018-06-01,2018-06-01,,GLOBAL,1,2026-10-03 00:00:00,2026-10-03 00:00:00
1673,Imported Mutton (With Bones) (New Zealand - Box) - Lamb & Mutton,2,7638,Lamb & Mutton,39.720000,"Poore and Nemecek (2018), via Our World in Data",https://ourworldindata.org/grapher/ghg-per-kg-poore,OWID ghg-per-kg-poore (2010 values),2018-06-01,2018-06-01,,GLOBAL,1,2026-10-03 00:00:00,2026-10-03 00:00:00
1674,Imported Mutton (Boneless) (Excluding Leg - Australia) - Lamb & Mutton,2,7639,Lamb & Mutton,39.720000,"Poore and Nemecek (2018), via Our World in Data",https://ourworldindata.org/grapher/ghg-per-kg-poore,OWID ghg-per-kg-poore (2010 values),2018-06-01,2018-06-01,,GLOBAL,1,2026-10-03 00:00:00,2026-10-03 00:00:00
1675,Imported Mutton (Boneless) (Excluding Leg - New Zealand) - Lamb & Mutton,2,7640,Lamb & Mutton,39.720000,"Poore and Nemecek (2018), via Our World in Data",https://ourworldindata.org/grapher/ghg-per-kg-poore,OWID ghg-per-kg-poore (2010 values),2018-06-01,2018-06-01,,GLOBAL,1,2026-10-03 00:00:00,2026-10-03 00:00:00
1676,Regular Papaya - Other Fruit,5,7642,Other Fruit,1.050000,"Poore and Nemecek (2018), via Our World in Data",https://ourworldindata.org/grapher/ghg-per-kg-poore,OWID ghg-per-kg-poore (2010 values),2018-06-01,2018-06-01,,GLOBAL,1,2026-10-03 00:00:00,2026-10-03 00:00:00
1677,Berangan Banana - Bananas,5,7643,Bananas,0.860000,"Poore and Nemecek (2018), via Our World in Data",https://ourworldindata.org/grapher/ghg-per-kg-poore,OWID ghg-per-kg-poore (2010 values),2018-06-01,2018-06-01,,GLOBAL,1,2026-10-03 00:00:00,2026-10-03 00:00:00
1678,Lady Finger Banana (Musa Acuminata 'Lady Finger') - Bananas,5,7644,Bananas,0.860000,"Poore and Nemecek (2018), via Our World in Data",https://ourworldindata.org/grapher/ghg-per-kg-poore,OWID ghg-per-kg-poore (2010 values),2018-06-01,2018-06-01,,GLOBAL,1,2026-10-03 00:00:00,2026-10-03 00:00:00
1679,Seeded Red Watermelon - Other Fruit,5,7645,Other Fruit,1.050000,"Poore and Nemecek (2018), via Our World in Data",https://ourworldindata.org/grapher/ghg-per-kg-poore,OWID ghg-per-kg-poore (2010 values),2018-06-01,2018-06-01,,GLOBAL,1,2026-10-03 00:00:00,2026-10-03 00:00:00
1680,Seedless Red Watermelon - Other Fruit,5,7646,Other Fruit,1.050000,"Poore and Nemecek (2018), via Our World in Data",https://ourworldindata.org/grapher/ghg-per-kg-poore,OWID ghg-per-kg-poore (2010 values),2018-06-01,2018-06-01,,GLOBAL,1,2026-10-03 00:00:00,2026-10-03 00:00:00
1681,Red Dragon Fruit - Other Fruit,5,7647,Other Fruit,1.050000,"Poore and Nemecek (2018), via Our World in Data",https://ourworldindata.org/grapher/ghg-per-kg-poore,OWID ghg-per-kg-poore (2010 values),2018-06-01,2018-06-01,,GLOBAL,1,2026-10-03 00:00:00,2026-10-03 00:00:00
1682,Regular Pineapple (Josapine/Morris/Sarawak) - Other Fruit,5,7648,Other Fruit,1.050000,"Poore and Nemecek (2018), via Our World in Data",https://ourworldindata.org/grapher/ghg-per-kg-poore,OWID ghg-per-kg-poore (2010 values),2018-06-01,2018-06-01,,GLOBAL,1,2026-10-03 00:00:00,2026-10-03 00:00:00
1683,Seeded Green Grapes - Berries & Grapes,5,7649,Berries & Grapes,1.530000,"Poore and Nemecek (2018), via Our World in Data",https://ourworldindata.org/grapher/ghg-per-kg-poore,OWID ghg-per-kg-poore (2010 values),2018-06-01,2018-06-01,,GLOBAL,1,2026-10-03 00:00:00,2026-10-03 00:00:00
1684,Seeded Red Grapes - Berries & Grapes,5,7650,Berries & Grapes,1.530000,"Poore and Nemecek (2018), via Our World in Data",https://ourworldindata.org/grapher/ghg-per-kg-poore,OWID ghg-per-kg-poore (2010 values),2018-06-01,2018-06-01,,GLOBAL,1,2026-10-03 00:00:00,2026-10-03 00:00:00
1685,Yellow Lai (Size M) - Other Fruit,5,7651,Other Fruit,1.050000,"Poore and Nemecek (2018), via Our World in Data",https://ourworldindata.org/grapher/ghg-per-kg-poore,OWID ghg-per-kg-poore (2010 values),2018-06-01,2018-06-01,,GLOBAL,1,2026-10-03 00:00:00,2026-10-03 00:00:00
1686,Seeded Guava - Other Fruit,5,7652,Other Fruit,1.050000,"Poore and Nemecek (2018), via Our World in Data",https://ourworldindata.org/grapher/ghg-per-kg-poore,OWID ghg-per-kg-poore (2010 values),2018-06-01,2018-06-01,,GLOBAL,1,2026-10-03 00:00:00,2026-10-03 00:00:00
1687,Seedless Guava - Other Fruit,5,7653,Other Fruit,1.050000,"Poore and Nemecek (2018), via Our World in Data",https://ourworldindata.org/grapher/ghg-per-kg-poore,OWID ghg-per-kg-poore (2010 values),2018-06-01,2018-06-01,,GLOBAL,1,2026-10-03 00:00:00,2026-10-03 00:00:00
1688,Red Chili - Kulai - Other Vegetables,4,7662,Other Vegetables,0.530000,"Poore and Nemecek (2018), via Our World in Data",https://ourworldindata.org/grapher/ghg-per-kg-poore,OWID ghg-per-kg-poore (2010 values),2018-06-01,2018-06-01,,GLOBAL,1,2026-10-03 00:00:00,2026-10-03 00:00:00
1689,Red Chili - Minyak - Other Vegetables,4,7663,Other Vegetables,0.530000,"Poore and Nemecek (2018), via Our World in Data",https://ourworldindata.org/grapher/ghg-per-kg-poore,OWID ghg-per-kg-poore (2010 values),2018-06-01,2018-06-01,,GLOBAL,1,2026-10-03 00:00:00,2026-10-03 00:00:00
1690,Wet Ginger (Mature) - Other Vegetables,4,7664,Other Vegetables,0.530000,"Poore and Nemecek (2018), via Our World in Data",https://ourworldindata.org/grapher/ghg-per-kg-poore,OWID ghg-per-kg-poore (2010 values),2018-06-01,2018-06-01,,GLOBAL,1,2026-10-03 00:00:00,2026-10-03 00:00:00
1691,Okra/Ladies' Finger - Other Vegetables,4,7665,Other Vegetables,0.530000,"Poore and Nemecek (2018), via Our World in Data",https://ourworldindata.org/grapher/ghg-per-kg-poore,OWID ghg-per-kg-poore (2010 values),2018-06-01,2018-06-01,,GLOBAL,1,2026-10-03 00:00:00,2026-10-03 00:00:00
1692,Green/French Beans - Other Vegetables,4,7666,Other Vegetables,0.530000,"Poore and Nemecek (2018), via Our World in Data",https://ourworldindata.org/grapher/ghg-per-kg-poore,OWID ghg-per-kg-poore (2010 values),2018-06-01,2018-06-01,,GLOBAL,1,2026-10-03 00:00:00,2026-10-03 00:00:00
1693,Long/Asparagus Beans - Other Vegetables,4,7667,Other Vegetables,0.530000,"Poore and Nemecek (2018), via Our World in Data",https://ourworldindata.org/grapher/ghg-per-kg-poore,OWID ghg-per-kg-poore (2010 values),2018-06-01,2018-06-01,,GLOBAL,1,2026-10-03 00:00:00,2026-10-03 00:00:00
1694,Whole Coconut - Other Fruit,5,7668,Other Fruit,1.050000,"Poore and Nemecek (2018), via Our World in Data",https://ourworldindata.org/grapher/ghg-per-kg-poore,OWID ghg-per-kg-poore (2010 values),2018-06-01,2018-06-01,,GLOBAL,1,2026-10-03 00:00:00,2026-10-03 00:00:00
1695,Grated Coconut Palm (Regular) - Other Fruit,5,7669,Other Fruit,1.050000,"Poore and Nemecek (2018), via Our World in Data",https://ourworldindata.org/grapher/ghg-per-kg-poore,OWID ghg-per-kg-poore (2010 values),2018-06-01,2018-06-01,,GLOBAL,1,2026-10-03 00:00:00,2026-10-03 00:00:00
1696,Imported Round Cabbage (China) - Brassicas,4,7671,Brassicas,0.510000,"Poore and Nemecek (2018), via Our World in Data",https://ourworldindata.org/grapher/ghg-per-kg-poore,OWID ghg-per-kg-poore (2010 values),2018-06-01,2018-06-01,,GLOBAL,1,2026-10-03 00:00:00,2026-10-03 00:00:00
1697,Round Cabbage (Local) - Brassicas,4,7672,Brassicas,0.510000,"Poore and Nemecek (2018), via Our World in Data",https://ourworldindata.org/grapher/ghg-per-kg-poore,OWID ghg-per-kg-poore (2010 values),2018-06-01,2018-06-01,,GLOBAL,1,2026-10-03 00:00:00,2026-10-03 00:00:00
1698,Fresh Turmeric - Other Vegetables,4,7673,Other Vegetables,0.530000,"Poore and Nemecek (2018), via Our World in Data",https://ourworldindata.org/grapher/ghg-per-kg-poore,OWID ghg-per-kg-poore (2010 values),2018-06-01,2018-06-01,,GLOBAL,1,2026-10-03 00:00:00,2026-10-03 00:00:00
1699,Chicken Eggs Grade A (Weight 65.0 Gm To 69.9 Gm Each) - Eggs,18,7674,Eggs,4.670000,"Poore and Nemecek (2018), via Our World in Data",https://ourworldindata.org/grapher/ghg-per-kg-poore,OWID ghg-per-kg-poore (2010 values),2018-06-01,2018-06-01,,GLOBAL,1,2026-10-03 00:00:00,2026-10-03 00:00:00
1700,Chicken Eggs Grade B (Weight 60.0 Gm To 64.9 Gm) - Eggs,18,7675,Eggs,4.670000,"Poore and Nemecek (2018), via Our World in Data",https://ourworldindata.org/grapher/ghg-per-kg-poore,OWID ghg-per-kg-poore (2010 values),2018-06-01,2018-06-01,,GLOBAL,1,2026-10-03 00:00:00,2026-10-03 00:00:00
1701,Chicken Eggs Grade C (Weight 55.0 Gm To 59.9 Gm Each) - Eggs,18,7676,Eggs,4.670000,"Poore and Nemecek (2018), via Our World in Data",https://ourworldindata.org/grapher/ghg-per-kg-poore,OWID ghg-per-kg-poore (2010 values),2018-06-01,2018-06-01,,GLOBAL,1,2026-10-03 00:00:00,2026-10-03 00:00:00
1702,Big Yellow/Holland Onion - Onions & Leeks,4,7677,Onions & Leeks,0.500000,"Poore and Nemecek (2018), via Our World in Data",https://ourworldindata.org/grapher/ghg-per-kg-poore,OWID ghg-per-kg-poore (2010 values),2018-06-01,2018-06-01,,GLOBAL,1,2026-10-03 00:00:00,2026-10-03 00:00:00
1703,Imported Rose Shallots (India) - Onions & Leeks,4,7678,Onions & Leeks,0.500000,"Poore and Nemecek (2018), via Our World in Data",https://ourworldindata.org/grapher/ghg-per-kg-poore,OWID ghg-per-kg-poore (2010 values),2018-06-01,2018-06-01,,GLOBAL,1,2026-10-03 00:00:00,2026-10-03 00:00:00
1704,Imported Shallots (Thailand) - Onions & Leeks,4,7679,Onions & Leeks,0.500000,"Poore and Nemecek (2018), via Our World in Data",https://ourworldindata.org/grapher/ghg-per-kg-poore,OWID ghg-per-kg-poore (2010 values),2018-06-01,2018-06-01,,GLOBAL,1,2026-10-03 00:00:00,2026-10-03 00:00:00
1705,Mainland Chesdale Cheddar Cheese Spread 12 Cheddar - Cheese,1,7683,Cheese,23.880000,"Poore and Nemecek (2018), via Our World in Data",https://ourworldindata.org/grapher/ghg-per-kg-poore,OWID ghg-per-kg-poore (2010 values),2018-06-01,2018-06-01,,GLOBAL,1,2026-10-03 00:00:00,2026-10-03 00:00:00
1706,Peanuts (Imported) - Groundnuts,14,7710,Groundnuts,3.230000,"Poore and Nemecek (2018), via Our World in Data",https://ourworldindata.org/grapher/ghg-per-kg-poore,OWID ghg-per-kg-poore (2010 values),2018-06-01,2018-06-01,,GLOBAL,1,2026-10-03 00:00:00,2026-10-03 00:00:00
1707,Green Bird's Eye Chili - Other Vegetables,4,7711,Other Vegetables,0.530000,"Poore and Nemecek (2018), via Our World in Data",https://ourworldindata.org/grapher/ghg-per-kg-poore,OWID ghg-per-kg-poore (2010 values),2018-06-01,2018-06-01,,GLOBAL,1,2026-10-03 00:00:00,2026-10-03 00:00:00
1708,Holland Potato - Potatoes,4,7716,Potatoes,0.460000,"Poore and Nemecek (2018), via Our World in Data",https://ourworldindata.org/grapher/ghg-per-kg-poore,OWID ghg-per-kg-poore (2010 values),2018-06-01,2018-06-01,,GLOBAL,1,2026-10-03 00:00:00,2026-10-03 00:00:00
1709,Rambutan Brand Super Rice 5% (Imported) - Rice,14,7719,Rice,4.450000,"Poore and Nemecek (2018), via Our World in Data",https://ourworldindata.org/grapher/ghg-per-kg-poore,OWID ghg-per-kg-poore (2010 values),2018-06-01,2018-06-01,,GLOBAL,1,2026-10-03 00:00:00,2026-10-03 00:00:00
1710,"Ngp Wheat Flour (Packed, Sauh Brand) - Wheat & Rye",14,7720,Wheat & Rye,1.570000,"Poore and Nemecek (2018), via Our World in Data",https://ourworldindata.org/grapher/ghg-per-kg-poore,OWID ghg-per-kg-poore (2010 values),2018-06-01,2018-06-01,,GLOBAL,1,2026-10-03 00:00:00,2026-10-03 00:00:00
1711,Jati Brand Rice (Sst5%) - Rice,14,7722,Rice,4.450000,"Poore and Nemecek (2018), via Our World in Data",https://ourworldindata.org/grapher/ghg-per-kg-poore,OWID ghg-per-kg-poore (2010 values),2018-06-01,2018-06-01,,GLOBAL,1,2026-10-03 00:00:00,2026-10-03 00:00:00
1712,Chicken Eggs Grade A - Eggs,18,7726,Eggs,4.670000,"Poore and Nemecek (2018), via Our World in Data",https://ourworldindata.org/grapher/ghg-per-kg-poore,OWID ghg-per-kg-poore (2010 values),2018-06-01,2018-06-01,,GLOBAL,1,2026-10-03 00:00:00,2026-10-03 00:00:00
1713,Chicken Eggs Grade B - Eggs,18,7727,Eggs,4.670000,"Poore and Nemecek (2018), via Our World in Data",https://ourworldindata.org/grapher/ghg-per-kg-poore,OWID ghg-per-kg-poore (2010 values),2018-06-01,2018-06-01,,GLOBAL,1,2026-10-03 00:00:00,2026-10-03 00:00:00
1714,Chicken Eggs Grade C - Eggs,18,7728,Eggs,4.670000,"Poore and Nemecek (2018), via Our World in Data",https://ourworldindata.org/grapher/ghg-per-kg-poore,OWID ghg-per-kg-poore (2010 values),2018-06-01,2018-06-01,,GLOBAL,1,2026-10-03 00:00:00,2026-10-03 00:00:00
1715,Green Capsicum - Other Vegetables,4,7729,Other Vegetables,0.530000,"Poore and Nemecek (2018), via Our World in Data",https://ourworldindata.org/grapher/ghg-per-kg-poore,OWID ghg-per-kg-poore (2010 values),2018-06-01,2018-06-01,,GLOBAL,1,2026-10-03 00:00:00,2026-10-03 00:00:00
1716,Imported Potato (China) - Potatoes,4,7730,Potatoes,0.460000,"Poore and Nemecek (2018), via Our World in Data",https://ourworldindata.org/grapher/ghg-per-kg-poore,OWID ghg-per-kg-poore (2010 values),2018-06-01,2018-06-01,,GLOBAL,1,2026-10-03 00:00:00,2026-10-03 00:00:00
1717,Imported Bone-In Goat/Mutton Leg (Mutton) (Australia) - Lamb & Mutton,2,7739,Lamb & Mutton,39.720000,"Poore and Nemecek (2018), via Our World in Data",https://ourworldindata.org/grapher/ghg-per-kg-poore,OWID ghg-per-kg-poore (2010 values),2018-06-01,2018-06-01,,GLOBAL,1,2026-10-03 00:00:00,2026-10-03 00:00:00
1718,Imported Bone-In Goat/Mutton Leg (Mutton) (New Zealand) - Lamb & Mutton,2,7740,Lamb & Mutton,39.720000,"Poore and Nemecek (2018), via Our World in Data",https://ourworldindata.org/grapher/ghg-per-kg-poore,OWID ghg-per-kg-poore (2010 values),2018-06-01,2018-06-01,,GLOBAL,1,2026-10-03 00:00:00,2026-10-03 00:00:00
1719,Imported Beef (Topside) - Beef (beef herd),2,7742,Beef (beef herd),99.480000,"Poore and Nemecek (2018), via Our World in Data",https://ourworldindata.org/grapher/ghg-per-kg-poore,OWID ghg-per-kg-poore (2010 values),2018-06-01,2018-06-01,,GLOBAL,1,2026-10-03 00:00:00,2026-10-03 00:00:00
1720,Imported Beef (Blade) - Beef (beef herd),2,7743,Beef (beef herd),99.480000,"Poore and Nemecek (2018), via Our World in Data",https://ourworldindata.org/grapher/ghg-per-kg-poore,OWID ghg-per-kg-poore (2010 values),2018-06-01,2018-06-01,,GLOBAL,1,2026-10-03 00:00:00,2026-10-03 00:00:00
1721,Imported Beef (Chuck Tender) - Beef (beef herd),2,7744,Beef (beef herd),99.480000,"Poore and Nemecek (2018), via Our World in Data",https://ourworldindata.org/grapher/ghg-per-kg-poore,OWID ghg-per-kg-poore (2010 values),2018-06-01,2018-06-01,,GLOBAL,1,2026-10-03 00:00:00,2026-10-03 00:00:00
1722,Imported Beef (Knuckle) - Beef (beef herd),2,7745,Beef (beef herd),99.480000,"Poore and Nemecek (2018), via Our World in Data",https://ourworldindata.org/grapher/ghg-per-kg-poore,OWID ghg-per-kg-poore (2010 values),2018-06-01,2018-06-01,,GLOBAL,1,2026-10-03 00:00:00,2026-10-03 00:00:00
1723,Pork (Lean & Fat) - Pig Meat,2,7750,Pig Meat,12.310000,"Poore and Nemecek (2018), via Our World in Data",https://ourworldindata.org/grapher/ghg-per-kg-poore,OWID ghg-per-kg-poore (2010 values),2018-06-01,2018-06-01,,GLOBAL,1,2026-10-03 00:00:00,2026-10-03 00:00:00
1724,Imported Round Cabbage (Indonesia) - Brassicas,4,7752,Brassicas,0.510000,"Poore and Nemecek (2018), via Our World in Data",https://ourworldindata.org/grapher/ghg-per-kg-poore,OWID ghg-per-kg-poore (2010 values),2018-06-01,2018-06-01,,GLOBAL,1,2026-10-03 00:00:00,2026-10-03 00:00:00
1725,Imported Leek - Onions & Leeks,4,7753,Onions & Leeks,0.500000,"Poore and Nemecek (2018), via Our World in Data",https://ourworldindata.org/grapher/ghg-per-kg-poore,OWID ghg-per-kg-poore (2010 values),2018-06-01,2018-06-01,,GLOBAL,1,2026-10-03 00:00:00,2026-10-03 00:00:00
1726,Chinese Long Cabbage - Large - Brassicas,4,7754,Brassicas,0.510000,"Poore and Nemecek (2018), via Our World in Data",https://ourworldindata.org/grapher/ghg-per-kg-poore,OWID ghg-per-kg-poore (2010 values),2018-06-01,2018-06-01,,GLOBAL,1,2026-10-03 00:00:00,2026-10-03 00:00:00
1727,Regular Dhal (India) - Other Pulses,14,7755,Other Pulses,1.790000,"Poore and Nemecek (2018), via Our World in Data",https://ourworldindata.org/grapher/ghg-per-kg-poore,OWID ghg-per-kg-poore (2010 values),2018-06-01,2018-06-01,,GLOBAL,1,2026-10-03 00:00:00,2026-10-03 00:00:00
1728,Malavi Dhal (India) - Other Pulses,14,7756,Other Pulses,1.790000,"Poore and Nemecek (2018), via Our World in Data",https://ourworldindata.org/grapher/ghg-per-kg-poore,OWID ghg-per-kg-poore (2010 values),2018-06-01,2018-06-01,,GLOBAL,1,2026-10-03 00:00:00,2026-10-03 00:00:00
1729,Dhal (Australia) - Other Pulses,14,7757,Other Pulses,1.790000,"Poore and Nemecek (2018), via Our World in Data",https://ourworldindata.org/grapher/ghg-per-kg-poore,OWID ghg-per-kg-poore (2010 values),2018-06-01,2018-06-01,,GLOBAL,1,2026-10-03 00:00:00,2026-10-03 00:00:00
1730,Local Beef (Part 1 Leg Meat (Excluding Tenderloin)) - Beef (beef herd),2,7758,Beef (beef herd),99.480000,"Poore and Nemecek (2018), via Our World in Data",https://ourworldindata.org/grapher/ghg-per-kg-poore,OWID ghg-per-kg-poore (2010 values),2018-06-01,2018-06-01,,GLOBAL,1,2026-10-03 00:00:00,2026-10-03 00:00:00
1731,Local Beef (Part 2 Hard/Lean Meat (Excluding Tenderloin)) - Beef (beef herd),2,7759,Beef (beef herd),99.480000,"Poore and Nemecek (2018), via Our World in Data",https://ourworldindata.org/grapher/ghg-per-kg-poore,OWID ghg-per-kg-poore (2010 values),2018-06-01,2018-06-01,,GLOBAL,1,2026-10-03 00:00:00,2026-10-03 00:00:00
1732,Imported Big Onion (India) - Onions & Leeks,4,7763,Onions & Leeks,0.500000,"Poore and Nemecek (2018), via Our World in Data",https://ourworldindata.org/grapher/ghg-per-kg-poore,OWID ghg-per-kg-poore (2010 values),2018-06-01,2018-06-01,,GLOBAL,1,2026-10-03 00:00:00,2026-10-03 00:00:00
1733,Imported Big Onion (China) - Onions & Leeks,4,7764,Onions & Leeks,0.500000,"Poore and Nemecek (2018), via Our World in Data",https://ourworldindata.org/grapher/ghg-per-kg-poore,OWID ghg-per-kg-poore (2010 values),2018-06-01,2018-06-01,,GLOBAL,1,2026-10-03 00:00:00,2026-10-03 00:00:00
1734,Imported Regular Shallots (India) - Onions & Leeks,4,7765,Onions & Leeks,0.500000,"Poore and Nemecek (2018), via Our World in Data",https://ourworldindata.org/grapher/ghg-per-kg-poore,OWID ghg-per-kg-poore (2010 values),2018-06-01,2018-06-01,,GLOBAL,1,2026-10-03 00:00:00,2026-10-03 00:00:00
1735,Imported Shallots (China) - Onions & Leeks,4,7766,Onions & Leeks,0.500000,"Poore and Nemecek (2018), via Our World in Data",https://ourworldindata.org/grapher/ghg-per-kg-poore,OWID ghg-per-kg-poore (2010 values),2018-06-01,2018-06-01,,GLOBAL,1,2026-10-03 00:00:00,2026-10-03 00:00:00
1736,Imported Shallots (Myanmar) - Onions & Leeks,4,7767,Onions & Leeks,0.500000,"Poore and Nemecek (2018), via Our World in Data",https://ourworldindata.org/grapher/ghg-per-kg-poore,OWID ghg-per-kg-poore (2010 values),2018-06-01,2018-06-01,,GLOBAL,1,2026-10-03 00:00:00,2026-10-03 00:00:00
1737,Faiza Emas Brand Rice (Sst5%) - Rice,14,7768,Rice,4.450000,"Poore and Nemecek (2018), via Our World in Data",https://ourworldindata.org/grapher/ghg-per-kg-poore,OWID ghg-per-kg-poore (2010 values),2018-06-01,2018-06-01,,GLOBAL,1,2026-10-03 00:00:00,2026-10-03 00:00:00
1738,Imported Round Cabbage (Beijing) - Brassicas,4,7769,Brassicas,0.510000,"Poore and Nemecek (2018), via Our World in Data",https://ourworldindata.org/grapher/ghg-per-kg-poore,OWID ghg-per-kg-poore (2010 values),2018-06-01,2018-06-01,,GLOBAL,1,2026-10-03 00:00:00,2026-10-03 00:00:00
1739,Long Cabbage (Local) - Brassicas,4,7773,Brassicas,0.510000,"Poore and Nemecek (2018), via Our World in Data",https://ourworldindata.org/grapher/ghg-per-kg-poore,OWID ghg-per-kg-poore (2010 values),2018-06-01,2018-06-01,,GLOBAL,1,2026-10-03 00:00:00,2026-10-03 00:00:00
1740,Thai Glutinous Rice (Milk) Assorted Brands - Rice,14,7776,Rice,4.450000,"Poore and Nemecek (2018), via Our World in Data",https://ourworldindata.org/grapher/ghg-per-kg-poore,OWID ghg-per-kg-poore (2010 values),2018-06-01,2018-06-01,,GLOBAL,1,2026-10-03 00:00:00,2026-10-03 00:00:00
1741,Thai Glutinous Rice (Regular) Assorted Brands - Rice,14,7777,Rice,4.450000,"Poore and Nemecek (2018), via Our World in Data",https://ourworldindata.org/grapher/ghg-per-kg-poore,OWID ghg-per-kg-poore (2010 values),2018-06-01,2018-06-01,,GLOBAL,1,2026-10-03 00:00:00,2026-10-03 00:00:00
1742,Chicken Leg (Chicken Drumstick) - Poultry Meat,2,7784,Poultry Meat,9.870000,"Poore and Nemecek (2018), via Our World in Data",https://ourworldindata.org/grapher/ghg-per-kg-poore,OWID ghg-per-kg-poore (2010 values),2018-06-01,2018-06-01,,GLOBAL,1,2026-10-03 00:00:00,2026-10-03 00:00:00
1743,Chicken Breast (Chicken Keel) - Poultry Meat,2,7785,Poultry Meat,9.870000,"Poore and Nemecek (2018), via Our World in Data",https://ourworldindata.org/grapher/ghg-per-kg-poore,OWID ghg-per-kg-poore (2010 values),2018-06-01,2018-06-01,,GLOBAL,1,2026-10-03 00:00:00,2026-10-03 00:00:00
1744,Whole Chicken Leg - Poultry Meat,2,7786,Poultry Meat,9.870000,"Poore and Nemecek (2018), via Our World in Data",https://ourworldindata.org/grapher/ghg-per-kg-poore,OWID ghg-per-kg-poore (2010 values),2018-06-01,2018-06-01,,GLOBAL,1,2026-10-03 00:00:00,2026-10-03 00:00:00
1745,White Prawn/Vannamei (Farmed) (Between 41 And 60 Pcs Per Kilogram) - Prawns (farmed),3,7788,Prawns (farmed),26.870000,"Poore and Nemecek (2018), via Our World in Data",https://ourworldindata.org/grapher/ghg-per-kg-poore,OWID ghg-per-kg-poore (2010 values),2018-06-01,2018-06-01,,GLOBAL,1,2026-10-03 00:00:00,2026-10-03 00:00:00
1746,Green Spinach - Other Vegetables,4,7789,Other Vegetables,0.530000,"Poore and Nemecek (2018), via Our World in Data",https://ourworldindata.org/grapher/ghg-per-kg-poore,OWID ghg-per-kg-poore (2010 values),2018-06-01,2018-06-01,,GLOBAL,1,2026-10-03 00:00:00,2026-10-03 00:00:00
1747,Green Mustard Greens - Brassicas,4,7790,Brassicas,0.510000,"Poore and Nemecek (2018), via Our World in Data",https://ourworldindata.org/grapher/ghg-per-kg-poore,OWID ghg-per-kg-poore (2010 values),2018-06-01,2018-06-01,,GLOBAL,1,2026-10-03 00:00:00,2026-10-03 00:00:00
1748,Water Spinach (Kangkung) - Other Vegetables,4,7791,Other Vegetables,0.530000,"Poore and Nemecek (2018), via Our World in Data",https://ourworldindata.org/grapher/ghg-per-kg-poore,OWID ghg-per-kg-poore (2010 values),2018-06-01,2018-06-01,,GLOBAL,1,2026-10-03 00:00:00,2026-10-03 00:00:00
1749,Kailan (Chinese Kale) - Brassicas,4,7792,Brassicas,0.510000,"Poore and Nemecek (2018), via Our World in Data",https://ourworldindata.org/grapher/ghg-per-kg-poore,OWID ghg-per-kg-poore (2010 values),2018-06-01,2018-06-01,,GLOBAL,1,2026-10-03 00:00:00,2026-10-03 00:00:00
1750,Imported Garlic (China) - Other Vegetables,4,7795,Other Vegetables,0.530000,"Poore and Nemecek (2018), via Our World in Data",https://ourworldindata.org/grapher/ghg-per-kg-poore,OWID ghg-per-kg-poore (2010 values),2018-06-01,2018-06-01,,GLOBAL,1,2026-10-03 00:00:00,2026-10-03 00:00:00
1751,Rambutan Brand Rice (Sst5%) - Rice,14,7800,Rice,4.450000,"Poore and Nemecek (2018), via Our World in Data",https://ourworldindata.org/grapher/ghg-per-kg-poore,OWID ghg-per-kg-poore (2010 values),2018-06-01,2018-06-01,,GLOBAL,1,2026-10-03 00:00:00,2026-10-03 00:00:00
1752,Jasmine Brand Rice (Sst5%) - Rice,14,7801,Rice,4.450000,"Poore and Nemecek (2018), via Our World in Data",https://ourworldindata.org/grapher/ghg-per-kg-poore,OWID ghg-per-kg-poore (2010 values),2018-06-01,2018-06-01,,GLOBAL,1,2026-10-03 00:00:00,2026-10-03 00:00:00
1753,Jati Twr 5% Brand Super Rice (Imported) - Rice,14,7802,Rice,4.450000,"Poore and Nemecek (2018), via Our World in Data",https://ourworldindata.org/grapher/ghg-per-kg-poore,OWID ghg-per-kg-poore (2010 values),2018-06-01,2018-06-01,,GLOBAL,1,2026-10-03 00:00:00,2026-10-03 00:00:00
1754,Yeo's Soya (Box) - Soy milk,7,7819,Soy milk,0.980000,"Poore and Nemecek (2018), via Our World in Data",https://ourworldindata.org/grapher/ghg-per-kg-poore,OWID ghg-per-kg-poore (2010 values),2018-06-01,2018-06-01,,GLOBAL,1,2026-10-03 00:00:00,2026-10-03 00:00:00
1755,Imported White Rice Sabah Rice Vagas Tokou - Rice,14,7820,Rice,4.450000,"Poore and Nemecek (2018), via Our World in Data",https://ourworldindata.org/grapher/ghg-per-kg-poore,OWID ghg-per-kg-poore (2010 values),2018-06-01,2018-06-01,,GLOBAL,1,2026-10-03 00:00:00,2026-10-03 00:00:00
1756,Tkc Sabah Rice Tqr 5% Brand - Rice,14,7821,Rice,4.450000,"Poore and Nemecek (2018), via Our World in Data",https://ourworldindata.org/grapher/ghg-per-kg-poore,OWID ghg-per-kg-poore (2010 values),2018-06-01,2018-06-01,,GLOBAL,1,2026-10-03 00:00:00,2026-10-03 00:00:00
1757,Tkc Super Huma Kelisa Emas Brand Rice (Sabah) - Rice,14,7822,Rice,4.450000,"Poore and Nemecek (2018), via Our World in Data",https://ourworldindata.org/grapher/ghg-per-kg-poore,OWID ghg-per-kg-poore (2010 values),2018-06-01,2018-06-01,,GLOBAL,1,2026-10-03 00:00:00,2026-10-03 00:00:00
1758,Sazarice Super Anggur Brand Rice (Imported White Rice) - Rice,14,7823,Rice,4.450000,"Poore and Nemecek (2018), via Our World in Data",https://ourworldindata.org/grapher/ghg-per-kg-poore,OWID ghg-per-kg-poore (2010 values),2018-06-01,2018-06-01,,GLOBAL,1,2026-10-03 00:00:00,2026-10-03 00:00:00
1759,Sazarice Super Roda Brand Rice (Imported White Rice) - Rice,14,7824,Rice,4.450000,"Poore and Nemecek (2018), via Our World in Data",https://ourworldindata.org/grapher/ghg-per-kg-poore,OWID ghg-per-kg-poore (2010 values),2018-06-01,2018-06-01,,GLOBAL,1,2026-10-03 00:00:00,2026-10-03 00:00:00
1760,"Ngp Wheat Flour (Packed, Muhibah Brand) - Wheat & Rye",14,7825,Wheat & Rye,1.570000,"Poore and Nemecek (2018), via Our World in Data",https://ourworldindata.org/grapher/ghg-per-kg-poore,OWID ghg-per-kg-poore (2010 values),2018-06-01,2018-06-01,,GLOBAL,1,2026-10-03 00:00:00,2026-10-03 00:00:00
1761,Bao-Bao Golden Sarawak Brand Rice (Super Import) - Rice,14,7826,Rice,4.450000,"Poore and Nemecek (2018), via Our World in Data",https://ourworldindata.org/grapher/ghg-per-kg-poore,OWID ghg-per-kg-poore (2010 values),2018-06-01,2018-06-01,,GLOBAL,1,2026-10-03 00:00:00,2026-10-03 00:00:00
1762,Uncle Tan Brand Premium Rice (Super Import) - Rice,14,7827,Rice,4.450000,"Poore and Nemecek (2018), via Our World in Data",https://ourworldindata.org/grapher/ghg-per-kg-poore,OWID ghg-per-kg-poore (2010 values),2018-06-01,2018-06-01,,GLOBAL,1,2026-10-03 00:00:00,2026-10-03 00:00:00
1763,"Ngp Wheat Flour (Packed, Faiza Brand) - Wheat & Rye",14,7829,Wheat & Rye,1.570000,"Poore and Nemecek (2018), via Our World in Data",https://ourworldindata.org/grapher/ghg-per-kg-poore,OWID ghg-per-kg-poore (2010 values),2018-06-01,2018-06-01,,GLOBAL,1,2026-10-03 00:00:00,2026-10-03 00:00:00
1764,Imported Beef (Block) - Beef (beef herd),2,7835,Beef (beef herd),99.480000,"Poore and Nemecek (2018), via Our World in Data",https://ourworldindata.org/grapher/ghg-per-kg-poore,OWID ghg-per-kg-poore (2010 values),2018-06-01,2018-06-01,,GLOBAL,1,2026-10-03 00:00:00,2026-10-03 00:00:00
1765,Round Eggplant - Other Vegetables,4,7841,Other Vegetables,0.530000,"Poore and Nemecek (2018), via Our World in Data",https://ourworldindata.org/grapher/ghg-per-kg-poore,OWID ghg-per-kg-poore (2010 values),2018-06-01,2018-06-01,,GLOBAL,1,2026-10-03 00:00:00,2026-10-03 00:00:00
1766,Kasturi Lime (Calamansi) - Citrus Fruit,5,7842,Citrus Fruit,0.390000,"Poore and Nemecek (2018), via Our World in Data",https://ourworldindata.org/grapher/ghg-per-kg-poore,OWID ghg-per-kg-poore (2010 values),2018-06-01,2018-06-01,,GLOBAL,1,2026-10-03 00:00:00,2026-10-03 00:00:00
1767,Imported Big Onion (Pakistan) - Onions & Leeks,4,7844,Onions & Leeks,0.500000,"Poore and Nemecek (2018), via Our World in Data",https://ourworldindata.org/grapher/ghg-per-kg-poore,OWID ghg-per-kg-poore (2010 values),2018-06-01,2018-06-01,,GLOBAL,1,2026-10-03 00:00:00,2026-10-03 00:00:00
1768,3A Boy Brand Premium Rice (Super Import) - Rice,14,7849,Rice,4.450000,"Poore and Nemecek (2018), via Our World in Data",https://ourworldindata.org/grapher/ghg-per-kg-poore,OWID ghg-per-kg-poore (2010 values),2018-06-01,2018-06-01,,GLOBAL,1,2026-10-03 00:00:00,2026-10-03 00:00:00
1769,Farm Fresh Dates Milk - Milk,1,7852,Milk,3.150000,"Poore and Nemecek (2018), via Our World in Data",https://ourworldindata.org/grapher/ghg-per-kg-poore,OWID ghg-per-kg-poore (2010 values),2018-06-01,2018-06-01,,GLOBAL,1,2026-10-03 00:00:00,2026-10-03 00:00:00
1770,Quaker Oats Instant Oatmeals - Oatmeal,14,7854,Oatmeal,2.480000,"Poore and Nemecek (2018), via Our World in Data",https://ourworldindata.org/grapher/ghg-per-kg-poore,OWID ghg-per-kg-poore (2010 values),2018-06-01,2018-06-01,,GLOBAL,1,2026-10-03 00:00:00,2026-10-03 00:00:00
1771,Family Brand Super Import Rice - Rice,14,7858,Rice,4.450000,"Poore and Nemecek (2018), via Our World in Data",https://ourworldindata.org/grapher/ghg-per-kg-poore,OWID ghg-per-kg-poore (2010 values),2018-06-01,2018-06-01,,GLOBAL,1,2026-10-03 00:00:00,2026-10-03 00:00:00
1772,Kuda Hijau Brand Wheat Flour - Wheat & Rye,14,7870,Wheat & Rye,1.570000,"Poore and Nemecek (2018), via Our World in Data",https://ourworldindata.org/grapher/ghg-per-kg-poore,OWID ghg-per-kg-poore (2010 values),2018-06-01,2018-06-01,,GLOBAL,1,2026-10-03 00:00:00,2026-10-03 00:00:00
1773,Faiza Emas Brand White Rice (Imported) - Rice,14,7875,Rice,4.450000,"Poore and Nemecek (2018), via Our World in Data",https://ourworldindata.org/grapher/ghg-per-kg-poore,OWID ghg-per-kg-poore (2010 values),2018-06-01,2018-06-01,,GLOBAL,1,2026-10-03 00:00:00,2026-10-03 00:00:00
1774,Jasmine Super 5 Special Brand Rice (Imported) - Rice,14,7876,Rice,4.450000,"Poore and Nemecek (2018), via Our World in Data",https://ourworldindata.org/grapher/ghg-per-kg-poore,OWID ghg-per-kg-poore (2010 values),2018-06-01,2018-06-01,,GLOBAL,1,2026-10-03 00:00:00,2026-10-03 00:00:00
1775,Short/Japanese Mustard Greens/Siow Pak Choy (1Kg) - Brassicas,4,7877,Brassicas,0.510000,"Poore and Nemecek (2018), via Our World in Data",https://ourworldindata.org/grapher/ghg-per-kg-poore,OWID ghg-per-kg-poore (2010 values),2018-06-01,2018-06-01,,GLOBAL,1,2026-10-03 00:00:00,2026-10-03 00:00:00
1776,White Radish (1Kg) - Root Vegetables,4,7878,Root Vegetables,0.430000,"Poore and Nemecek (2018), via Our World in Data",https://ourworldindata.org/grapher/ghg-per-kg-poore,OWID ghg-per-kg-poore (2010 values),2018-06-01,2018-06-01,,GLOBAL,1,2026-10-03 00:00:00,2026-10-03 00:00:00
1777,Imported Potato (Pakistan) - Potatoes,4,7881,Potatoes,0.460000,"Poore and Nemecek (2018), via Our World in Data",https://ourworldindata.org/grapher/ghg-per-kg-poore,OWID ghg-per-kg-poore (2010 values),2018-06-01,2018-06-01,,GLOBAL,1,2026-10-03 00:00:00,2026-10-03 00:00:00
1778,Banana crisps - Bananas,6,480,Bananas,0.860000,"Poore and Nemecek (2018), via Our World in Data",https://ourworldindata.org/grapher/ghg-per-kg-poore,OWID ghg-per-kg-poore (2010 values),2018-06-01,2018-06-01,,GLOBAL,1,2026-10-03 00:00:00,2026-10-03 00:00:00
1779,Baby food jar with banana - Bananas,11,439,Bananas,0.860000,"Poore and Nemecek (2018), via Our World in Data",https://ourworldindata.org/grapher/ghg-per-kg-poore,OWID ghg-per-kg-poore (2010 values),2018-06-01,2018-06-01,,GLOBAL,1,2026-10-03 00:00:00,2026-10-03 00:00:00
1780,Baguettes - Wheat & Rye,12,456,Wheat & Rye,1.570000,"Poore and Nemecek (2018), via Our World in Data",https://ourworldindata.org/grapher/ghg-per-kg-poore,OWID ghg-per-kg-poore (2010 values),2018-06-01,2018-06-01,,GLOBAL,1,2026-10-03 00:00:00,2026-10-03 00:00:00
1781,Canned peas - Peas,13,1135,Peas,0.980000,"Poore and Nemecek (2018), via Our World in Data",https://ourworldindata.org/grapher/ghg-per-kg-poore,OWID ghg-per-kg-poore (2010 values),2018-06-01,2018-06-01,,GLOBAL,1,2026-10-03 00:00:00,2026-10-03 00:00:00
1782,Bean dishes - Other Pulses,17,526,Other Pulses,1.790000,"Poore and Nemecek (2018), via Our World in Data",https://ourworldindata.org/grapher/ghg-per-kg-poore,OWID ghg-per-kg-poore (2010 values),2018-06-01,2018-06-01,,GLOBAL,1,2026-10-03 00:00:00,2026-10-03 00:00:00
