item_code,source_item_name,source_unit,source_item_group,source_item_category,pantrybuddy_category_id,pantrybuddy_category_name,canonical_product_name,reference_key,reference_status,mapping_method,mapping_status,mapping_note,package_quantity_in_base_unit,base_unit,unit_conversion_status,price_currency,price_observation_count,median_package_price,mean_package_price,minimum_package_price,maximum_package_price,latest_observation_date,latest_day_median_price,median_price_per_base_unit,lookup_source_url,price_source_url
1,DRESSED CHICKEN - STANDARD,1kg,FRESH GOODS,POULTRY,2,Meat,Dressed Chicken - Standard,pricecatcher:496847fc5e93,NEW_REFERENCE_REQUIRED,SOURCE_CATEGORY,MAPPED,Mapped from the PriceCatcher source category.,1.0,kg,CONVERTED,MYR,9506,9.29,9.576517988638756,0.7,91.9,2026-09-11,9.29,9.29,https://storage.data.gov.my/pricecatcher/lookup_item.csv,https://storage.data.gov.my/pricecatcher/pricecatcher_2026-09.csv
2,DRESSED CHICKEN - SUPER,1kg,FRESH GOODS,POULTRY,2,Meat,Dressed Chicken - Super,pricecatcher:3d1afd4447cc,NEW_REFERENCE_REQUIRED,SOURCE_CATEGORY,MAPPED,Mapped from the PriceCatcher source category.,1.0,kg,CONVERTED,MYR,2391,11.69,11.742915098285236,1.99,16.0,2026-09-11,11.8,11.69,https://storage.data.gov.my/pricecatcher/lookup_item.csv,https://storage.data.gov.my/pricecatcher/pricecatcher_2026-09.csv
9,IMPORTED MUTTON (WITH BONES) (AUSTRALIA - BOXED),1kg,FRESH GOODS,MEAT,2,Meat,Imported Mutton (With Bones) (Australia - Boxed),pricecatcher:c4f2ae70919e,NEW_REFERENCE_REQUIRED,SOURCE_CATEGORY,MAPPED,Mapped from the PriceCatcher source category.,1.0,kg,CONVERTED,MYR,173,33.99,34.71965317919075,27.99,48.9,2026-09-07,33.99,33.99,https://storage.data.gov.my/pricecatcher/lookup_item.csv,https://storage.data.gov.my/pricecatcher/pricecatcher_2026-09.csv
10,IMPORTED MUTTON (WITH BONES) (NEW ZEALAND - BOX),1kg,FRESH GOODS,MEAT,2,Meat,Imported Mutton (With Bones) (New Zealand - Box),pricecatcher:0b54507248d2,NEW_REFERENCE_REQUIRED,SOURCE_CATEGORY,MAPPED,Mapped from the PriceCatcher source category.,1.0,kg,CONVERTED,MYR,16,34.495000000000005,34.584375,15.49,42.0,2026-09-07,33.5,34.495000000000005,https://storage.data.gov.my/pricecatcher/lookup_item.csv,https://storage.data.gov.my/pricecatcher/pricecatcher_2026-09.csv
11,IMPORTED MUTTON (BONELESS) (EXCLUDING LEG - AUSTRALIA),1kg,FRESH GOODS,MEAT,2,Meat,Imported Mutton (Boneless) (Excluding Leg - Australia),pricecatcher:04d2602fb018,NEW_REFERENCE_REQUIRED,SOURCE_CATEGORY,MAPPED,Mapped from the PriceCatcher source category.,1.0,kg,CONVERTED,MYR,21,48.0,47.86095238095239,38.9,60.0,2026-09-07,47.59,48.0,https://storage.data.gov.my/pricecatcher/lookup_item.csv,https://storage.data.gov.my/pricecatcher/pricecatcher_2026-09.csv
12,IMPORTED MUTTON (BONELESS) (EXCLUDING LEG - NEW ZEALAND),1kg,FRESH GOODS,MEAT,2,Meat,Imported Mutton (Boneless) (Excluding Leg - New Zealand),pricecatcher:57737b8f85d6,NEW_REFERENCE_REQUIRED,SOURCE_CATEGORY,MAPPED,Mapped from the PriceCatcher source category.,1.0,kg,CONVERTED,MYR,7,48.0,48.41428571428571,40.0,60.0,2026-09-07,46.0,48.0,https://storage.data.gov.my/pricecatcher/lookup_item.csv,https://storage.data.gov.my/pricecatcher/pricecatcher_2026-09.csv
14,IMPORTED BUFFALO MEAT (INDIA) * (TOPSIDE),1kg,FRESH GOODS,MEAT,2,Meat,Imported Buffalo Meat (India) * (Topside),pricecatcher:5b54ec08cc21,NEW_REFERENCE_REQUIRED,SOURCE_CATEGORY,MAPPED,Mapped from the PriceCatcher source category.,1.0,kg,CONVERTED,MYR,262,25.99,25.747709923664125,19.99,32.79,2026-09-07,25.99,25.99,https://storage.data.gov.my/pricecatcher/lookup_item.csv,https://storage.data.gov.my/pricecatcher/pricecatcher_2026-09.csv
16,REGULAR PAPAYA,1kg,FRESH GOODS,FRUITS,5,Fruits,Regular Papaya,pricecatcher:d22fe9162be6,NEW_REFERENCE_REQUIRED,SOURCE_CATEGORY,MAPPED,Mapped from the PriceCatcher source category.,1.0,kg,CONVERTED,MYR,200,7.545,7.495649999999999,3.0,10.9,2026-09-07,7.545,7.545,https://storage.data.gov.my/pricecatcher/lookup_item.csv,https://storage.data.gov.my/pricecatcher/pricecatcher_2026-09.csv
18,BERANGAN BANANA,1kg,FRESH GOODS,FRUITS,5,Fruits,Berangan Banana,pricecatcher:0257c02c1b91,NEW_REFERENCE_REQUIRED,SOURCE_CATEGORY,MAPPED,Mapped from the PriceCatcher source category.,1.0,kg,CONVERTED,MYR,194,7.795,7.655670103092783,4.99,10.2,2026-09-07,7.795,7.795,https://storage.data.gov.my/pricecatcher/lookup_item.csv,https://storage.data.gov.my/pricecatcher/pricecatcher_2026-09.csv
19,LADY FINGER BANANA (MUSA ACUMINATA 'LADY FINGER'),1kg,FRESH GOODS,FRUITS,5,Fruits,Lady Finger Banana (Musa Acuminata 'Lady Finger'),pricecatcher:61783643598f,NEW_REFERENCE_REQUIRED,SOURCE_CATEGORY,MAPPED,Mapped from the PriceCatcher source category.,1.0,kg,CONVERTED,MYR,81,7.9,7.56358024691358,4.49,10.0,2026-09-07,7.9,7.9,https://storage.data.gov.my/pricecatcher/lookup_item.csv,https://storage.data.gov.my/pricecatcher/pricecatcher_2026-09.csv
20,SEEDED RED WATERMELON,1kg,FRESH GOODS,FRUITS,5,Fruits,Seeded Red Watermelon,pricecatcher:5892ad495778,NEW_REFERENCE_REQUIRED,SOURCE_CATEGORY,MAPPED,Mapped from the PriceCatcher source category.,1.0,kg,CONVERTED,MYR,154,4.390000000000001,5.057792207792208,2.49,8.1,2026-09-07,4.390000000000001,4.390000000000001,https://storage.data.gov.my/pricecatcher/lookup_item.csv,https://storage.data.gov.my/pricecatcher/pricecatcher_2026-09.csv
21,SEEDLESS RED WATERMELON,1kg,FRESH GOODS,FRUITS,5,Fruits,Seedless Red Watermelon,pricecatcher:d0c977b8e891,NEW_REFERENCE_REQUIRED,SOURCE_CATEGORY,MAPPED,Mapped from the PriceCatcher source category.,1.0,kg,CONVERTED,MYR,254,3.49,3.856771653543308,1.99,8.9,2026-09-07,3.49,3.49,https://storage.data.gov.my/pricecatcher/lookup_item.csv,https://storage.data.gov.my/pricecatcher/pricecatcher_2026-09.csv
22,RED DRAGON FRUIT,1kg,FRESH GOODS,FRUITS,5,Fruits,Red Dragon Fruit,pricecatcher:a14ad4f4bf37,NEW_REFERENCE_REQUIRED,SOURCE_CATEGORY,MAPPED,Mapped from the PriceCatcher source category.,1.0,kg,CONVERTED,MYR,181,7.5,8.58596685082873,3.49,18.9,2026-09-07,7.5,7.5,https://storage.data.gov.my/pricecatcher/lookup_item.csv,https://storage.data.gov.my/pricecatcher/pricecatcher_2026-09.csv
24,HONEYDEW MELON,1kg,FRESH GOODS,FRUITS,5,Fruits,Honeydew melons,off:en:honeydew-melons,EXISTING_REFERENCE,SOURCE_CATEGORY,MAPPED,Mapped from the PriceCatcher source category.,1.0,kg,CONVERTED,MYR,212,5.995,6.905424528301887,3.5,10.99,2026-09-07,5.995,5.995,https://storage.data.gov.my/pricecatcher/lookup_item.csv,https://storage.data.gov.my/pricecatcher/pricecatcher_2026-09.csv
25,REGULAR PINEAPPLE (JOSAPINE/MORRIS/SARAWAK),1 pcs,FRESH GOODS,FRUITS,5,Fruits,Regular Pineapple (Josapine/Morris/Sarawak),pricecatcher:9db1f072c2c3,NEW_REFERENCE_REQUIRED,SOURCE_CATEGORY,MAPPED,Mapped from the PriceCatcher source category.,1.0,pcs,CONVERTED,MYR,227,4.2,4.643436123348018,1.99,8.9,2026-09-07,4.2,4.2,https://storage.data.gov.my/pricecatcher/lookup_item.csv,https://storage.data.gov.my/pricecatcher/pricecatcher_2026-09.csv
26,SEEDED GREEN GRAPES,1kg,FRESH GOODS,FRUITS,5,Fruits,Seeded Green Grapes,pricecatcher:1c6cf701e27d,NEW_REFERENCE_REQUIRED,SOURCE_CATEGORY,MAPPED,Mapped from the PriceCatcher source category.,1.0,kg,CONVERTED,MYR,2,16.99,16.99,16.99,16.99,2026-09-07,16.99,16.99,https://storage.data.gov.my/pricecatcher/lookup_item.csv,https://storage.data.gov.my/pricecatcher/pricecatcher_2026-09.csv
27,SEEDED RED GRAPES,1kg,FRESH GOODS,FRUITS,5,Fruits,Seeded Red Grapes,pricecatcher:01b86a25df05,NEW_REFERENCE_REQUIRED,SOURCE_CATEGORY,MAPPED,Mapped from the PriceCatcher source category.,1.0,kg,CONVERTED,MYR,276,10.9,11.795615942028984,6.49,30.5,2026-09-07,10.9,10.9,https://storage.data.gov.my/pricecatcher/lookup_item.csv,https://storage.data.gov.my/pricecatcher/pricecatcher_2026-09.csv
31,YELLOW LAI (SIZE M),1 pcs,FRESH GOODS,FRUITS,5,Fruits,Yellow Lai (Size M),pricecatcher:c3adadc926ef,NEW_REFERENCE_REQUIRED,SOURCE_CATEGORY,MAPPED,Mapped from the PriceCatcher source category.,1.0,pcs,CONVERTED,MYR,81,1.9,2.09604938271605,0.78,3.99,2026-09-07,1.9,1.9,https://storage.data.gov.my/pricecatcher/lookup_item.csv,https://storage.data.gov.my/pricecatcher/pricecatcher_2026-09.csv
38,SEEDED GUAVA,1kg,FRESH GOODS,FRUITS,5,Fruits,Seeded Guava,pricecatcher:7edbc17980a8,NEW_REFERENCE_REQUIRED,SOURCE_CATEGORY,MAPPED,Mapped from the PriceCatcher source category.,1.0,kg,CONVERTED,MYR,157,7.4,7.495222929936306,4.59,12.9,2026-09-07,7.4,7.4,https://storage.data.gov.my/pricecatcher/lookup_item.csv,https://storage.data.gov.my/pricecatcher/pricecatcher_2026-09.csv
39,SEEDLESS GUAVA,1kg,FRESH GOODS,FRUITS,5,Fruits,Seedless Guava,pricecatcher:64e18fc06243,NEW_REFERENCE_REQUIRED,SOURCE_CATEGORY,MAPPED,Mapped from the PriceCatcher source category.,1.0,kg,CONVERTED,MYR,121,11.5,11.624545454545457,5.39,18.0,2026-09-07,11.5,11.5,https://storage.data.gov.my/pricecatcher/lookup_item.csv,https://storage.data.gov.my/pricecatcher/pricecatcher_2026-09.csv
43,BLACK POMFRET (BETWEEN 2 AND 5 FISH PER KILOGRAM),1kg,FRESH GOODS,SEAFOOD,3,Seafood,Black Pomfret (Between 2 And 5 Fish Per Kilogram),pricecatcher:888cd17e3501,NEW_REFERENCE_REQUIRED,SOURCE_CATEGORY,MAPPED,Mapped from the PriceCatcher source category.,1.0,kg,CONVERTED,MYR,622,26.945,27.221012861736337,7.29,48.9,2026-09-07,26.9,26.945,https://storage.data.gov.my/pricecatcher/lookup_item.csv,https://storage.data.gov.my/pricecatcher/pricecatcher_2026-09.csv
47,HARDTAIL SCAD (BETWEEN 4 AND 6 FISH PER KILOGRAM),1kg,FRESH GOODS,SEAFOOD,3,Seafood,Hardtail Scad (Between 4 And 6 Fish Per Kilogram),pricecatcher:91420e6974b2,NEW_REFERENCE_REQUIRED,SOURCE_CATEGORY,MAPPED,Mapped from the PriceCatcher source category.,1.0,kg,CONVERTED,MYR,7754,10.0,10.58662625741553,2.99,20.0,2026-09-11,10.0,10.0,https://storage.data.gov.my/pricecatcher/lookup_item.csv,https://storage.data.gov.my/pricecatcher/pricecatcher_2026-09.csv
52,SNAPPER FISH HEAD,1kg,FRESH GOODS,SEAFOOD,3,Seafood,Snapper Fish Head,pricecatcher:e4e43a278f37,NEW_REFERENCE_REQUIRED,SOURCE_CATEGORY,MAPPED,Mapped from the PriceCatcher source category.,1.0,kg,CONVERTED,MYR,194,22.99,24.54994845360825,12.9,45.9,2026-09-07,22.99,22.99,https://storage.data.gov.my/pricecatcher/lookup_item.csv,https://storage.data.gov.my/pricecatcher/pricecatcher_2026-09.csv
55,SMALL INDO-PACIFIC MACKEREL/PELALING (BETWEEN 10 AND 18 FISH PER KILOGRAM),1kg,FRESH GOODS,SEAFOOD,3,Seafood,Small Indo-Pacific Mackerel/Pelaling (Between 10 And 18 Fish Per Kilogram),pricecatcher:8b7833759f1c,NEW_REFERENCE_REQUIRED,SOURCE_CATEGORY,MAPPED,Mapped from the PriceCatcher source category.,1.0,kg,CONVERTED,MYR,4673,15.0,15.051097795848492,3.0,27.9,2026-09-11,14.9,15.0,https://storage.data.gov.my/pricecatcher/lookup_item.csv,https://storage.data.gov.my/pricecatcher/pricecatcher_2026-09.csv
64,RED SNAPPER FISH HEAD,1kg,FRESH GOODS,SEAFOOD,3,Seafood,Red Snapper Fish Head,pricecatcher:9193163a9302,NEW_REFERENCE_REQUIRED,SOURCE_CATEGORY,MAPPED,Mapped from the PriceCatcher source category.,1.0,kg,CONVERTED,MYR,142,25.9,27.917816901408447,12.9,45.9,2026-09-07,25.9,25.9,https://storage.data.gov.my/pricecatcher/lookup_item.csv,https://storage.data.gov.my/pricecatcher/pricecatcher_2026-09.csv
69,YELLOW BANDED SCAD (≥ 11 FISH PER KILOGRAM),1kg,FRESH GOODS,SEAFOOD,3,Seafood,Yellow Banded Scad (≥ 11 Fish Per Kilogram),pricecatcher:76cbf009d8d9,NEW_REFERENCE_REQUIRED,SOURCE_CATEGORY,MAPPED,Mapped from the PriceCatcher source category.,1.0,kg,CONVERTED,MYR,3625,12.99,13.09504827586207,3.0,33.0,2026-09-11,13.5,12.99,https://storage.data.gov.my/pricecatcher/lookup_item.csv,https://storage.data.gov.my/pricecatcher/pricecatcher_2026-09.csv
70,YELLOW-TAIL SCAD/PELATA (≤ 7 FISH PER KILOGRAM),1kg,FRESH GOODS,SEAFOOD,3,Seafood,Yellow-Tail Scad/Pelata (≤ 7 Fish Per Kilogram),pricecatcher:acf67e4cb1ce,NEW_REFERENCE_REQUIRED,SOURCE_CATEGORY,MAPPED,Mapped from the PriceCatcher source category.,1.0,kg,CONVERTED,MYR,6561,18.99,19.023075750647767,4.0,39.9,2026-09-11,18.99,18.99,https://storage.data.gov.my/pricecatcher/lookup_item.csv,https://storage.data.gov.my/pricecatcher/pricecatcher_2026-09.csv
88,CATFISH (BETWEEN 2 AND 5 FISH PER KILOGRAM),1kg,FRESH GOODS,FRESHWATER FISH,3,Seafood,Catfish (Between 2 And 5 Fish Per Kilogram),pricecatcher:20fbc1b9d115,NEW_REFERENCE_REQUIRED,SOURCE_CATEGORY,MAPPED,Mapped from the PriceCatcher source category.,1.0,kg,CONVERTED,MYR,6445,9.99,10.379591931730024,5.59,31.59,2026-09-11,9.99,9.99,https://storage.data.gov.my/pricecatcher/lookup_item.csv,https://storage.data.gov.my/pricecatcher/pricecatcher_2026-09.csv
92,GREEN CHILI,1kg,FRESH GOODS,VEGETABLES,4,Vegetables,Green Chili,catalogue:132,EXISTING_REFERENCE,SOURCE_CATEGORY,MAPPED,Mapped from the PriceCatcher source category.,1.0,kg,CONVERTED,MYR,9290,13.0,13.80535199138859,2.79,42.36,2026-09-11,13.9,13.0,https://storage.data.gov.my/pricecatcher/lookup_item.csv,https://storage.data.gov.my/pricecatcher/pricecatcher_2026-09.csv
93,RED CHILI - KULAI,1kg,FRESH GOODS,VEGETABLES,4,Vegetables,Red Chili - Kulai,pricecatcher:faf646d39bdb,NEW_REFERENCE_REQUIRED,SOURCE_CATEGORY,MAPPED,Mapped from the PriceCatcher source category.,1.0,kg,CONVERTED,MYR,4401,16.99,16.84577823221995,6.99,39.0,2026-09-11,16.99,16.99,https://storage.data.gov.my/pricecatcher/lookup_item.csv,https://storage.data.gov.my/pricecatcher/pricecatcher_2026-09.csv
94,RED CHILI - MINYAK,1kg,FRESH GOODS,VEGETABLES,4,Vegetables,Red Chili - Minyak,pricecatcher:0718c667f095,NEW_REFERENCE_REQUIRED,SOURCE_CATEGORY,MAPPED,Mapped from the PriceCatcher source category.,1.0,kg,CONVERTED,MYR,8032,14.9,14.826334661354585,5.99,40.0,2026-09-11,13.99,14.9,https://storage.data.gov.my/pricecatcher/lookup_item.csv,https://storage.data.gov.my/pricecatcher/pricecatcher_2026-09.csv
95,WET GINGER (MATURE),1kg,FRESH GOODS,VEGETABLES,4,Vegetables,Wet Ginger (Mature),pricecatcher:594536c9cf2f,NEW_REFERENCE_REQUIRED,SOURCE_CATEGORY,MAPPED,Mapped from the PriceCatcher source category.,1.0,kg,CONVERTED,MYR,12397,7.99,8.518231830281518,1.99,23.0,2026-09-11,7.99,7.99,https://storage.data.gov.my/pricecatcher/lookup_item.csv,https://storage.data.gov.my/pricecatcher/pricecatcher_2026-09.csv
96,OKRA/LADIES' FINGER,1kg,FRESH GOODS,VEGETABLES,4,Vegetables,Okra/Ladies' Finger,pricecatcher:00a445c01d7e,NEW_REFERENCE_REQUIRED,SOURCE_CATEGORY,MAPPED,Mapped from the PriceCatcher source category.,1.0,kg,CONVERTED,MYR,10616,8.0,8.755848718914846,2.99,29.99,2026-09-11,7.99,8.0,https://storage.data.gov.my/pricecatcher/lookup_item.csv,https://storage.data.gov.my/pricecatcher/pricecatcher_2026-09.csv
97,GREEN/FRENCH BEANS,1kg,FRESH GOODS,VEGETABLES,4,Vegetables,Green/French Beans,pricecatcher:3255da7c2868,NEW_REFERENCE_REQUIRED,SOURCE_CATEGORY,MAPPED,Mapped from the PriceCatcher source category.,1.0,kg,CONVERTED,MYR,9479,9.0,9.659978900727925,2.8,30.9,2026-09-11,8.0,9.0,https://storage.data.gov.my/pricecatcher/lookup_item.csv,https://storage.data.gov.my/pricecatcher/pricecatcher_2026-09.csv
98,LONG/ASPARAGUS BEANS,1kg,FRESH GOODS,VEGETABLES,4,Vegetables,Long/Asparagus Beans,pricecatcher:15d2aa70f490,NEW_REFERENCE_REQUIRED,SOURCE_CATEGORY,MAPPED,Mapped from the PriceCatcher source category.,1.0,kg,CONVERTED,MYR,10236,7.96,7.760089878858929,0.78,18.99,2026-09-11,7.0,7.96,https://storage.data.gov.my/pricecatcher/lookup_item.csv,https://storage.data.gov.my/pricecatcher/pricecatcher_2026-09.csv
101,WHOLE COCONUT,1 pcs,FRESH GOODS,COCONUT,5,Fruits,Whole Coconut,pricecatcher:c59060e93b8b,NEW_REFERENCE_REQUIRED,SOURCE_CATEGORY,MAPPED,Mapped from the PriceCatcher source category.,1.0,pcs,CONVERTED,MYR,316,3.5,3.334335443037975,2.0,5.0,2026-09-07,3.5,3.5,https://storage.data.gov.my/pricecatcher/lookup_item.csv,https://storage.data.gov.my/pricecatcher/pricecatcher_2026-09.csv
102,GRATED COCONUT PALM (REGULAR),1kg,FRESH GOODS,COCONUT,5,Fruits,Grated Coconut Palm (Regular),pricecatcher:04b15c1f8abe,NEW_REFERENCE_REQUIRED,SOURCE_CATEGORY,MAPPED,Mapped from the PriceCatcher source category.,1.0,kg,CONVERTED,MYR,208,12.0,11.825817307692308,3.0,20.0,2026-09-07,12.0,12.0,https://storage.data.gov.my/pricecatcher/lookup_item.csv,https://storage.data.gov.my/pricecatcher/pricecatcher_2026-09.csv
103,FRESH COCONUT MILK (REGULAR),1kg,FRESH GOODS,COCONUT,13,"Condiments, Sauces & Canned Goods",Fresh Coconut Milk (Regular),pricecatcher:00846e037e02,NEW_REFERENCE_REQUIRED,ITEM_LEVEL_OVERRIDE,MAPPED,Coconut milk is handled as a cooking condiment/ingredient.,1.0,kg,CONVERTED,MYR,315,10.36,10.74168253968254,4.5,20.0,2026-09-07,10.0,10.36,https://storage.data.gov.my/pricecatcher/lookup_item.csv,https://storage.data.gov.my/pricecatcher/pricecatcher_2026-09.csv
104,IMPORTED ROUND CABBAGE (CHINA),1kg,FRESH GOODS,VEGETABLES,4,Vegetables,Imported Round Cabbage (China),pricecatcher:41c81da83757,NEW_REFERENCE_REQUIRED,SOURCE_CATEGORY,MAPPED,Mapped from the PriceCatcher source category.,1.0,kg,CONVERTED,MYR,9166,2.9,2.96552149247218,0.35,9.9,2026-09-11,2.5,2.9,https://storage.data.gov.my/pricecatcher/lookup_item.csv,https://storage.data.gov.my/pricecatcher/pricecatcher_2026-09.csv
105,ROUND CABBAGE (LOCAL),1kg,FRESH GOODS,VEGETABLES,4,Vegetables,Round Cabbage (Local),pricecatcher:644b7ff32141,NEW_REFERENCE_REQUIRED,SOURCE_CATEGORY,MAPPED,Mapped from the PriceCatcher source category.,1.0,kg,CONVERTED,MYR,5280,4.5,4.672378787878788,0.99,10.0,2026-09-11,4.49,4.5,https://storage.data.gov.my/pricecatcher/lookup_item.csv,https://storage.data.gov.my/pricecatcher/pricecatcher_2026-09.csv
108,FRESH TURMERIC,1kg,FRESH GOODS,VEGETABLES,4,Vegetables,Fresh Turmeric,pricecatcher:c236b4bd1434,NEW_REFERENCE_REQUIRED,SOURCE_CATEGORY,MAPPED,Mapped from the PriceCatcher source category.,1.0,kg,CONVERTED,MYR,11153,9.0,10.13126961355689,1.0,28.75,2026-09-11,9.0,9.0,https://storage.data.gov.my/pricecatcher/lookup_item.csv,https://storage.data.gov.my/pricecatcher/pricecatcher_2026-09.csv
109,CARROT,1kg,FRESH GOODS,VEGETABLES,4,Vegetables,Carrot,catalogue:148,EXISTING_REFERENCE,SOURCE_CATEGORY,MAPPED,Mapped from the PriceCatcher source category.,1.0,kg,CONVERTED,MYR,12109,3.9,3.9836766041787097,0.04,45.0,2026-09-11,3.79,3.9,https://storage.data.gov.my/pricecatcher/lookup_item.csv,https://storage.data.gov.my/pricecatcher/pricecatcher_2026-09.csv
113,CUCUMBER,1kg,FRESH GOODS,VEGETABLES,4,Vegetables,Cucumber,catalogue:120,EXISTING_REFERENCE,SOURCE_CATEGORY,MAPPED,Mapped from the PriceCatcher source category.,1.0,kg,CONVERTED,MYR,12065,3.59,3.768844591794447,0.99,10.0,2026-09-11,3.5,3.59,https://storage.data.gov.my/pricecatcher/lookup_item.csv,https://storage.data.gov.my/pricecatcher/pricecatcher_2026-09.csv
114,TOMATO,1kg,FRESH GOODS,VEGETABLES,4,Vegetables,Tomato,catalogue:134,EXISTING_REFERENCE,SOURCE_CATEGORY,MAPPED,Mapped from the PriceCatcher source category.,1.0,kg,CONVERTED,MYR,11657,9.9,9.713056532555546,2.29,16.9,2026-09-11,9.49,9.9,https://storage.data.gov.my/pricecatcher/lookup_item.csv,https://storage.data.gov.my/pricecatcher/pricecatcher_2026-09.csv
118,CHICKEN EGGS GRADE A (WEIGHT 65.0 GM TO 69.9 GM EACH),10 pcs,FRESH GOODS,EGGS,18,Eggs,Chicken Eggs Grade A (Weight 65.0 Gm To 69.9 Gm Each),pricecatcher:9ca90ea72728,NEW_REFERENCE_REQUIRED,SOURCE_CATEGORY,MAPPED,Mapped from the PriceCatcher source category.,10.0,pcs,CONVERTED,MYR,1,5.5,5.5,5.5,5.5,2026-09-07,5.5,0.55,https://storage.data.gov.my/pricecatcher/lookup_item.csv,https://storage.data.gov.my/pricecatcher/pricecatcher_2026-09.csv
119,CHICKEN EGGS GRADE B (WEIGHT 60.0 GM TO 64.9 GM),10 pcs,FRESH GOODS,EGGS,18,Eggs,Chicken Eggs Grade B (Weight 60.0 Gm To 64.9 Gm),pricecatcher:70871a6747b5,NEW_REFERENCE_REQUIRED,SOURCE_CATEGORY,MAPPED,Mapped from the PriceCatcher source category.,10.0,pcs,CONVERTED,MYR,2,5.2,5.2,5.0,5.4,2026-09-07,5.2,0.52,https://storage.data.gov.my/pricecatcher/lookup_item.csv,https://storage.data.gov.my/pricecatcher/pricecatcher_2026-09.csv
120,CHICKEN EGGS GRADE C (WEIGHT 55.0 GM TO 59.9 GM EACH),10 pcs,FRESH GOODS,EGGS,18,Eggs,Chicken Eggs Grade C (Weight 55.0 Gm To 59.9 Gm Each),pricecatcher:28ee0ddf9a62,NEW_REFERENCE_REQUIRED,SOURCE_CATEGORY,MAPPED,Mapped from the PriceCatcher source category.,10.0,pcs,CONVERTED,MYR,1,5.2,5.2,5.2,5.2,2026-09-07,5.2,0.52,https://storage.data.gov.my/pricecatcher/lookup_item.csv,https://storage.data.gov.my/pricecatcher/pricecatcher_2026-09.csv
129,BIG YELLOW/HOLLAND ONION,1kg,DRY GOODS,ONION/GARLIC,4,Vegetables,Big Yellow/Holland Onion,pricecatcher:1ba592f1976c,NEW_REFERENCE_REQUIRED,SOURCE_CATEGORY,MAPPED,Mapped from the PriceCatcher source category.,1.0,kg,CONVERTED,MYR,12449,3.99,4.011905373925617,1.19,11.98,2026-09-11,3.99,3.99,https://storage.data.gov.my/pricecatcher/lookup_item.csv,https://storage.data.gov.my/pricecatcher/pricecatcher_2026-09.csv
131,IMPORTED ROSE SHALLOTS (INDIA),1kg,DRY GOODS,ONION/GARLIC,4,Vegetables,Imported Rose Shallots (India),pricecatcher:72fbcef1a7b6,NEW_REFERENCE_REQUIRED,SOURCE_CATEGORY,MAPPED,Mapped from the PriceCatcher source category.,1.0,kg,CONVERTED,MYR,7786,5.9,5.987187259183149,0.3,16.0,2026-09-11,5.98,5.9,https://storage.data.gov.my/pricecatcher/lookup_item.csv,https://storage.data.gov.my/pricecatcher/pricecatcher_2026-09.csv
132,IMPORTED SHALLOTS (THAILAND),1kg,DRY GOODS,ONION/GARLIC,4,Vegetables,Imported Shallots (Thailand),pricecatcher:b79e2f46d9cd,NEW_REFERENCE_REQUIRED,SOURCE_CATEGORY,MAPPED,Mapped from the PriceCatcher source category.,1.0,kg,CONVERTED,MYR,2338,12.9,12.72606501283148,1.8,26.0,2026-09-11,12.98,12.9,https://storage.data.gov.my/pricecatcher/lookup_item.csv,https://storage.data.gov.my/pricecatcher/pricecatcher_2026-09.csv
191,AYAM BRAND SARDINES (TOMATO SAUCE),425 g,PACKED GOODS,CANNED FISH,13,"Condiments, Sauces & Canned Goods",Ayam Brand Sardines (Tomato Sauce),pricecatcher:71855538e8a0,NEW_REFERENCE_REQUIRED,SOURCE_CATEGORY,MAPPED,Mapped from the PriceCatcher source category.,0.425,kg,CONVERTED,MYR,1070,10.675,10.812205607476637,9.29,15.9,2026-09-07,10.65,25.117647058823533,https://storage.data.gov.my/pricecatcher/lookup_item.csv,https://storage.data.gov.my/pricecatcher/pricecatcher_2026-09.csv
193,KING CUP BRAND SARDINES (TOMATO SAUCE),425 g,PACKED GOODS,CANNED FISH,13,"Condiments, Sauces & Canned Goods",King Cup Brand Sardines (Tomato Sauce),pricecatcher:65eaf271065a,NEW_REFERENCE_REQUIRED,SOURCE_CATEGORY,MAPPED,Mapped from the PriceCatcher source category.,0.425,kg,CONVERTED,MYR,940,9.35,9.353574468085109,6.99,12.1,2026-09-07,9.35,22.0,https://storage.data.gov.my/pricecatcher/lookup_item.csv,https://storage.data.gov.my/pricecatcher/pricecatcher_2026-09.csv
201,LADY'S CHOICE STRAWBERRY JAM,400 g,PACKED GOODS,SPREADS,13,"Condiments, Sauces & Canned Goods",Lady's Choice Strawberry Jam,pricecatcher:95feacc3812f,NEW_REFERENCE_REQUIRED,SOURCE_CATEGORY,MAPPED,Mapped from the PriceCatcher source category.,0.4,kg,CONVERTED,MYR,418,9.35,9.398803827751196,8.2,11.4,2026-09-07,9.35,23.375,https://storage.data.gov.my/pricecatcher/lookup_item.csv,https://storage.data.gov.my/pricecatcher/pricecatcher_2026-09.csv
203,MAINLAND CHESDALE CHEDDAR CHEESE SPREAD 12 CHEDDAR,250 g,PACKED GOODS,SPREADS,1,Dairy,Mainland Chesdale Cheddar Cheese Spread 12 Cheddar,pricecatcher:8c240e268969,NEW_REFERENCE_REQUIRED,ITEM_LEVEL_OVERRIDE,MAPPED,"Cheese spread is Dairy, although the source category is Spreads.",0.25,kg,CONVERTED,MYR,644,12.6,12.624285714285714,9.99,15.5,2026-09-07,12.6,50.4,https://storage.data.gov.my/pricecatcher/lookup_item.csv,https://storage.data.gov.my/pricecatcher/pricecatcher_2026-09.csv
205,DAISY MARGARINE,480 g,PACKED GOODS,SPREADS,13,"Condiments, Sauces & Canned Goods",Daisy Margarine,pricecatcher:684309368745,NEW_REFERENCE_REQUIRED,SOURCE_CATEGORY,MAPPED,Mapped from the PriceCatcher source category.,0.48,kg,CONVERTED,MYR,990,9.5,9.49820202020202,7.5,15.0,2026-09-07,9.5,19.791666666666668,https://storage.data.gov.my/pricecatcher/lookup_item.csv,https://storage.data.gov.my/pricecatcher/pricecatcher_2026-09.csv
206,PLANTA MARGARINE,480 g,PACKED GOODS,SPREADS,13,"Condiments, Sauces & Canned Goods",Planta Margarine,pricecatcher:62ce583d2a06,NEW_REFERENCE_REQUIRED,SOURCE_CATEGORY,MAPPED,Mapped from the PriceCatcher source category.,0.48,kg,CONVERTED,MYR,1011,11.49,11.314233432245304,7.99,15.7,2026-09-07,11.4,23.9375,https://storage.data.gov.my/pricecatcher/lookup_item.csv,https://storage.data.gov.my/pricecatcher/pricecatcher_2026-09.csv
214,KIPAS UDANG BRAND THICK SWEET SOY SAUCE,345mL,PACKED GOODS,SOY SAUCE AND SAUCES,13,"Condiments, Sauces & Canned Goods",Kipas Udang Brand Thick Sweet Soy Sauce,pricecatcher:4ef54e3b4873,NEW_REFERENCE_REQUIRED,SOURCE_CATEGORY,MAPPED,Mapped from the PriceCatcher source category.,0.345,L,CONVERTED,MYR,1579,6.85,6.851678277390753,5.4,10.5,2026-09-07,6.8,19.85507246376812,https://storage.data.gov.my/pricecatcher/lookup_item.csv,https://storage.data.gov.my/pricecatcher/pricecatcher_2026-09.csv
217,MAGGI TOMATO SAUCE,325 g,PACKED GOODS,SOY SAUCE AND SAUCES,13,"Condiments, Sauces & Canned Goods",Maggi Tomato Sauce,pricecatcher:bb5d0c2ee91e,NEW_REFERENCE_REQUIRED,SOURCE_CATEGORY,MAPPED,Mapped from the PriceCatcher source category.,0.325,kg,CONVERTED,MYR,1519,4.2,4.241145490454246,2.99,6.5,2026-09-07,4.2,12.923076923076923,https://storage.data.gov.my/pricecatcher/lookup_item.csv,https://storage.data.gov.my/pricecatcher/pricecatcher_2026-09.csv
218,LIFE CHILI SAUCE,340 g,PACKED GOODS,SOY SAUCE AND SAUCES,13,"Condiments, Sauces & Canned Goods",Life Chili Sauce,pricecatcher:c98d575f8e12,NEW_REFERENCE_REQUIRED,SOURCE_CATEGORY,MAPPED,Mapped from the PriceCatcher source category.,0.34,kg,CONVERTED,MYR,1195,4.5,4.62326359832636,3.5,6.0,2026-09-07,4.5,13.235294117647058,https://storage.data.gov.my/pricecatcher/lookup_item.csv,https://storage.data.gov.my/pricecatcher/pricecatcher_2026-09.csv
221,DRINHO SOYA (BOX),250 mL,BEVERAGES,READY TO DRINK,7,Beverages,Drinho Soya (Box),pricecatcher:39fe707bc671,NEW_REFERENCE_REQUIRED,SOURCE_CATEGORY,MAPPED,Mapped from the PriceCatcher source category.,0.25,L,CONVERTED,MYR,24,1.05,1.11625,1.0,1.59,2026-09-07,1.05,4.2,https://storage.data.gov.my/pricecatcher/lookup_item.csv,https://storage.data.gov.my/pricecatcher/pricecatcher_2026-09.csv
226,YEO'S LYCHEE (BOX),250 mL,BEVERAGES,READY TO DRINK,7,Beverages,Yeo's Lychee (Box),pricecatcher:f4393b491fbc,NEW_REFERENCE_REQUIRED,SOURCE_CATEGORY,MAPPED,Mapped from the PriceCatcher source category.,0.25,L,CONVERTED,MYR,35,1.2,1.180857142857143,0.99,1.5,2026-09-07,1.2,4.8,https://storage.data.gov.my/pricecatcher/lookup_item.csv,https://storage.data.gov.my/pricecatcher/pricecatcher_2026-09.csv
228,COCA COLA (BOTTLE),1.5 L,BEVERAGES,READY TO DRINK,7,Beverages,Coca Cola (Bottle),pricecatcher:756260947dac,NEW_REFERENCE_REQUIRED,SOURCE_CATEGORY,MAPPED,Mapped from the PriceCatcher source category.,1.5,L,CONVERTED,MYR,513,3.9,3.833391812865498,2.3,5.0,2026-09-07,3.9,2.6,https://storage.data.gov.my/pricecatcher/lookup_item.csv,https://storage.data.gov.my/pricecatcher/pricecatcher_2026-09.csv
229,F&N ORANGE (CAN),325 mL,BEVERAGES,READY TO DRINK,7,Beverages,F&N Orange (Can),pricecatcher:86d55c380878,NEW_REFERENCE_REQUIRED,SOURCE_CATEGORY,MAPPED,Mapped from the PriceCatcher source category.,0.325,L,CONVERTED,MYR,455,1.7,1.7468351648351648,1.3,2.5,2026-09-07,1.7,5.230769230769231,https://storage.data.gov.my/pricecatcher/lookup_item.csv,https://storage.data.gov.my/pricecatcher/pricecatcher_2026-09.csv
230,F&N ORANGE (BOTTLE),1.5 L,BEVERAGES,READY TO DRINK,7,Beverages,F&N Orange (Bottle),pricecatcher:f72fb865e3f5,NEW_REFERENCE_REQUIRED,SOURCE_CATEGORY,MAPPED,Mapped from the PriceCatcher source category.,1.5,L,CONVERTED,MYR,548,3.49,3.492372262773723,2.4,4.5,2026-09-07,3.49,2.3266666666666667,https://storage.data.gov.my/pricecatcher/lookup_item.csv,https://storage.data.gov.my/pricecatcher/pricecatcher_2026-09.csv
232,MIRINDA ORANGE (BOTTLE),1.5 L,BEVERAGES,READY TO DRINK,7,Beverages,Mirinda Orange (Bottle),pricecatcher:4639f123bafb,NEW_REFERENCE_REQUIRED,SOURCE_CATEGORY,MAPPED,Mapped from the PriceCatcher source category.,1.5,L,CONVERTED,MYR,548,2.79,2.992755474452555,1.49,4.9,2026-09-07,2.79,1.86,https://storage.data.gov.my/pricecatcher/lookup_item.csv,https://storage.data.gov.my/pricecatcher/pricecatcher_2026-09.csv
235,MARIGOLD PEEL FRESH ORANGE JUICE,1 L,BEVERAGES,READY TO DRINK,7,Beverages,Marigold Peel Fresh Orange Juice,pricecatcher:eaa4a17c0d1a,NEW_REFERENCE_REQUIRED,SOURCE_CATEGORY,MAPPED,Mapped from the PriceCatcher source category.,1.0,L,CONVERTED,MYR,611,6.8,6.777430441898527,5.6,8.5,2026-09-07,6.8,6.8,https://storage.data.gov.my/pricecatcher/lookup_item.csv,https://storage.data.gov.my/pricecatcher/pricecatcher_2026-09.csv
239,RED BULL (BOTTLE),150 mL,BEVERAGES,READY TO DRINK,7,Beverages,Red Bull (Bottle),pricecatcher:3d72d55c1209,NEW_REFERENCE_REQUIRED,SOURCE_CATEGORY,MAPPED,Mapped from the PriceCatcher source category.,0.15,L,CONVERTED,MYR,398,2.5,2.4756783919597987,1.95,3.9,2026-09-07,2.5,16.666666666666668,https://storage.data.gov.my/pricecatcher/lookup_item.csv,https://storage.data.gov.my/pricecatcher/pricecatcher_2026-09.csv
240,LIVITA WITH HONEY (BOTTLE),150 mL,BEVERAGES,READY TO DRINK,7,Beverages,Livita With Honey (Bottle),pricecatcher:c0ae9005eff1,NEW_REFERENCE_REQUIRED,SOURCE_CATEGORY,MAPPED,Mapped from the PriceCatcher source category.,0.15,L,CONVERTED,MYR,187,2.2,2.216631016042781,1.75,4.29,2026-09-07,2.2,14.666666666666668,https://storage.data.gov.my/pricecatcher/lookup_item.csv,https://storage.data.gov.my/pricecatcher/pricecatcher_2026-09.csv
246,MAZOLA BRAND CORN OIL,1kg,PACKED GOODS,OILS AND FATS,13,"Condiments, Sauces & Canned Goods",Mazola Brand Corn Oil,pricecatcher:8d658e0dea0a,NEW_REFERENCE_REQUIRED,SOURCE_CATEGORY,MAPPED,Mapped from the PriceCatcher source category.,1.0,kg,CONVERTED,MYR,377,18.9,18.98872679045093,15.7,21.99,2026-09-07,18.9,18.9,https://storage.data.gov.my/pricecatcher/lookup_item.csv,https://storage.data.gov.my/pricecatcher/pricecatcher_2026-09.csv
254,RED EAGLE BRAND BLENDED COOKING OIL,5 kg,PACKED GOODS,OILS AND FATS,13,"Condiments, Sauces & Canned Goods",Red Eagle Brand Blended Cooking Oil,pricecatcher:b25afd02e3a5,NEW_REFERENCE_REQUIRED,SOURCE_CATEGORY,MAPPED,Mapped from the PriceCatcher source category.,5.0,kg,CONVERTED,MYR,889,36.9,36.30824521934758,29.99,45.29,2026-09-07,36.9,7.38,https://storage.data.gov.my/pricecatcher/lookup_item.csv,https://storage.data.gov.my/pricecatcher/pricecatcher_2026-09.csv
260,KNIFE BRAND BLENDED COOKING OIL,5 kg,PACKED GOODS,OILS AND FATS,13,"Condiments, Sauces & Canned Goods",Knife Brand Blended Cooking Oil,pricecatcher:05a9a2f493e0,NEW_REFERENCE_REQUIRED,SOURCE_CATEGORY,MAPPED,Mapped from the PriceCatcher source category.,5.0,kg,CONVERTED,MYR,1043,35.5,35.13856184084372,24.5,43.4,2026-09-07,35.5,7.1,https://storage.data.gov.my/pricecatcher/lookup_item.csv,https://storage.data.gov.my/pricecatcher/pricecatcher_2026-09.csv
263,BURUH BRAND PURE COOKING OIL,5 kg,PACKED GOODS,OILS AND FATS,13,"Condiments, Sauces & Canned Goods",Buruh Brand Pure Cooking Oil,pricecatcher:cbe149878187,NEW_REFERENCE_REQUIRED,SOURCE_CATEGORY,MAPPED,Mapped from the PriceCatcher source category.,5.0,kg,CONVERTED,MYR,1203,30.9,30.367888611803828,25.9,30.9,2026-09-07,30.9,6.18,https://storage.data.gov.my/pricecatcher/lookup_item.csv,https://storage.data.gov.my/pricecatcher/pricecatcher_2026-09.csv
266,SERI MURNI BRAND PURE COOKING OIL,5 kg,PACKED GOODS,OILS AND FATS,13,"Condiments, Sauces & Canned Goods",Seri Murni Brand Pure Cooking Oil,pricecatcher:c9bf2d5f51ed,NEW_REFERENCE_REQUIRED,SOURCE_CATEGORY,MAPPED,Mapped from the PriceCatcher source category.,5.0,kg,CONVERTED,MYR,1053,30.9,30.59671415004748,25.9,32.5,2026-09-07,30.9,6.18,https://storage.data.gov.my/pricecatcher/lookup_item.csv,https://storage.data.gov.my/pricecatcher/pricecatcher_2026-09.csv
267,VESAWIT BRAND PURE COOKING OIL,1kg,PACKED GOODS,OILS AND FATS,13,"Condiments, Sauces & Canned Goods",Vesawit Brand Pure Cooking Oil,pricecatcher:757a155930a2,NEW_REFERENCE_REQUIRED,SOURCE_CATEGORY,MAPPED,Mapped from the PriceCatcher source category.,1.0,kg,CONVERTED,MYR,588,6.9,6.88658163265306,6.29,6.9,2026-09-07,6.9,6.9,https://storage.data.gov.my/pricecatcher/lookup_item.csv,https://storage.data.gov.my/pricecatcher/pricecatcher_2026-09.csv
271,QBB BRAND GHEE,400 g,PACKED GOODS,OILS AND FATS,13,"Condiments, Sauces & Canned Goods",Qbb Brand Ghee,pricecatcher:71e2c66767d0,NEW_REFERENCE_REQUIRED,SOURCE_CATEGORY,MAPPED,Mapped from the PriceCatcher source category.,0.4,kg,CONVERTED,MYR,182,35.4,34.86505494505494,25.9,41.79,2026-09-07,35.4,88.49999999999999,https://storage.data.gov.my/pricecatcher/lookup_item.csv,https://storage.data.gov.my/pricecatcher/pricecatcher_2026-09.csv
299,LACTOGEN 1 INFANT FORMULA (BOX),650g,MILK AND BABY PRODUCTS,BABY FORMULA,11,Baby Food,Lactogen 1 Infant Formula (Box),pricecatcher:51071063e9bf,NEW_REFERENCE_REQUIRED,SOURCE_CATEGORY,MAPPED,Mapped from the PriceCatcher source category.,0.65,kg,CONVERTED,MYR,1204,28.5,28.82104651162791,24.9,32.0,2026-09-07,28.5,43.84615384615385,https://storage.data.gov.my/pricecatcher/lookup_item.csv,https://storage.data.gov.my/pricecatcher/pricecatcher_2026-09.csv
300,LACTOGEN 2 FOLLOW-ON FORMULA (BOX),650g,MILK AND BABY PRODUCTS,BABY FORMULA,11,Baby Food,Lactogen 2 Follow-On Formula (Box),pricecatcher:b62f288222d8,NEW_REFERENCE_REQUIRED,SOURCE_CATEGORY,MAPPED,Mapped from the PriceCatcher source category.,0.65,kg,CONVERTED,MYR,1207,28.5,28.800008285004136,0.3,32.0,2026-09-07,28.5,43.84615384615385,https://storage.data.gov.my/pricecatcher/lookup_item.csv,https://storage.data.gov.my/pricecatcher/pricecatcher_2026-09.csv
350,BABAS FISH CURRY POWDER,250 g,PACKED GOODS,SPICES (PACKED),13,"Condiments, Sauces & Canned Goods",Babas Fish Curry Powder,pricecatcher:e0e121d36bab,NEW_REFERENCE_REQUIRED,SOURCE_CATEGORY,MAPPED,Mapped from the PriceCatcher source category.,0.25,kg,CONVERTED,MYR,1849,6.3,6.286414277988102,4.5,8.3,2026-09-07,6.3,25.2,https://storage.data.gov.my/pricecatcher/lookup_item.csv,https://storage.data.gov.my/pricecatcher/pricecatcher_2026-09.csv
364,BABAS CHILI POWDER,250 g,PACKED GOODS,SPICES (PACKED),13,"Condiments, Sauces & Canned Goods",Babas Chili Powder,pricecatcher:4990ecd36bf0,NEW_REFERENCE_REQUIRED,SOURCE_CATEGORY,MAPPED,Mapped from the PriceCatcher source category.,0.25,kg,CONVERTED,MYR,1713,7.65,7.693747810858143,5.5,9.9,2026-09-07,7.65,30.6,https://storage.data.gov.my/pricecatcher/lookup_item.csv,https://storage.data.gov.my/pricecatcher/pricecatcher_2026-09.csv
365,ADABI MIXED (COMPOUND) TURMERIC POWDER,250 g,PACKED GOODS,SPICES (PACKED),13,"Condiments, Sauces & Canned Goods",Adabi Mixed (Compound) Turmeric Powder,pricecatcher:afca91084647,NEW_REFERENCE_REQUIRED,SOURCE_CATEGORY,MAPPED,Mapped from the PriceCatcher source category.,0.25,kg,CONVERTED,MYR,1318,7.3,7.208406676783005,4.99,12.0,2026-09-07,7.295,29.2,https://storage.data.gov.my/pricecatcher/lookup_item.csv,https://storage.data.gov.my/pricecatcher/pricecatcher_2026-09.csv
368,PEANUTS (IMPORTED),1kg,DRY GOODS,BEANS,14,"Grains, Beans & Pasta",Peanuts (Imported),pricecatcher:7ca3b3956e61,NEW_REFERENCE_REQUIRED,SOURCE_CATEGORY,MAPPED,Mapped from the PriceCatcher source category.,1.0,kg,CONVERTED,MYR,1443,9.0,9.561032571032571,5.0,21.9,2026-09-07,9.0,9.0,https://storage.data.gov.my/pricecatcher/lookup_item.csv,https://storage.data.gov.my/pricecatcher/pricecatcher_2026-09.csv
716,GREEN BIRD'S EYE CHILI,1kg,FRESH GOODS,VEGETABLES,4,Vegetables,Green Bird's Eye Chili,pricecatcher:34d9031e5e9a,NEW_REFERENCE_REQUIRED,SOURCE_CATEGORY,MAPPED,Mapped from the PriceCatcher source category.,1.0,kg,CONVERTED,MYR,300,26.99,27.9539,13.99,55.9,2026-09-07,26.99,26.99,https://storage.data.gov.my/pricecatcher/lookup_item.csv,https://storage.data.gov.my/pricecatcher/pricecatcher_2026-09.csv
845,SQUID (BETWEEN 11 AND 17 PCS PER KILOGRAM),1kg,FRESH GOODS,SEAFOOD,3,Seafood,Squid (Between 11 And 17 Pcs Per Kilogram),pricecatcher:300a36eb8f69,NEW_REFERENCE_REQUIRED,SOURCE_CATEGORY,MAPPED,Mapped from the PriceCatcher source category.,1.0,kg,CONVERTED,MYR,5901,36.9,36.14603287578377,4.99,69.9,2026-09-11,36.9,36.9,https://storage.data.gov.my/pricecatcher/lookup_item.csv,https://storage.data.gov.my/pricecatcher/pricecatcher_2026-09.csv
847,FLOWER CRAB (≤ 4 PCS PER KILOGRAM),1kg,FRESH GOODS,SEAFOOD,3,Seafood,Flower Crab (≤ 4 Pcs Per Kilogram),pricecatcher:72653e7b8b60,NEW_REFERENCE_REQUIRED,SOURCE_CATEGORY,MAPPED,Mapped from the PriceCatcher source category.,1.0,kg,CONVERTED,MYR,4462,36.9,38.008718063648594,3.99,70.0,2026-09-11,36.9,36.9,https://storage.data.gov.my/pricecatcher/lookup_item.csv,https://storage.data.gov.my/pricecatcher/pricecatcher_2026-09.csv
849,SMALL WHITE PRAWN (≥ 61 PCS PER KILOGRAM),1kg,FRESH GOODS,SEAFOOD,3,Seafood,Small White Prawn (≥ 61 Pcs Per Kilogram),pricecatcher:a3a777a5bb9d,NEW_REFERENCE_REQUIRED,SOURCE_CATEGORY,MAPPED,Mapped from the PriceCatcher source category.,1.0,kg,CONVERTED,MYR,148,19.9,20.160135135135132,11.99,35.9,2026-09-07,19.9,19.9,https://storage.data.gov.my/pricecatcher/lookup_item.csv,https://storage.data.gov.my/pricecatcher/pricecatcher_2026-09.csv
850,TIGER PRAWN (BETWEEN 20 AND 30 PCS PER KILOGRAM),1kg,FRESH GOODS,SEAFOOD,3,Seafood,Tiger Prawn (Between 20 And 30 Pcs Per Kilogram),pricecatcher:5fb1eb5c8689,NEW_REFERENCE_REQUIRED,SOURCE_CATEGORY,MAPPED,Mapped from the PriceCatcher source category.,1.0,kg,CONVERTED,MYR,214,39.85,43.54088785046729,19.99,89.0,2026-09-07,39.99,39.85,https://storage.data.gov.my/pricecatcher/lookup_item.csv,https://storage.data.gov.my/pricecatcher/pricecatcher_2026-09.csv
861,HOLLAND POTATO,1kg,DRY GOODS,POTATOES,4,Vegetables,Holland Potato,pricecatcher:9f1fc9eddb5d,NEW_REFERENCE_REQUIRED,SOURCE_CATEGORY,MAPPED,Mapped from the PriceCatcher source category.,1.0,kg,CONVERTED,MYR,1145,4.0,4.113868995633187,1.89,8.0,2026-09-11,4.0,4.0,https://storage.data.gov.my/pricecatcher/lookup_item.csv,https://storage.data.gov.my/pricecatcher/pricecatcher_2026-09.csv
869,MUSTARD SEEDS,100 g,PACKED GOODS,SPICES (UNPACKED),13,"Condiments, Sauces & Canned Goods",Mustard seeds,off:en:mustard-seeds,EXISTING_REFERENCE,SOURCE_CATEGORY,MAPPED,Mapped from the PriceCatcher source category.,0.1,kg,CONVERTED,MYR,346,1.1,1.4738728323699422,0.63,5.0,2026-09-07,1.1,11.0,https://storage.data.gov.my/pricecatcher/lookup_item.csv,https://storage.data.gov.my/pricecatcher/pricecatcher_2026-09.csv
883,F&N BRAND VITAMIN SWEETENED CREAMER,500 g,PACKED GOODS,CREAMER AND MILK POWDER,1,Dairy,F&N Brand Vitamin Sweetened Creamer,pricecatcher:612ff7362ad9,NEW_REFERENCE_REQUIRED,SOURCE_CATEGORY,MAPPED,Mapped from the PriceCatcher source category.,0.5,kg,CONVERTED,MYR,1262,4.2,4.231434231378763,2.99,5.9,2026-09-07,4.2,8.4,https://storage.data.gov.my/pricecatcher/lookup_item.csv,https://storage.data.gov.my/pricecatcher/pricecatcher_2026-09.csv
884,GOLD COIN BRAND SWEETENED CREAMER,500 g,PACKED GOODS,CREAMER AND MILK POWDER,1,Dairy,Gold Coin Brand Sweetened Creamer,pricecatcher:257948cc6e19,NEW_REFERENCE_REQUIRED,SOURCE_CATEGORY,MAPPED,Mapped from the PriceCatcher source category.,0.5,kg,CONVERTED,MYR,736,3.45,3.4498233695652174,2.89,4.35,2026-09-07,3.45,6.9,https://storage.data.gov.my/pricecatcher/lookup_item.csv,https://storage.data.gov.my/pricecatcher/pricecatcher_2026-09.csv
904,RAMBUTAN BRAND SUPER RICE 5% (IMPORTED),10 kg,PACKED GOODS,RICE,14,"Grains, Beans & Pasta",Rambutan Brand Super Rice 5% (Imported),pricecatcher:1885941f2c1a,NEW_REFERENCE_REQUIRED,SOURCE_CATEGORY,MAPPED,Mapped from the PriceCatcher source category.,10.0,kg,CONVERTED,MYR,411,35.9,36.235644768856446,31.99,48.7,2026-09-11,33.9,3.59,https://storage.data.gov.my/pricecatcher/lookup_item.csv,https://storage.data.gov.my/pricecatcher/pricecatcher_2026-09.csv
917,"NGP WHEAT FLOUR (PACKED, SAUH BRAND)",1kg,PACKED GOODS,FLOUR,14,"Grains, Beans & Pasta","Ngp Wheat Flour (Packed, Sauh Brand)",pricecatcher:6c3ff3688b8a,NEW_REFERENCE_REQUIRED,SOURCE_CATEGORY,MAPPED,Mapped from the PriceCatcher source category.,1.0,kg,CONVERTED,MYR,1488,3.2,3.2678830645161296,2.2,4.5,2026-09-07,3.2,3.2,https://storage.data.gov.my/pricecatcher/lookup_item.csv,https://storage.data.gov.my/pricecatcher/pricecatcher_2026-09.csv
918,COOKING OIL PACK (ASSORTED BRANDS),1kg,PACKED GOODS,OILS AND FATS,13,"Condiments, Sauces & Canned Goods",Cooking Oil Pack (Assorted Brands),pricecatcher:88ab4cf7eb20,NEW_REFERENCE_REQUIRED,SOURCE_CATEGORY,MAPPED,Mapped from the PriceCatcher source category.,1.0,kg,CONVERTED,MYR,679,2.5,2.533063328424153,2.45,25.0,2026-09-07,2.5,2.5,https://storage.data.gov.my/pricecatcher/lookup_item.csv,https://storage.data.gov.my/pricecatcher/pricecatcher_2026-09.csv
992,JATI BRAND RICE (SST5%),10 kg,PACKED GOODS,RICE,14,"Grains, Beans & Pasta",Jati Brand Rice (Sst5%),pricecatcher:dffa078ff0e2,NEW_REFERENCE_REQUIRED,SOURCE_CATEGORY,MAPPED,Mapped from the PriceCatcher source category.,10.0,kg,CONVERTED,MYR,14,26.0,26.0,26.0,26.0,2026-09-07,26.0,2.6,https://storage.data.gov.my/pricecatcher/lookup_item.csv,https://storage.data.gov.my/pricecatcher/pricecatcher_2026-09.csv
1070,MAGGI CHILI SAUCE,340 g,PACKED GOODS,SOY SAUCE AND SAUCES,13,"Condiments, Sauces & Canned Goods",Maggi Chili Sauce,pricecatcher:49066d6146c3,NEW_REFERENCE_REQUIRED,SOURCE_CATEGORY,MAPPED,Mapped from the PriceCatcher source category.,0.34,kg,CONVERTED,MYR,1680,4.3,4.340083333333333,2.99,6.5,2026-09-07,4.3,12.64705882352941,https://storage.data.gov.my/pricecatcher/lookup_item.csv,https://storage.data.gov.my/pricecatcher/pricecatcher_2026-09.csv
1086,DAISY BRAND CORN OIL,1kg,PACKED GOODS,OILS AND FATS,13,"Condiments, Sauces & Canned Goods",Daisy Brand Corn Oil,pricecatcher:fb71c2db7f09,NEW_REFERENCE_REQUIRED,SOURCE_CATEGORY,MAPPED,Mapped from the PriceCatcher source category.,1.0,kg,CONVERTED,MYR,627,16.3,16.010653907496014,12.9,19.9,2026-09-07,16.3,16.3,https://storage.data.gov.my/pricecatcher/lookup_item.csv,https://storage.data.gov.my/pricecatcher/pricecatcher_2026-09.csv
1087,DAISY BRAND CORN OIL,3 kg,PACKED GOODS,OILS AND FATS,13,"Condiments, Sauces & Canned Goods",Daisy Brand Corn Oil,pricecatcher:fb71c2db7f09,NEW_REFERENCE_REQUIRED,SOURCE_CATEGORY,MAPPED,Mapped from the PriceCatcher source category.,3.0,kg,CONVERTED,MYR,562,42.35,41.06713523131673,29.9,49.2,2026-09-07,42.35,14.116666666666664,https://storage.data.gov.my/pricecatcher/lookup_item.csv,https://storage.data.gov.my/pricecatcher/pricecatcher_2026-09.csv
1088,MAZOLA BRAND CORN OIL,3 kg,PACKED GOODS,OILS AND FATS,13,"Condiments, Sauces & Canned Goods",Mazola Brand Corn Oil,pricecatcher:8d658e0dea0a,NEW_REFERENCE_REQUIRED,SOURCE_CATEGORY,MAPPED,Mapped from the PriceCatcher source category.,3.0,kg,CONVERTED,MYR,233,47.9,46.86291845493562,38.88,51.9,2026-09-07,47.9,15.966666666666669,https://storage.data.gov.my/pricecatcher/lookup_item.csv,https://storage.data.gov.my/pricecatcher/pricecatcher_2026-09.csv
1089,VECORN BRAND CORN OIL,3 kg,PACKED GOODS,OILS AND FATS,13,"Condiments, Sauces & Canned Goods",Vecorn Brand Corn Oil,pricecatcher:e966264d3250,NEW_REFERENCE_REQUIRED,SOURCE_CATEGORY,MAPPED,Mapped from the PriceCatcher source category.,3.0,kg,CONVERTED,MYR,208,42.6,42.160288461538464,34.99,59.79,2026-09-07,42.6,14.2,https://storage.data.gov.my/pricecatcher/lookup_item.csv,https://storage.data.gov.my/pricecatcher/pricecatcher_2026-09.csv
1090,VECORN BRAND CORN OIL,1kg,PACKED GOODS,OILS AND FATS,13,"Condiments, Sauces & Canned Goods",Vecorn Brand Corn Oil,pricecatcher:e966264d3250,NEW_REFERENCE_REQUIRED,SOURCE_CATEGORY,MAPPED,Mapped from the PriceCatcher source category.,1.0,kg,CONVERTED,MYR,316,15.34,15.517563291139242,12.8,22.2,2026-09-07,15.34,15.34,https://storage.data.gov.my/pricecatcher/lookup_item.csv,https://storage.data.gov.my/pricecatcher/pricecatcher_2026-09.csv
1091,RED EAGLE BRAND BLENDED COOKING OIL,1kg,PACKED GOODS,OILS AND FATS,13,"Condiments, Sauces & Canned Goods",Red Eagle Brand Blended Cooking Oil,pricecatcher:b25afd02e3a5,NEW_REFERENCE_REQUIRED,SOURCE_CATEGORY,MAPPED,Mapped from the PriceCatcher source category.,1.0,kg,CONVERTED,MYR,575,8.59,8.608973913043478,6.9,11.8,2026-09-07,8.59,8.59,https://storage.data.gov.my/pricecatcher/lookup_item.csv,https://storage.data.gov.my/pricecatcher/pricecatcher_2026-09.csv
1093,KNIFE BRAND BLENDED COOKING OIL,1kg,PACKED GOODS,OILS AND FATS,13,"Condiments, Sauces & Canned Goods",Knife Brand Blended Cooking Oil,pricecatcher:05a9a2f493e0,NEW_REFERENCE_REQUIRED,SOURCE_CATEGORY,MAPPED,Mapped from the PriceCatcher source category.,1.0,kg,CONVERTED,MYR,781,8.5,8.59944942381562,6.1,10.99,2026-09-07,8.5,8.5,https://storage.data.gov.my/pricecatcher/lookup_item.csv,https://storage.data.gov.my/pricecatcher/pricecatcher_2026-09.csv
1094,BURUH BRAND PURE COOKING OIL,1kg,PACKED GOODS,OILS AND FATS,13,"Condiments, Sauces & Canned Goods",Buruh Brand Pure Cooking Oil,pricecatcher:cbe149878187,NEW_REFERENCE_REQUIRED,SOURCE_CATEGORY,MAPPED,Mapped from the PriceCatcher source category.,1.0,kg,CONVERTED,MYR,757,6.9,6.881532364597094,6.69,6.99,2026-09-07,6.9,6.9,https://storage.data.gov.my/pricecatcher/lookup_item.csv,https://storage.data.gov.my/pricecatcher/pricecatcher_2026-09.csv
1095,VESAWIT BRAND PURE COOKING OIL,5 kg,PACKED GOODS,OILS AND FATS,13,"Condiments, Sauces & Canned Goods",Vesawit Brand Pure Cooking Oil,pricecatcher:757a155930a2,NEW_REFERENCE_REQUIRED,SOURCE_CATEGORY,MAPPED,Mapped from the PriceCatcher source category.,5.0,kg,CONVERTED,MYR,749,30.9,30.734686248331105,27.9,30.9,2026-09-07,30.9,6.18,https://storage.data.gov.my/pricecatcher/lookup_item.csv,https://storage.data.gov.my/pricecatcher/pricecatcher_2026-09.csv
1100,SERI MURNI BRAND PURE COOKING OIL,1kg,PACKED GOODS,OILS AND FATS,13,"Condiments, Sauces & Canned Goods",Seri Murni Brand Pure Cooking Oil,pricecatcher:c9bf2d5f51ed,NEW_REFERENCE_REQUIRED,SOURCE_CATEGORY,MAPPED,Mapped from the PriceCatcher source category.,1.0,kg,CONVERTED,MYR,404,6.9,6.900272277227724,6.69,13.3,2026-09-07,6.9,6.9,https://storage.data.gov.my/pricecatcher/lookup_item.csv,https://storage.data.gov.my/pricecatcher/pricecatcher_2026-09.csv
1101,SERI MURNI BRAND PURE COOKING OIL,2 kg,PACKED GOODS,OILS AND FATS,13,"Condiments, Sauces & Canned Goods",Seri Murni Brand Pure Cooking Oil,pricecatcher:c9bf2d5f51ed,NEW_REFERENCE_REQUIRED,SOURCE_CATEGORY,MAPPED,Mapped from the PriceCatcher source category.,2.0,kg,CONVERTED,MYR,968,13.3,13.246818181818185,9.9,30.9,2026-09-07,13.3,6.65,https://storage.data.gov.my/pricecatcher/lookup_item.csv,https://storage.data.gov.my/pricecatcher/pricecatcher_2026-09.csv
1109,CHICKEN EGGS GRADE A,30 pcs,FRESH GOODS,EGGS,18,Eggs,Chicken Eggs Grade A,pricecatcher:72085ac6dfff,NEW_REFERENCE_REQUIRED,SOURCE_CATEGORY,MAPPED,Mapped from the PriceCatcher source category.,30.0,pcs,CONVERTED,MYR,6340,15.49,15.59239432176656,5.0,21.0,2026-09-11,15.49,0.5163333333333333,https://storage.data.gov.my/pricecatcher/lookup_item.csv,https://storage.data.gov.my/pricecatcher/pricecatcher_2026-09.csv
1110,CHICKEN EGGS GRADE B,30 pcs,FRESH GOODS,EGGS,18,Eggs,Chicken Eggs Grade B,pricecatcher:67efa76819d2,NEW_REFERENCE_REQUIRED,SOURCE_CATEGORY,MAPPED,Mapped from the PriceCatcher source category.,30.0,pcs,CONVERTED,MYR,7591,15.0,15.134056119088394,0.5,21.0,2026-09-11,15.0,0.5,https://storage.data.gov.my/pricecatcher/lookup_item.csv,https://storage.data.gov.my/pricecatcher/pricecatcher_2026-09.csv
1111,CHICKEN EGGS GRADE C,30 pcs,FRESH GOODS,EGGS,18,Eggs,Chicken Eggs Grade C,pricecatcher:29a406d23ab4,NEW_REFERENCE_REQUIRED,SOURCE_CATEGORY,MAPPED,Mapped from the PriceCatcher source category.,30.0,pcs,CONVERTED,MYR,6670,14.5,14.81536431784108,8.99,1450.0,2026-09-11,14.5,0.4833333333333333,https://storage.data.gov.my/pricecatcher/lookup_item.csv,https://storage.data.gov.my/pricecatcher/pricecatcher_2026-09.csv
1128,GREEN CAPSICUM,1kg,FRESH GOODS,VEGETABLES,4,Vegetables,Green Capsicum,pricecatcher:7271833e87ed,NEW_REFERENCE_REQUIRED,SOURCE_CATEGORY,MAPPED,Mapped from the PriceCatcher source category.,1.0,kg,CONVERTED,MYR,988,12.99,13.740414979757086,2.49,34.0,2026-09-07,12.99,12.99,https://storage.data.gov.my/pricecatcher/lookup_item.csv,https://storage.data.gov.my/pricecatcher/pricecatcher_2026-09.csv
1131,IMPORTED POTATO (CHINA),1kg,DRY GOODS,POTATOES,4,Vegetables,Imported Potato (China),pricecatcher:944e5c28baf5,NEW_REFERENCE_REQUIRED,SOURCE_CATEGORY,MAPPED,Mapped from the PriceCatcher source category.,1.0,kg,CONVERTED,MYR,10722,2.99,3.112321395262078,0.99,7.98,2026-09-11,2.99,2.99,https://storage.data.gov.my/pricecatcher/lookup_item.csv,https://storage.data.gov.my/pricecatcher/pricecatcher_2026-09.csv
1132,LIME,1kg,FRESH GOODS,FRUITS,5,Fruits,Limes,off:en:limes,EXISTING_REFERENCE,SOURCE_CATEGORY,MAPPED,Mapped from the PriceCatcher source category.,1.0,kg,CONVERTED,MYR,10227,6.9,7.118676053583652,2.24,17.75,2026-09-11,6.49,6.9,https://storage.data.gov.my/pricecatcher/lookup_item.csv,https://storage.data.gov.my/pricecatcher/pricecatcher_2026-09.csv
1135,ADABI SWEET SOY SAUCE,340mL,PACKED GOODS,SOY SAUCE AND SAUCES,13,"Condiments, Sauces & Canned Goods",Adabi Sweet Soy Sauce,pricecatcher:dcb465f12bc4,NEW_REFERENCE_REQUIRED,SOURCE_CATEGORY,MAPPED,Mapped from the PriceCatcher source category.,0.34,L,CONVERTED,MYR,1065,5.2,5.184291079812206,0.7,7.5,2026-09-07,5.2,15.294117647058822,https://storage.data.gov.my/pricecatcher/lookup_item.csv,https://storage.data.gov.my/pricecatcher/pricecatcher_2026-09.csv
1138,MAGGI OYSTER SAUCE,340 g,PACKED GOODS,SOY SAUCE AND SAUCES,13,"Condiments, Sauces & Canned Goods",Maggi Oyster Sauce,pricecatcher:af2ae8d29901,NEW_REFERENCE_REQUIRED,SOURCE_CATEGORY,MAPPED,Mapped from the PriceCatcher source category.,0.34,kg,CONVERTED,MYR,1581,5.9,5.871669829222012,5.2,7.8,2026-09-07,5.9,17.352941176470587,https://storage.data.gov.my/pricecatcher/lookup_item.csv,https://storage.data.gov.my/pricecatcher/pricecatcher_2026-09.csv
1142,ADABI BRAND SARDINES (TOMATO SAUCE WITH CHILI),425 g,PACKED GOODS,CANNED FISH,13,"Condiments, Sauces & Canned Goods",Adabi Brand Sardines (Tomato Sauce With Chili),pricecatcher:64b495b72127,NEW_REFERENCE_REQUIRED,SOURCE_CATEGORY,MAPPED,Mapped from the PriceCatcher source category.,0.425,kg,CONVERTED,MYR,757,9.7,9.617688243064729,0.93,11.49,2026-09-07,9.7,22.823529411764707,https://storage.data.gov.my/pricecatcher/lookup_item.csv,https://storage.data.gov.my/pricecatcher/pricecatcher_2026-09.csv
1144,LADY'S CHOICE CREAMY PEANUT BUTTER,340 g,PACKED GOODS,SPREADS,13,"Condiments, Sauces & Canned Goods",Lady's Choice Creamy Peanut Butter,pricecatcher:c62d9b296cbe,NEW_REFERENCE_REQUIRED,SOURCE_CATEGORY,MAPPED,Mapped from the PriceCatcher source category.,0.34,kg,CONVERTED,MYR,528,14.99,15.121742424242424,12.49,19.5,2026-09-07,14.99,44.088235294117645,https://storage.data.gov.my/pricecatcher/lookup_item.csv,https://storage.data.gov.my/pricecatcher/pricecatcher_2026-09.csv
1145,NESTLE CERELAC BABY RICE - CAN,500 g,MILK AND BABY PRODUCTS,BABY FOOD,11,Baby Food,Nestle Cerelac Baby Rice - Can,pricecatcher:22cd0d82b7ae,NEW_REFERENCE_REQUIRED,SOURCE_CATEGORY,MAPPED,Mapped from the PriceCatcher source category.,0.5,kg,CONVERTED,MYR,1159,17.4,16.93200172562554,11.59,19.99,2026-09-07,17.4,34.8,https://storage.data.gov.my/pricecatcher/lookup_item.csv,https://storage.data.gov.my/pricecatcher/pricecatcher_2026-09.csv
1151,AYAM BRAND COCONUT MILK,1 L,PACKED GOODS,COCONUT MILK (BOX),13,"Condiments, Sauces & Canned Goods",Ayam Brand Coconut Milk,pricecatcher:a59a94b6e750,NEW_REFERENCE_REQUIRED,SOURCE_CATEGORY,MAPPED,Mapped from the PriceCatcher source category.,1.0,L,CONVERTED,MYR,1512,15.845,16.525806878306877,10.99,1650.0,2026-09-07,15.8,15.845,https://storage.data.gov.my/pricecatcher/lookup_item.csv,https://storage.data.gov.my/pricecatcher/pricecatcher_2026-09.csv
1153,ADABI TOM YAM PASTE,40 g,PACKED GOODS,SPICES (PACKED),13,"Condiments, Sauces & Canned Goods",Adabi Tom Yam Paste,pricecatcher:76a6de057ab0,NEW_REFERENCE_REQUIRED,SOURCE_CATEGORY,MAPPED,Mapped from the PriceCatcher source category.,0.04,kg,CONVERTED,MYR,557,2.4,2.3579174147217232,1.79,3.2,2026-09-07,2.4,60.0,https://storage.data.gov.my/pricecatcher/lookup_item.csv,https://storage.data.gov.my/pricecatcher/pricecatcher_2026-09.csv
1355,100 PLUS (ORIGINAL),1.5 L,BEVERAGES,READY TO DRINK,7,Beverages,100 Plus (Original),pricecatcher:d88f33e3ed8d,NEW_REFERENCE_REQUIRED,SOURCE_CATEGORY,MAPPED,Mapped from the PriceCatcher source category.,1.5,L,CONVERTED,MYR,638,3.75,3.6696551724137927,2.49,5.0,2026-09-07,3.75,2.5,https://storage.data.gov.my/pricecatcher/lookup_item.csv,https://storage.data.gov.my/pricecatcher/pricecatcher_2026-09.csv
1367,IMPORTED BONE-IN GOAT/MUTTON LEG (MUTTON) (AUSTRALIA),1kg,FRESH GOODS,MEAT,2,Meat,Imported Bone-In Goat/Mutton Leg (Mutton) (Australia),pricecatcher:04637ce6c641,NEW_REFERENCE_REQUIRED,SOURCE_CATEGORY,MAPPED,Mapped from the PriceCatcher source category.,1.0,kg,CONVERTED,MYR,51,37.99,38.09196078431373,32.0,53.29,2026-09-07,37.9,37.99,https://storage.data.gov.my/pricecatcher/lookup_item.csv,https://storage.data.gov.my/pricecatcher/pricecatcher_2026-09.csv
1368,IMPORTED BONE-IN GOAT/MUTTON LEG (MUTTON) (NEW ZEALAND),1kg,FRESH GOODS,MEAT,2,Meat,Imported Bone-In Goat/Mutton Leg (Mutton) (New Zealand),pricecatcher:7b3af21c1de1,NEW_REFERENCE_REQUIRED,SOURCE_CATEGORY,MAPPED,Mapped from the PriceCatcher source category.,1.0,kg,CONVERTED,MYR,8,38.2,38.175,35.0,40.0,2026-09-07,38.4,38.2,https://storage.data.gov.my/pricecatcher/lookup_item.csv,https://storage.data.gov.my/pricecatcher/pricecatcher_2026-09.csv
1369,LOCAL BONE-IN GOAT MEAT,1kg,FRESH GOODS,MEAT,2,Meat,Local Bone-In Goat Meat,pricecatcher:4094dfb5ee46,NEW_REFERENCE_REQUIRED,SOURCE_CATEGORY,MAPPED,Mapped from the PriceCatcher source category.,1.0,kg,CONVERTED,MYR,15,60.0,58.333333333333336,40.0,70.0,2026-09-07,60.0,60.0,https://storage.data.gov.my/pricecatcher/lookup_item.csv,https://storage.data.gov.my/pricecatcher/pricecatcher_2026-09.csv
1370,IMPORTED BEEF (TOPSIDE),1kg,FRESH GOODS,MEAT,2,Meat,Imported Beef (Topside),pricecatcher:05df77256781,NEW_REFERENCE_REQUIRED,SOURCE_CATEGORY,MAPPED,Mapped from the PriceCatcher source category.,1.0,kg,CONVERTED,MYR,9,47.9,44.44222222222223,23.5,69.99,2026-09-07,47.9,47.9,https://storage.data.gov.my/pricecatcher/lookup_item.csv,https://storage.data.gov.my/pricecatcher/pricecatcher_2026-09.csv
1371,IMPORTED BEEF (BLADE),1kg,FRESH GOODS,MEAT,2,Meat,Imported Beef (Blade),pricecatcher:dde4182d1b0b,NEW_REFERENCE_REQUIRED,SOURCE_CATEGORY,MAPPED,Mapped from the PriceCatcher source category.,1.0,kg,CONVERTED,MYR,15,48.99,47.52466666666666,22.0,54.9,2026-09-07,48.99,48.99,https://storage.data.gov.my/pricecatcher/lookup_item.csv,https://storage.data.gov.my/pricecatcher/pricecatcher_2026-09.csv
1372,IMPORTED BEEF (CHUCK TENDER),1kg,FRESH GOODS,MEAT,2,Meat,Imported Beef (Chuck Tender),pricecatcher:5c06392589cd,NEW_REFERENCE_REQUIRED,SOURCE_CATEGORY,MAPPED,Mapped from the PriceCatcher source category.,1.0,kg,CONVERTED,MYR,9,47.9,45.285555555555554,22.0,69.9,2026-09-07,47.9,47.9,https://storage.data.gov.my/pricecatcher/lookup_item.csv,https://storage.data.gov.my/pricecatcher/pricecatcher_2026-09.csv
1373,IMPORTED BEEF (KNUCKLE),1kg,FRESH GOODS,MEAT,2,Meat,Imported Beef (Knuckle),pricecatcher:8cceb8406e17,NEW_REFERENCE_REQUIRED,SOURCE_CATEGORY,MAPPED,Mapped from the PriceCatcher source category.,1.0,kg,CONVERTED,MYR,20,48.945,50.3425,23.5,69.9,2026-09-07,48.945,48.945,https://storage.data.gov.my/pricecatcher/lookup_item.csv,https://storage.data.gov.my/pricecatcher/pricecatcher_2026-09.csv
1375,IMPORTED BUFFALO MEAT (INDIA) * (SILVERSIDE),1kg,FRESH GOODS,MEAT,2,Meat,Imported Buffalo Meat (India) * (Silverside),pricecatcher:1832d5453d18,NEW_REFERENCE_REQUIRED,SOURCE_CATEGORY,MAPPED,Mapped from the PriceCatcher source category.,1.0,kg,CONVERTED,MYR,139,23.99,24.52093525179856,20.0,33.19,2026-09-07,23.99,23.99,https://storage.data.gov.my/pricecatcher/lookup_item.csv,https://storage.data.gov.my/pricecatcher/pricecatcher_2026-09.csv
1376,IMPORTED BUFFALO MEAT (INDIA) * (RUMP),1kg,FRESH GOODS,MEAT,2,Meat,Imported Buffalo Meat (India) * (Rump),pricecatcher:d48f8950247e,NEW_REFERENCE_REQUIRED,SOURCE_CATEGORY,MAPPED,Mapped from the PriceCatcher source category.,1.0,kg,CONVERTED,MYR,67,23.99,24.15835820895522,20.49,29.0,2026-09-07,23.69,23.99,https://storage.data.gov.my/pricecatcher/lookup_item.csv,https://storage.data.gov.my/pricecatcher/pricecatcher_2026-09.csv
1377,IMPORTED BUFFALO MEAT (INDIA) * (BLADE),1kg,FRESH GOODS,MEAT,2,Meat,Imported Buffalo Meat (India) * (Blade),pricecatcher:0bba5b2388ea,NEW_REFERENCE_REQUIRED,SOURCE_CATEGORY,MAPPED,Mapped from the PriceCatcher source category.,1.0,kg,CONVERTED,MYR,185,24.2,24.94102702702703,19.99,31.99,2026-09-07,24.2,24.2,https://storage.data.gov.my/pricecatcher/lookup_item.csv,https://storage.data.gov.my/pricecatcher/pricecatcher_2026-09.csv
1378,IMPORTED BUFFALO MEAT (INDIA) * (CHUCK),1kg,FRESH GOODS,MEAT,2,Meat,Imported Buffalo Meat (India) * (Chuck),pricecatcher:9f3953eea0d8,NEW_REFERENCE_REQUIRED,SOURCE_CATEGORY,MAPPED,Mapped from the PriceCatcher source category.,1.0,kg,CONVERTED,MYR,114,25.99,26.347280701754386,21.9,34.9,2026-09-07,25.99,25.99,https://storage.data.gov.my/pricecatcher/lookup_item.csv,https://storage.data.gov.my/pricecatcher/pricecatcher_2026-09.csv
1379,PORK (BELLY),1kg,FRESH GOODS,MEAT,2,Meat,Pork Belly,catalogue:187,EXISTING_REFERENCE,SOURCE_CATEGORY,MAPPED,Mapped from the PriceCatcher source category.,1.0,kg,CONVERTED,MYR,83,40.0,41.03831325301205,20.98,85.0,2026-09-07,40.0,40.0,https://storage.data.gov.my/pricecatcher/lookup_item.csv,https://storage.data.gov.my/pricecatcher/pricecatcher_2026-09.csv
1380,PORK (LEAN & FAT),1kg,FRESH GOODS,MEAT,2,Meat,Pork (Lean & Fat),pricecatcher:fb67b9ceb53d,NEW_REFERENCE_REQUIRED,SOURCE_CATEGORY,MAPPED,Mapped from the PriceCatcher source category.,1.0,kg,CONVERTED,MYR,49,31.9,32.17918367346939,18.0,54.0,2026-09-07,32.0,31.9,https://storage.data.gov.my/pricecatcher/lookup_item.csv,https://storage.data.gov.my/pricecatcher/pricecatcher_2026-09.csv
1391,LARGE WHITE PRAWN (WEIGHT BETWEEN 41 AND 60 PCS PER KILOGRAM),1kg,FRESH GOODS,SEAFOOD,3,Seafood,Large White Prawn (Weight Between 41 And 60 Pcs Per Kilogram),pricecatcher:41eb23d74b3d,NEW_REFERENCE_REQUIRED,SOURCE_CATEGORY,MAPPED,Mapped from the PriceCatcher source category.,1.0,kg,CONVERTED,MYR,31,42.0,44.34129032258065,25.0,75.9,2026-09-07,42.0,42.0,https://storage.data.gov.my/pricecatcher/lookup_item.csv,https://storage.data.gov.my/pricecatcher/pricecatcher_2026-09.csv
1396,IMPORTED ROUND CABBAGE (INDONESIA),1kg,FRESH GOODS,VEGETABLES,4,Vegetables,Imported Round Cabbage (Indonesia),pricecatcher:80c76e0b047c,NEW_REFERENCE_REQUIRED,SOURCE_CATEGORY,MAPPED,Mapped from the PriceCatcher source category.,1.0,kg,CONVERTED,MYR,7,4.0,4.0,3.0,5.0,2026-09-07,4.0,4.0,https://storage.data.gov.my/pricecatcher/lookup_item.csv,https://storage.data.gov.my/pricecatcher/pricecatcher_2026-09.csv
1400,IMPORTED LEEK,1kg,FRESH GOODS,VEGETABLES,4,Vegetables,Imported Leek,pricecatcher:183f0717e20d,NEW_REFERENCE_REQUIRED,SOURCE_CATEGORY,MAPPED,Mapped from the PriceCatcher source category.,1.0,kg,CONVERTED,MYR,3,10.99,10.66,7.99,13.0,2026-09-07,10.99,10.99,https://storage.data.gov.my/pricecatcher/lookup_item.csv,https://storage.data.gov.my/pricecatcher/pricecatcher_2026-09.csv
1412,CHINESE LONG CABBAGE - LARGE,1kg,FRESH GOODS,VEGETABLES,4,Vegetables,Chinese Long Cabbage - Large,pricecatcher:a16071ad85d7,NEW_REFERENCE_REQUIRED,SOURCE_CATEGORY,MAPPED,Mapped from the PriceCatcher source category.,1.0,kg,CONVERTED,MYR,11,3.99,3.993636363636364,2.89,5.7,2026-09-07,3.99,3.99,https://storage.data.gov.my/pricecatcher/lookup_item.csv,https://storage.data.gov.my/pricecatcher/pricecatcher_2026-09.csv
1419,REGULAR DHAL (INDIA),1kg,DRY GOODS,BEANS,14,"Grains, Beans & Pasta",Regular Dhal (India),pricecatcher:1066a6d3c96c,NEW_REFERENCE_REQUIRED,SOURCE_CATEGORY,MAPPED,Mapped from the PriceCatcher source category.,1.0,kg,CONVERTED,MYR,2,13.9,13.9,13.9,13.9,2026-09-07,13.9,13.9,https://storage.data.gov.my/pricecatcher/lookup_item.csv,https://storage.data.gov.my/pricecatcher/pricecatcher_2026-09.csv
1420,MALAVI DHAL (INDIA),1kg,DRY GOODS,BEANS,14,"Grains, Beans & Pasta",Malavi Dhal (India),pricecatcher:237693a9285c,NEW_REFERENCE_REQUIRED,SOURCE_CATEGORY,MAPPED,Mapped from the PriceCatcher source category.,1.0,kg,CONVERTED,MYR,4,12.9,12.4,7.9,15.9,2026-09-07,12.9,12.9,https://storage.data.gov.my/pricecatcher/lookup_item.csv,https://storage.data.gov.my/pricecatcher/pricecatcher_2026-09.csv
1422,DHAL (AUSTRALIA),1kg,DRY GOODS,BEANS,14,"Grains, Beans & Pasta",Dhal (Australia),pricecatcher:3b15ff7a3ace,NEW_REFERENCE_REQUIRED,SOURCE_CATEGORY,MAPPED,Mapped from the PriceCatcher source category.,1.0,kg,CONVERTED,MYR,1131,4.99,5.277471264367816,2.6,20.0,2026-09-07,4.99,4.99,https://storage.data.gov.my/pricecatcher/lookup_item.csv,https://storage.data.gov.my/pricecatcher/pricecatcher_2026-09.csv
1431,LOCAL BEEF (PART 1 LEG MEAT (EXCLUDING TENDERLOIN)),1kg,FRESH GOODS,MEAT,2,Meat,Local Beef (Part 1 Leg Meat (Excluding Tenderloin)),pricecatcher:d1765a11fe76,NEW_REFERENCE_REQUIRED,SOURCE_CATEGORY,MAPPED,Mapped from the PriceCatcher source category.,1.0,kg,CONVERTED,MYR,89,36.0,35.63359550561798,25.0,47.9,2026-09-07,36.0,36.0,https://storage.data.gov.my/pricecatcher/lookup_item.csv,https://storage.data.gov.my/pricecatcher/pricecatcher_2026-09.csv
1432,LOCAL BEEF (PART 2 HARD/LEAN MEAT (EXCLUDING TENDERLOIN)),1kg,FRESH GOODS,MEAT,2,Meat,Local Beef (Part 2 Hard/Lean Meat (Excluding Tenderloin)),pricecatcher:6b0745ce3b6d,NEW_REFERENCE_REQUIRED,SOURCE_CATEGORY,MAPPED,Mapped from the PriceCatcher source category.,1.0,kg,CONVERTED,MYR,82,36.0,35.19365853658537,25.0,46.0,2026-09-07,36.0,36.0,https://storage.data.gov.my/pricecatcher/lookup_item.csv,https://storage.data.gov.my/pricecatcher/pricecatcher_2026-09.csv
1436,KERISI FISH (THREADFIN BREAM) (BETWEEN 5 AND 10 FISH PER KILOGRAM),1kg,FRESH GOODS,SEAFOOD,3,Seafood,Kerisi Fish (Threadfin Bream) (Between 5 And 10 Fish Per Kilogram),pricecatcher:1417c777d0b1,NEW_REFERENCE_REQUIRED,SOURCE_CATEGORY,MAPPED,Mapped from the PriceCatcher source category.,1.0,kg,CONVERTED,MYR,7268,15.9,15.912367914144191,2.9,46.9,2026-09-11,15.9,15.9,https://storage.data.gov.my/pricecatcher/lookup_item.csv,https://storage.data.gov.my/pricecatcher/pricecatcher_2026-09.csv
1437,SEABASS (BETWEEN 2 AND 4 FISH PER KILOGRAM),1kg,FRESH GOODS,SEAFOOD,3,Seafood,Seabass (Between 2 And 4 Fish Per Kilogram),pricecatcher:4718abb1535b,NEW_REFERENCE_REQUIRED,SOURCE_CATEGORY,MAPPED,Mapped from the PriceCatcher source category.,1.0,kg,CONVERTED,MYR,582,19.99,19.8545704467354,7.99,39.0,2026-09-07,19.99,19.99,https://storage.data.gov.my/pricecatcher/lookup_item.csv,https://storage.data.gov.my/pricecatcher/pricecatcher_2026-09.csv
1438,SPANISH MACKEREL - STICK/WHOLE (SLICED),1kg,FRESH GOODS,SEAFOOD,3,Seafood,Spanish Mackerel - Stick/Whole (Sliced),pricecatcher:7e287190f639,NEW_REFERENCE_REQUIRED,SOURCE_CATEGORY,MAPPED,Mapped from the PriceCatcher source category.,1.0,kg,CONVERTED,MYR,308,48.945,49.98827922077922,25.0,89.9,2026-09-07,48.99,48.945,https://storage.data.gov.my/pricecatcher/lookup_item.csv,https://storage.data.gov.my/pricecatcher/pricecatcher_2026-09.csv
1440,IMPORTED BIG ONION (INDIA),1kg,DRY GOODS,ONION/GARLIC,4,Vegetables,Imported Big Onion (India),pricecatcher:1a4146e0bec2,NEW_REFERENCE_REQUIRED,SOURCE_CATEGORY,MAPPED,Mapped from the PriceCatcher source category.,1.0,kg,CONVERTED,MYR,10224,3.69,3.728740219092332,0.3,10.0,2026-09-11,3.9,3.69,https://storage.data.gov.my/pricecatcher/lookup_item.csv,https://storage.data.gov.my/pricecatcher/pricecatcher_2026-09.csv
1441,IMPORTED BIG ONION (CHINA),1kg,DRY GOODS,ONION/GARLIC,4,Vegetables,Imported Big Onion (China),pricecatcher:78a3ee7e51bc,NEW_REFERENCE_REQUIRED,SOURCE_CATEGORY,MAPPED,Mapped from the PriceCatcher source category.,1.0,kg,CONVERTED,MYR,1306,2.99,3.314096477794793,1.5,10.0,2026-09-11,2.99,2.99,https://storage.data.gov.my/pricecatcher/lookup_item.csv,https://storage.data.gov.my/pricecatcher/pricecatcher_2026-09.csv
1442,IMPORTED REGULAR SHALLOTS (INDIA),1kg,DRY GOODS,ONION/GARLIC,4,Vegetables,Imported Regular Shallots (India),pricecatcher:365140f5c506,NEW_REFERENCE_REQUIRED,SOURCE_CATEGORY,MAPPED,Mapped from the PriceCatcher source category.,1.0,kg,CONVERTED,MYR,6879,3.99,4.116037214711441,0.09,12.0,2026-09-11,4.0,3.99,https://storage.data.gov.my/pricecatcher/lookup_item.csv,https://storage.data.gov.my/pricecatcher/pricecatcher_2026-09.csv
1443,IMPORTED SHALLOTS (CHINA),1kg,DRY GOODS,ONION/GARLIC,4,Vegetables,Imported Shallots (China),pricecatcher:206c86792677,NEW_REFERENCE_REQUIRED,SOURCE_CATEGORY,MAPPED,Mapped from the PriceCatcher source category.,1.0,kg,CONVERTED,MYR,96,4.995,4.598645833333333,1.69,8.5,2026-09-11,5.0,4.995,https://storage.data.gov.my/pricecatcher/lookup_item.csv,https://storage.data.gov.my/pricecatcher/pricecatcher_2026-09.csv
1444,IMPORTED SHALLOTS (MYANMAR),1kg,DRY GOODS,ONION/GARLIC,4,Vegetables,Imported Shallots (Myanmar),pricecatcher:b5477f12c577,NEW_REFERENCE_REQUIRED,SOURCE_CATEGORY,MAPPED,Mapped from the PriceCatcher source category.,1.0,kg,CONVERTED,MYR,53,6.0,6.150943396226415,2.9,9.0,2026-09-11,7.0,6.0,https://storage.data.gov.my/pricecatcher/lookup_item.csv,https://storage.data.gov.my/pricecatcher/pricecatcher_2026-09.csv
1445,FAIZA EMAS BRAND RICE (SST5%),10 kg,PACKED GOODS,RICE,14,"Grains, Beans & Pasta",Faiza Emas Brand Rice (Sst5%),pricecatcher:fd30a51d37f9,NEW_REFERENCE_REQUIRED,SOURCE_CATEGORY,MAPPED,Mapped from the PriceCatcher source category.,10.0,kg,CONVERTED,MYR,22,26.0,26.21,25.95,30.79,2026-09-07,26.0,2.6,https://storage.data.gov.my/pricecatcher/lookup_item.csv,https://storage.data.gov.my/pricecatcher/pricecatcher_2026-09.csv
1458,IMPORTED ROUND CABBAGE (BEIJING),1kg,FRESH GOODS,VEGETABLES,4,Vegetables,Imported Round Cabbage (Beijing),pricecatcher:0a38c6d87ab3,NEW_REFERENCE_REQUIRED,SOURCE_CATEGORY,MAPPED,Mapped from the PriceCatcher source category.,1.0,kg,CONVERTED,MYR,10254,4.5,4.541844158377219,0.8,12.0,2026-09-11,4.49,4.5,https://storage.data.gov.my/pricecatcher/lookup_item.csv,https://storage.data.gov.my/pricecatcher/pricecatcher_2026-09.csv
1475,WHITE POMFRET (BETWEEN 2 AND 5 FISH PER KILOGRAM),1kg,FRESH GOODS,SEAFOOD,3,Seafood,White Pomfret (Between 2 And 5 Fish Per Kilogram),pricecatcher:014b14cdd1ce,NEW_REFERENCE_REQUIRED,SOURCE_CATEGORY,MAPPED,Mapped from the PriceCatcher source category.,1.0,kg,CONVERTED,MYR,1172,47.195,51.80244880546075,20.9,99.0,2026-09-11,46.45,47.195,https://storage.data.gov.my/pricecatcher/lookup_item.csv,https://storage.data.gov.my/pricecatcher/pricecatcher_2026-09.csv
1476,INDIAN MACKEREL (BETWEEN 8 AND 12 FISH PER KILOGRAM),1kg,FRESH GOODS,SEAFOOD,3,Seafood,Indian Mackerel (Between 8 And 12 Fish Per Kilogram),pricecatcher:bbfbac2e1c80,NEW_REFERENCE_REQUIRED,SOURCE_CATEGORY,MAPPED,Mapped from the PriceCatcher source category.,1.0,kg,CONVERTED,MYR,4782,16.0,16.607467586783773,6.0,30.0,2026-09-11,16.0,16.0,https://storage.data.gov.my/pricecatcher/lookup_item.csv,https://storage.data.gov.my/pricecatcher/pricecatcher_2026-09.csv
1477,MABUNG FISH (BETWEEN 6 AND 10 FISH PER KILOGRAM),1kg,FRESH GOODS,SEAFOOD,3,Seafood,Mabung Fish (Between 6 And 10 Fish Per Kilogram),pricecatcher:497a15e8ecdb,NEW_REFERENCE_REQUIRED,SOURCE_CATEGORY,MAPPED,Mapped from the PriceCatcher source category.,1.0,kg,CONVERTED,MYR,3948,19.9,19.702109929078016,6.0,39.9,2026-09-11,19.9,19.9,https://storage.data.gov.my/pricecatcher/lookup_item.csv,https://storage.data.gov.my/pricecatcher/pricecatcher_2026-09.csv
1479,BROCCOLI,1kg,FRESH GOODS,VEGETABLES,4,Vegetables,Broccoli,off:en:broccoli,EXISTING_REFERENCE,SOURCE_CATEGORY,MAPPED,Mapped from the PriceCatcher source category.,1.0,kg,CONVERTED,MYR,764,11.9,11.809816753926702,2.9,23.0,2026-09-07,11.9,11.9,https://storage.data.gov.my/pricecatcher/lookup_item.csv,https://storage.data.gov.my/pricecatcher/pricecatcher_2026-09.csv
1481,CAULIFLOWER,1kg,FRESH GOODS,VEGETABLES,4,Vegetables,Cauliflowers,off:en:cauliflowers,EXISTING_REFERENCE,SOURCE_CATEGORY,MAPPED,Mapped from the PriceCatcher source category.,1.0,kg,CONVERTED,MYR,11142,7.99,8.117684437264405,0.9,20.0,2026-09-11,7.99,7.99,https://storage.data.gov.my/pricecatcher/lookup_item.csv,https://storage.data.gov.my/pricecatcher/pricecatcher_2026-09.csv
1482,LONG CABBAGE (LOCAL),1kg,FRESH GOODS,VEGETABLES,4,Vegetables,Long Cabbage (Local),pricecatcher:4ccc32a70fab,NEW_REFERENCE_REQUIRED,SOURCE_CATEGORY,MAPPED,Mapped from the PriceCatcher source category.,1.0,kg,CONVERTED,MYR,1,3.9,3.9,3.9,3.9,2026-09-07,3.9,3.9,https://storage.data.gov.my/pricecatcher/lookup_item.csv,https://storage.data.gov.my/pricecatcher/pricecatcher_2026-09.csv
1483,WET YELLOW NOODLES (ASSORTED BRANDS),+-450g,FRESH GOODS,NOODLES/KUEY TEOW,14,"Grains, Beans & Pasta",Wet Yellow Noodles (Assorted Brands),pricecatcher:8942025915b1,NEW_REFERENCE_REQUIRED,SOURCE_CATEGORY,MAPPED,Mapped from the PriceCatcher source category.,0.45,kg,APPROXIMATE,MYR,1268,1.8,1.8219794952681387,0.99,4.0,2026-09-07,1.8,4.0,https://storage.data.gov.my/pricecatcher/lookup_item.csv,https://storage.data.gov.my/pricecatcher/pricecatcher_2026-09.csv
1489,TAMARIND (SEEDED) ASSORTED BRANDS,200 g,PACKED GOODS,SPICES (PACKED),13,"Condiments, Sauces & Canned Goods",Tamarind (Seeded) Assorted Brands,pricecatcher:7023cd87b6b2,NEW_REFERENCE_REQUIRED,SOURCE_CATEGORY,MAPPED,Mapped from the PriceCatcher source category.,0.2,kg,CONVERTED,MYR,539,1.4,1.492578849721707,1.04,4.2,2026-09-07,1.4,6.999999999999999,https://storage.data.gov.my/pricecatcher/lookup_item.csv,https://storage.data.gov.my/pricecatcher/pricecatcher_2026-09.csv
1491,THAI GLUTINOUS RICE (MILK) ASSORTED BRANDS,1kg,PACKED GOODS,RICE,14,"Grains, Beans & Pasta",Thai Glutinous Rice (Milk) Assorted Brands,pricecatcher:288d5296136c,NEW_REFERENCE_REQUIRED,SOURCE_CATEGORY,MAPPED,Mapped from the PriceCatcher source category.,1.0,kg,CONVERTED,MYR,4,9.3,8.8475,6.99,9.8,2026-09-07,9.3,9.3,https://storage.data.gov.my/pricecatcher/lookup_item.csv,https://storage.data.gov.my/pricecatcher/pricecatcher_2026-09.csv
1492,THAI GLUTINOUS RICE (REGULAR) ASSORTED BRANDS,1kg,PACKED GOODS,RICE,14,"Grains, Beans & Pasta",Thai Glutinous Rice (Regular) Assorted Brands,pricecatcher:3300934971c2,NEW_REFERENCE_REQUIRED,SOURCE_CATEGORY,MAPPED,Mapped from the PriceCatcher source category.,1.0,kg,CONVERTED,MYR,3,7.85,7.55,6.9,7.9,2026-09-07,7.85,7.85,https://storage.data.gov.my/pricecatcher/lookup_item.csv,https://storage.data.gov.my/pricecatcher/pricecatcher_2026-09.csv
1507,COCA COLA (CAN),320 mL,BEVERAGES,READY TO DRINK,7,Beverages,Coca Cola (Can),pricecatcher:846d3984b786,NEW_REFERENCE_REQUIRED,SOURCE_CATEGORY,MAPPED,Mapped from the PriceCatcher source category.,0.32,L,CONVERTED,MYR,560,1.98,2.0193571428571437,1.39,19.99,2026-09-07,1.98,6.1875,https://storage.data.gov.my/pricecatcher/lookup_item.csv,https://storage.data.gov.my/pricecatcher/pricecatcher_2026-09.csv
1515,HEINZ FARLEY RUSKS (ASSORTED FLAVORS),120 g,MILK AND BABY PRODUCTS,BABY FOOD,11,Baby Food,Heinz Farley Rusks (Assorted Flavors),pricecatcher:dbdce5b97d28,NEW_REFERENCE_REQUIRED,SOURCE_CATEGORY,MAPPED,Mapped from the PriceCatcher source category.,0.12,kg,CONVERTED,MYR,216,9.0,8.945185185185185,5.47,11.19,2026-09-07,9.0,75.0,https://storage.data.gov.my/pricecatcher/lookup_item.csv,https://storage.data.gov.my/pricecatcher/pricecatcher_2026-09.csv
1517,HEINZ APPLE PUREE,110 g,MILK AND BABY PRODUCTS,BABY FOOD,11,Baby Food,Heinz Apple Puree,pricecatcher:8e3c0173aeab,NEW_REFERENCE_REQUIRED,SOURCE_CATEGORY,MAPPED,Mapped from the PriceCatcher source category.,0.11,kg,CONVERTED,MYR,151,7.7,7.535430463576159,5.9,8.69,2026-09-07,7.7,70.0,https://storage.data.gov.my/pricecatcher/lookup_item.csv,https://storage.data.gov.my/pricecatcher/pricecatcher_2026-09.csv
1544,ADABI CHINESE FRIED RICE POWDER,17 g,PACKED GOODS,SPICES (PACKED),13,"Condiments, Sauces & Canned Goods",Adabi Chinese Fried Rice Powder,pricecatcher:ec975f35511b,NEW_REFERENCE_REQUIRED,SOURCE_CATEGORY,MAPPED,Mapped from the PriceCatcher source category.,0.017,kg,CONVERTED,MYR,608,1.39,1.4119901315789474,0.99,3.4,2026-09-07,1.39,81.76470588235293,https://storage.data.gov.my/pricecatcher/lookup_item.csv,https://storage.data.gov.my/pricecatcher/pricecatcher_2026-09.csv
1545,SERI AJI ANCHOVY FRIED RICE PASTE,26g,PACKED GOODS,SPICES (PACKED),13,"Condiments, Sauces & Canned Goods",Seri Aji Anchovy Fried Rice Paste,pricecatcher:aa016a937e5f,NEW_REFERENCE_REQUIRED,SOURCE_CATEGORY,MAPPED,Mapped from the PriceCatcher source category.,0.026,kg,CONVERTED,MYR,516,1.48,1.43468992248062,0.99,1.9,2026-09-07,1.48,56.92307692307693,https://storage.data.gov.my/pricecatcher/lookup_item.csv,https://storage.data.gov.my/pricecatcher/pricecatcher_2026-09.csv
1547,PEPSI COLA (CAN),320 mL,BEVERAGES,READY TO DRINK,7,Beverages,Pepsi Cola (Can),pricecatcher:2a1467ebb3bc,NEW_REFERENCE_REQUIRED,SOURCE_CATEGORY,MAPPED,Mapped from the PriceCatcher source category.,0.32,L,CONVERTED,MYR,510,1.8,1.835058823529412,1.0,2.99,2026-09-07,1.8,5.625,https://storage.data.gov.my/pricecatcher/lookup_item.csv,https://storage.data.gov.my/pricecatcher/pricecatcher_2026-09.csv
1550,CHICKEN LEG (CHICKEN DRUMSTICK),1kg,FRESH GOODS,CHICKEN,2,Meat,Chicken Leg (Chicken Drumstick),pricecatcher:4eeb91262b22,NEW_REFERENCE_REQUIRED,SOURCE_CATEGORY,MAPPED,Mapped from the PriceCatcher source category.,1.0,kg,CONVERTED,MYR,713,15.5,15.639467040673212,10.5,22.9,2026-09-07,15.49,15.5,https://storage.data.gov.my/pricecatcher/lookup_item.csv,https://storage.data.gov.my/pricecatcher/pricecatcher_2026-09.csv
1551,CHICKEN BREAST (CHICKEN KEEL),1kg,FRESH GOODS,CHICKEN,2,Meat,Chicken Breast (Chicken Keel),pricecatcher:187fc6b6f9ba,NEW_REFERENCE_REQUIRED,SOURCE_CATEGORY,MAPPED,Mapped from the PriceCatcher source category.,1.0,kg,CONVERTED,MYR,574,13.895,16.214337979094076,9.59,1359.0,2026-09-07,13.8,13.895,https://storage.data.gov.my/pricecatcher/lookup_item.csv,https://storage.data.gov.my/pricecatcher/pricecatcher_2026-09.csv
1552,CHICKEN THIGH,1kg,FRESH GOODS,CHICKEN,2,Meat,Chicken Thigh,catalogue:153,EXISTING_REFERENCE,SOURCE_CATEGORY,MAPPED,Mapped from the PriceCatcher source category.,1.0,kg,CONVERTED,MYR,482,11.99,12.735871369294609,7.69,22.5,2026-09-07,11.99,11.99,https://storage.data.gov.my/pricecatcher/lookup_item.csv,https://storage.data.gov.my/pricecatcher/pricecatcher_2026-09.csv
1553,WHOLE CHICKEN LEG,1kg,FRESH GOODS,CHICKEN,2,Meat,Whole Chicken Leg,pricecatcher:933125c3443b,NEW_REFERENCE_REQUIRED,SOURCE_CATEGORY,MAPPED,Mapped from the PriceCatcher source category.,1.0,kg,CONVERTED,MYR,985,15.59,15.636324873096449,10.9,23.9,2026-09-07,15.55,15.59,https://storage.data.gov.my/pricecatcher/lookup_item.csv,https://storage.data.gov.my/pricecatcher/pricecatcher_2026-09.csv
1554,RED SNAPPER (SLICED),1kg,FRESH GOODS,SEAFOOD,3,Seafood,Red Snapper (Sliced),pricecatcher:f3d4f2bf3915,NEW_REFERENCE_REQUIRED,SOURCE_CATEGORY,MAPPED,Mapped from the PriceCatcher source category.,1.0,kg,CONVERTED,MYR,315,52.69,57.280476190476186,27.9,99.9,2026-09-07,52.69,52.69,https://storage.data.gov.my/pricecatcher/lookup_item.csv,https://storage.data.gov.my/pricecatcher/pricecatcher_2026-09.csv
1555,WHITE PRAWN/VANNAMEI (FARMED) (BETWEEN 41 AND 60 PCS PER KILOGRAM),1kg,FRESH GOODS,SEAFOOD,3,Seafood,White Prawn/Vannamei (Farmed) (Between 41 And 60 Pcs Per Kilogram),pricecatcher:417dcdd2bc57,NEW_REFERENCE_REQUIRED,SOURCE_CATEGORY,MAPPED,Mapped from the PriceCatcher source category.,1.0,kg,CONVERTED,MYR,7690,33.99,34.42886085825747,19.99,65.9,2026-09-11,33.0,33.99,https://storage.data.gov.my/pricecatcher/lookup_item.csv,https://storage.data.gov.my/pricecatcher/pricecatcher_2026-09.csv
1556,GREEN SPINACH,1kg,FRESH GOODS,VEGETABLES,4,Vegetables,Green Spinach,pricecatcher:1286d90ee79f,NEW_REFERENCE_REQUIRED,SOURCE_CATEGORY,MAPPED,Mapped from the PriceCatcher source category.,1.0,kg,CONVERTED,MYR,7945,4.99,5.302867212083071,0.5,19.95,2026-09-11,4.99,4.99,https://storage.data.gov.my/pricecatcher/lookup_item.csv,https://storage.data.gov.my/pricecatcher/pricecatcher_2026-09.csv
1558,GREEN MUSTARD GREENS,1kg,FRESH GOODS,VEGETABLES,4,Vegetables,Green Mustard Greens,pricecatcher:efbf6bf415e4,NEW_REFERENCE_REQUIRED,SOURCE_CATEGORY,MAPPED,Mapped from the PriceCatcher source category.,1.0,kg,CONVERTED,MYR,10115,5.0,5.356621848739496,1.0,19.95,2026-09-11,5.0,5.0,https://storage.data.gov.my/pricecatcher/lookup_item.csv,https://storage.data.gov.my/pricecatcher/pricecatcher_2026-09.csv
1559,WATER SPINACH (KANGKUNG),1kg,FRESH GOODS,VEGETABLES,4,Vegetables,Water Spinach (Kangkung),pricecatcher:80a76ceae680,NEW_REFERENCE_REQUIRED,SOURCE_CATEGORY,MAPPED,Mapped from the PriceCatcher source category.,1.0,kg,CONVERTED,MYR,8593,4.99,5.206853252647504,0.49,19.95,2026-09-11,4.99,4.99,https://storage.data.gov.my/pricecatcher/lookup_item.csv,https://storage.data.gov.my/pricecatcher/pricecatcher_2026-09.csv
1560,KAILAN (CHINESE KALE),1kg,FRESH GOODS,VEGETABLES,4,Vegetables,Kailan (Chinese Kale),pricecatcher:c39e888e4482,NEW_REFERENCE_REQUIRED,SOURCE_CATEGORY,MAPPED,Mapped from the PriceCatcher source category.,1.0,kg,CONVERTED,MYR,7007,7.0,8.094895104895105,0.5,24.95,2026-09-11,7.0,7.0,https://storage.data.gov.my/pricecatcher/lookup_item.csv,https://storage.data.gov.my/pricecatcher/pricecatcher_2026-09.csv
1562,DRIED PRAWN,100 g,DRY GOODS,DRIED SEAFOOD,3,Seafood,Dried Prawn,pricecatcher:670179c0bbf2,NEW_REFERENCE_REQUIRED,SOURCE_CATEGORY,MAPPED,Mapped from the PriceCatcher source category.,0.1,kg,CONVERTED,MYR,431,7.9,8.258538283062645,4.29,19.5,2026-09-07,7.9,79.0,https://storage.data.gov.my/pricecatcher/lookup_item.csv,https://storage.data.gov.my/pricecatcher/pricecatcher_2026-09.csv
1563,DRIED SQUID (MEDIUM SIZE),1kg,DRY GOODS,DRIED SEAFOOD,3,Seafood,Dried Squid (Medium Size),pricecatcher:7e524f3c9b8c,NEW_REFERENCE_REQUIRED,SOURCE_CATEGORY,MAPPED,Mapped from the PriceCatcher source category.,1.0,kg,CONVERTED,MYR,80,98.0,108.784875,45.0,278.6,2026-09-07,98.0,98.0,https://storage.data.gov.my/pricecatcher/lookup_item.csv,https://storage.data.gov.my/pricecatcher/pricecatcher_2026-09.csv
1564,IMPORTED GARLIC (CHINA),1kg,DRY GOODS,ONION/GARLIC,4,Vegetables,Imported Garlic (China),pricecatcher:73155e408c2f,NEW_REFERENCE_REQUIRED,SOURCE_CATEGORY,MAPPED,Mapped from the PriceCatcher source category.,1.0,kg,CONVERTED,MYR,12246,8.9,9.093980075126572,3.9,95.0,2026-09-11,8.5,8.9,https://storage.data.gov.my/pricecatcher/lookup_item.csv,https://storage.data.gov.my/pricecatcher/pricecatcher_2026-09.csv
1568,ADABI FISH CURRY POWDER,250 g,PACKED GOODS,SPICES (PACKED),13,"Condiments, Sauces & Canned Goods",Adabi Fish Curry Powder,pricecatcher:8bc57f1f2824,NEW_REFERENCE_REQUIRED,SOURCE_CATEGORY,MAPPED,Mapped from the PriceCatcher source category.,0.25,kg,CONVERTED,MYR,1533,6.7,6.748825831702544,4.9,55.0,2026-09-07,6.7,26.8,https://storage.data.gov.my/pricecatcher/lookup_item.csv,https://storage.data.gov.my/pricecatcher/pricecatcher_2026-09.csv
1570,ADABI CHICKEN AND MEAT CURRY POWDER,250 g,PACKED GOODS,SPICES (PACKED),13,"Condiments, Sauces & Canned Goods",Adabi Chicken And Meat Curry Powder,pricecatcher:4cc1721c3bfb,NEW_REFERENCE_REQUIRED,SOURCE_CATEGORY,MAPPED,Mapped from the PriceCatcher source category.,0.25,kg,CONVERTED,MYR,1621,6.5,6.661388032078964,4.99,11.5,2026-09-07,6.5,26.0,https://storage.data.gov.my/pricecatcher/lookup_item.csv,https://storage.data.gov.my/pricecatcher/pricecatcher_2026-09.csv
1572,BABAS MEAT CURRY POWDER,250 g,PACKED GOODS,SPICES (PACKED),13,"Condiments, Sauces & Canned Goods",Babas Meat Curry Powder,pricecatcher:04f26433d70e,NEW_REFERENCE_REQUIRED,SOURCE_CATEGORY,MAPPED,Mapped from the PriceCatcher source category.,0.25,kg,CONVERTED,MYR,1845,6.3,6.283848238482385,4.5,8.5,2026-09-07,6.3,25.2,https://storage.data.gov.my/pricecatcher/lookup_item.csv,https://storage.data.gov.my/pricecatcher/pricecatcher_2026-09.csv
1577,ADABI SOUP SPICE POWDER,250 g,PACKED GOODS,SPICES (PACKED),13,"Condiments, Sauces & Canned Goods",Adabi Soup Spice Powder,pricecatcher:63b0ddb4dd87,NEW_REFERENCE_REQUIRED,SOURCE_CATEGORY,MAPPED,Mapped from the PriceCatcher source category.,0.25,kg,CONVERTED,MYR,1467,9.1,9.170872528970689,6.2,12.5,2026-09-07,9.1,36.4,https://storage.data.gov.my/pricecatcher/lookup_item.csv,https://storage.data.gov.my/pricecatcher/pricecatcher_2026-09.csv
1581,RAMBUTAN BRAND RICE (SST5%),10 kg,PACKED GOODS,RICE,14,"Grains, Beans & Pasta",Rambutan Brand Rice (Sst5%),pricecatcher:67c861c2d6e8,NEW_REFERENCE_REQUIRED,SOURCE_CATEGORY,MAPPED,Mapped from the PriceCatcher source category.,10.0,kg,CONVERTED,MYR,6,26.0,27.488333333333333,25.94,34.99,2026-09-07,26.0,2.6,https://storage.data.gov.my/pricecatcher/lookup_item.csv,https://storage.data.gov.my/pricecatcher/pricecatcher_2026-09.csv
1582,JASMINE BRAND RICE (SST5%),10 kg,PACKED GOODS,RICE,14,"Grains, Beans & Pasta",Jasmine Brand Rice (Sst5%),pricecatcher:c227529c8ad7,NEW_REFERENCE_REQUIRED,SOURCE_CATEGORY,MAPPED,Mapped from the PriceCatcher source category.,10.0,kg,CONVERTED,MYR,47,26.0,26.0,26.0,26.0,2026-09-07,26.0,2.6,https://storage.data.gov.my/pricecatcher/lookup_item.csv,https://storage.data.gov.my/pricecatcher/pricecatcher_2026-09.csv
1583,JATI TWR 5% BRAND SUPER RICE (IMPORTED),10 kg,PACKED GOODS,RICE,14,"Grains, Beans & Pasta",Jati Twr 5% Brand Super Rice (Imported),pricecatcher:a075efd36dd6,NEW_REFERENCE_REQUIRED,SOURCE_CATEGORY,MAPPED,Mapped from the PriceCatcher source category.,10.0,kg,CONVERTED,MYR,221,32.9,33.45891402714932,29.59,42.29,2026-09-11,32.6,3.29,https://storage.data.gov.my/pricecatcher/lookup_item.csv,https://storage.data.gov.my/pricecatcher/pricecatcher_2026-09.csv
1584,LOCAL DRIED VERMICELLI (ASSORTED BRANDS),400 g,PACKED GOODS,VERMICELLI,14,"Grains, Beans & Pasta",Local Dried Vermicelli (Assorted Brands),pricecatcher:63b42a96fd9b,NEW_REFERENCE_REQUIRED,SOURCE_CATEGORY,MAPPED,Mapped from the PriceCatcher source category.,0.4,kg,CONVERTED,MYR,1406,3.0,3.0349715504978665,1.89,5.99,2026-09-07,2.99,7.5,https://storage.data.gov.my/pricecatcher/lookup_item.csv,https://storage.data.gov.my/pricecatcher/pricecatcher_2026-09.csv
1585,IMPORTED DRIED VERMICELLI (ASSORTED BRANDS),400 g,PACKED GOODS,VERMICELLI,14,"Grains, Beans & Pasta",Imported Dried Vermicelli (Assorted Brands),pricecatcher:8424dcb2fb75,NEW_REFERENCE_REQUIRED,SOURCE_CATEGORY,MAPPED,Mapped from the PriceCatcher source category.,0.4,kg,CONVERTED,MYR,1257,3.7,3.7324184566428,2.5,5.75,2026-09-07,3.7,9.25,https://storage.data.gov.my/pricecatcher/lookup_item.csv,https://storage.data.gov.my/pricecatcher/pricecatcher_2026-09.csv
1588,SOFT BROWN SUGAR (ASSORTED BRANDS),+- 500g,PACKED GOODS,SUGAR,15,Shelf-Stable Foods,Soft Brown Sugar (Assorted Brands),pricecatcher:bd4d7d1b81e8,NEW_REFERENCE_REQUIRED,SOURCE_CATEGORY,MAPPED,Mapped from the PriceCatcher source category.,0.5,kg,APPROXIMATE,MYR,407,3.2,3.550294840294841,2.35,5.9,2026-09-07,3.2,6.4,https://storage.data.gov.my/pricecatcher/lookup_item.csv,https://storage.data.gov.my/pricecatcher/pricecatcher_2026-09.csv
1589,COARSE FILTERED WHITE SUGAR (ASSORTED BRANDS),1kg,PACKED GOODS,SUGAR,15,Shelf-Stable Foods,Coarse Filtered White Sugar (Assorted Brands),pricecatcher:46ea6b04fb56,NEW_REFERENCE_REQUIRED,SOURCE_CATEGORY,MAPPED,Mapped from the PriceCatcher source category.,1.0,kg,CONVERTED,MYR,1844,2.85,2.8496475054229946,2.75,2.95,2026-09-07,2.85,2.85,https://storage.data.gov.my/pricecatcher/lookup_item.csv,https://storage.data.gov.my/pricecatcher/pricecatcher_2026-09.csv
1590,FINE FILTERED WHITE SUGAR (ASSORTED BRANDS),1kg,PACKED GOODS,SUGAR,15,Shelf-Stable Foods,Fine Filtered White Sugar (Assorted Brands),pricecatcher:20ba068a37f4,NEW_REFERENCE_REQUIRED,SOURCE_CATEGORY,MAPPED,Mapped from the PriceCatcher source category.,1.0,kg,CONVERTED,MYR,607,2.95,2.949654036243821,2.85,2.95,2026-09-07,2.95,2.95,https://storage.data.gov.my/pricecatcher/lookup_item.csv,https://storage.data.gov.my/pricecatcher/pricecatcher_2026-09.csv
1595,DAISY BRAND CORN OIL,2 kg,PACKED GOODS,OILS AND FATS,13,"Condiments, Sauces & Canned Goods",Daisy Brand Corn Oil,pricecatcher:fb71c2db7f09,NEW_REFERENCE_REQUIRED,SOURCE_CATEGORY,MAPPED,Mapped from the PriceCatcher source category.,2.0,kg,CONVERTED,MYR,529,29.5,28.81381852551985,24.49,39.99,2026-09-07,29.5,14.75,https://storage.data.gov.my/pricecatcher/lookup_item.csv,https://storage.data.gov.my/pricecatcher/pricecatcher_2026-09.csv
1596,MAZOLA BRAND CORN OIL,2 kg,PACKED GOODS,OILS AND FATS,13,"Condiments, Sauces & Canned Goods",Mazola Brand Corn Oil,pricecatcher:8d658e0dea0a,NEW_REFERENCE_REQUIRED,SOURCE_CATEGORY,MAPPED,Mapped from the PriceCatcher source category.,2.0,kg,CONVERTED,MYR,34,29.55,29.37941176470588,26.85,32.2,2026-09-07,29.55,14.775,https://storage.data.gov.my/pricecatcher/lookup_item.csv,https://storage.data.gov.my/pricecatcher/pricecatcher_2026-09.csv
1597,VECORN BRAND CORN OIL,2 kg,PACKED GOODS,OILS AND FATS,13,"Condiments, Sauces & Canned Goods",Vecorn Brand Corn Oil,pricecatcher:e966264d3250,NEW_REFERENCE_REQUIRED,SOURCE_CATEGORY,MAPPED,Mapped from the PriceCatcher source category.,2.0,kg,CONVERTED,MYR,211,29.5,29.38516587677725,24.39,39.59,2026-09-07,29.5,14.75,https://storage.data.gov.my/pricecatcher/lookup_item.csv,https://storage.data.gov.my/pricecatcher/pricecatcher_2026-09.csv
1598,RED EAGLE BRAND BLENDED COOKING OIL,2 kg,PACKED GOODS,OILS AND FATS,13,"Condiments, Sauces & Canned Goods",Red Eagle Brand Blended Cooking Oil,pricecatcher:b25afd02e3a5,NEW_REFERENCE_REQUIRED,SOURCE_CATEGORY,MAPPED,Mapped from the PriceCatcher source category.,2.0,kg,CONVERTED,MYR,791,16.2,16.455158027812896,13.3,20.9,2026-09-07,16.2,8.1,https://storage.data.gov.my/pricecatcher/lookup_item.csv,https://storage.data.gov.my/pricecatcher/pricecatcher_2026-09.csv
1600,KNIFE BRAND BLENDED COOKING OIL,2 kg,PACKED GOODS,OILS AND FATS,13,"Condiments, Sauces & Canned Goods",Knife Brand Blended Cooking Oil,pricecatcher:05a9a2f493e0,NEW_REFERENCE_REQUIRED,SOURCE_CATEGORY,MAPPED,Mapped from the PriceCatcher source category.,2.0,kg,CONVERTED,MYR,877,15.99,16.12981755986317,12.9,18.99,2026-09-07,15.99,7.995,https://storage.data.gov.my/pricecatcher/lookup_item.csv,https://storage.data.gov.my/pricecatcher/pricecatcher_2026-09.csv
1601,BURUH BRAND PURE COOKING OIL,2 kg,PACKED GOODS,OILS AND FATS,13,"Condiments, Sauces & Canned Goods",Buruh Brand Pure Cooking Oil,pricecatcher:cbe149878187,NEW_REFERENCE_REQUIRED,SOURCE_CATEGORY,MAPPED,Mapped from the PriceCatcher source category.,2.0,kg,CONVERTED,MYR,968,13.3,13.186208677685954,9.9,13.9,2026-09-07,13.3,6.65,https://storage.data.gov.my/pricecatcher/lookup_item.csv,https://storage.data.gov.my/pricecatcher/pricecatcher_2026-09.csv
1602,VESAWIT BRAND PURE COOKING OIL,2 kg,PACKED GOODS,OILS AND FATS,13,"Condiments, Sauces & Canned Goods",Vesawit Brand Pure Cooking Oil,pricecatcher:757a155930a2,NEW_REFERENCE_REQUIRED,SOURCE_CATEGORY,MAPPED,Mapped from the PriceCatcher source category.,2.0,kg,CONVERTED,MYR,665,13.3,13.276135338345869,12.5,29.95,2026-09-07,13.3,6.65,https://storage.data.gov.my/pricecatcher/lookup_item.csv,https://storage.data.gov.my/pricecatcher/pricecatcher_2026-09.csv
1603,WINDMILL GHEEBLEND BRAND GHEE,400 g,PACKED GOODS,OILS AND FATS,13,"Condiments, Sauces & Canned Goods",Windmill Gheeblend Brand Ghee,pricecatcher:28a2266bff66,NEW_REFERENCE_REQUIRED,SOURCE_CATEGORY,MAPPED,Mapped from the PriceCatcher source category.,0.4,kg,CONVERTED,MYR,531,19.5,20.03216572504708,13.59,27.9,2026-09-07,19.5,48.75,https://storage.data.gov.my/pricecatcher/lookup_item.csv,https://storage.data.gov.my/pricecatcher/pricecatcher_2026-09.csv
1604,ADABI TAMARIND (SEEDLESS),200 g,PACKED GOODS,SPICES (PACKED),13,"Condiments, Sauces & Canned Goods",Adabi Tamarind (Seedless),pricecatcher:4215f7b44447,NEW_REFERENCE_REQUIRED,SOURCE_CATEGORY,MAPPED,Mapped from the PriceCatcher source category.,0.2,kg,CONVERTED,MYR,601,4.99,4.9609650582362725,2.5,6.5,2026-09-07,4.99,24.95,https://storage.data.gov.my/pricecatcher/lookup_item.csv,https://storage.data.gov.my/pricecatcher/pricecatcher_2026-09.csv
1605,REGULAR FINE SALT (ASSORTED BRANDS),+-350g,PACKED GOODS,SPICES (UNPACKED),13,"Condiments, Sauces & Canned Goods",Regular Fine Salt (Assorted Brands),pricecatcher:a9a6d20ca9b6,NEW_REFERENCE_REQUIRED,SOURCE_CATEGORY,MAPPED,Mapped from the PriceCatcher source category.,0.35,kg,APPROXIMATE,MYR,525,0.8,1.0651809523809523,0.5,2.99,2026-09-07,0.8,2.285714285714286,https://storage.data.gov.my/pricecatcher/lookup_item.csv,https://storage.data.gov.my/pricecatcher/pricecatcher_2026-09.csv
1606,LADY'S CHOICE CREAMY PEANUT BUTTER,500 g,PACKED GOODS,SPREADS,13,"Condiments, Sauces & Canned Goods",Lady's Choice Creamy Peanut Butter,pricecatcher:c62d9b296cbe,NEW_REFERENCE_REQUIRED,SOURCE_CATEGORY,MAPPED,Mapped from the PriceCatcher source category.,0.5,kg,CONVERTED,MYR,553,18.6,17.831699819168172,12.99,23.5,2026-09-07,18.6,37.2,https://storage.data.gov.my/pricecatcher/lookup_item.csv,https://storage.data.gov.my/pricecatcher/pricecatcher_2026-09.csv
1610,M&S BRAND COCONUT MILK,500 mL,PACKED GOODS,COCONUT MILK (BOX),13,"Condiments, Sauces & Canned Goods",M&S Brand Coconut Milk,pricecatcher:0d27790087b0,NEW_REFERENCE_REQUIRED,SOURCE_CATEGORY,MAPPED,Mapped from the PriceCatcher source category.,0.5,L,CONVERTED,MYR,730,8.2,8.308383561643835,3.99,10.6,2026-09-07,8.2,16.4,https://storage.data.gov.my/pricecatcher/lookup_item.csv,https://storage.data.gov.my/pricecatcher/pricecatcher_2026-09.csv
1611,KARA BRAND COCONUT MILK,200 mL,PACKED GOODS,COCONUT MILK (BOX),13,"Condiments, Sauces & Canned Goods",Kara Brand Coconut Milk,pricecatcher:2426de0c30ec,NEW_REFERENCE_REQUIRED,SOURCE_CATEGORY,MAPPED,Mapped from the PriceCatcher source category.,0.2,L,CONVERTED,MYR,1728,3.9,3.948287037037037,2.49,5.5,2026-09-07,3.9,19.5,https://storage.data.gov.my/pricecatcher/lookup_item.csv,https://storage.data.gov.my/pricecatcher/pricecatcher_2026-09.csv
1612,HARMUNI BRAND COCONUT MILK,200 mL,PACKED GOODS,COCONUT MILK (BOX),13,"Condiments, Sauces & Canned Goods",Harmuni Brand Coconut Milk,pricecatcher:732db0949248,NEW_REFERENCE_REQUIRED,SOURCE_CATEGORY,MAPPED,Mapped from the PriceCatcher source category.,0.2,L,CONVERTED,MYR,573,3.9,3.873315881326352,3.2,4.7,2026-09-07,3.9,19.5,https://storage.data.gov.my/pricecatcher/lookup_item.csv,https://storage.data.gov.my/pricecatcher/pricecatcher_2026-09.csv
1613,STAR BRAND ESSENCE 'ASSORTED FLAVORS',25 mL,PACKED GOODS,ESSENCE AND YEAST,12,Baked Goods,Star Brand Essence 'Assorted Flavors',pricecatcher:5da86112d395,NEW_REFERENCE_REQUIRED,SOURCE_CATEGORY,MAPPED,Mapped from the PriceCatcher source category.,0.025,L,CONVERTED,MYR,587,2.9,2.862112436115843,2.29,3.9,2026-09-07,2.9,116.0,https://storage.data.gov.my/pricecatcher/lookup_item.csv,https://storage.data.gov.my/pricecatcher/pricecatcher_2026-09.csv
1615,ANCHOR BUTTER (SALTED),227g,PACKED GOODS,BUTTER,1,Dairy,Anchor Butter (Salted),pricecatcher:abec97d8f2d4,NEW_REFERENCE_REQUIRED,SOURCE_CATEGORY,MAPPED,Mapped from the PriceCatcher source category.,0.227,kg,CONVERTED,MYR,649,15.49,15.263836671802771,12.89,18.5,2026-09-07,15.49,68.23788546255507,https://storage.data.gov.my/pricecatcher/lookup_item.csv,https://storage.data.gov.my/pricecatcher/pricecatcher_2026-09.csv
1619,DUTCH LADY INSTANT MILK POWDER (REGULAR),600 g,PACKED GOODS,CREAMER AND MILK POWDER,1,Dairy,Dutch Lady Instant Milk Powder (Regular),pricecatcher:412be99eb061,NEW_REFERENCE_REQUIRED,SOURCE_CATEGORY,MAPPED,Mapped from the PriceCatcher source category.,0.6,kg,CONVERTED,MYR,396,19.9,19.815808080808083,15.0,22.45,2026-09-07,19.9,33.166666666666664,https://storage.data.gov.my/pricecatcher/lookup_item.csv,https://storage.data.gov.my/pricecatcher/pricecatcher_2026-09.csv
1628,NESTLE CERELAC WHEAT AND HONEY - BOX,225g,MILK AND BABY PRODUCTS,BABY FOOD,11,Baby Food,Nestle Cerelac Wheat And Honey - Box,pricecatcher:1bf2380ab163,NEW_REFERENCE_REQUIRED,SOURCE_CATEGORY,MAPPED,Mapped from the PriceCatcher source category.,0.225,kg,CONVERTED,MYR,1156,9.9,9.895198961937716,7.9,15.6,2026-09-07,9.9,44.0,https://storage.data.gov.my/pricecatcher/lookup_item.csv,https://storage.data.gov.my/pricecatcher/pricecatcher_2026-09.csv
1635,NESTLE COFFEE-MATE,450 g,BEVERAGES,BEVERAGE PRODUCTS,1,Dairy,Nestle Coffee-Mate,pricecatcher:165008a6dabd,NEW_REFERENCE_REQUIRED,ITEM_LEVEL_OVERRIDE,MAPPED,Creamer is handled with dairy and dairy substitutes in PantryBuddy.,0.45,kg,CONVERTED,MYR,573,9.9,9.869947643979058,7.65,11.9,2026-09-07,9.9,22.0,https://storage.data.gov.my/pricecatcher/lookup_item.csv,https://storage.data.gov.my/pricecatcher/pricecatcher_2026-09.csv
1651,YEO'S SOYA (BOX),250 mL,BEVERAGES,READY TO DRINK,7,Beverages,Yeo's Soya (Box),pricecatcher:0c9f8fdfe9c7,NEW_REFERENCE_REQUIRED,SOURCE_CATEGORY,MAPPED,Mapped from the PriceCatcher source category.,0.25,L,CONVERTED,MYR,44,1.2,1.2004545454545454,0.99,1.5,2026-09-07,1.2,4.8,https://storage.data.gov.my/pricecatcher/lookup_item.csv,https://storage.data.gov.my/pricecatcher/pricecatcher_2026-09.csv
1804,CHICKEN WING,1kg,FRESH GOODS,CHICKEN,2,Meat,Chicken Wings,catalogue:155,EXISTING_REFERENCE,SOURCE_CATEGORY,MAPPED,Mapped from the PriceCatcher source category.,1.0,kg,CONVERTED,MYR,1049,15.5,15.340000000000002,5.99,23.5,2026-09-07,15.49,15.5,https://storage.data.gov.my/pricecatcher/lookup_item.csv,https://storage.data.gov.my/pricecatcher/pricecatcher_2026-09.csv
1819,GALANGAL,1kg,FRESH GOODS,VEGETABLES,4,Vegetables,Galangal,catalogue:137,EXISTING_REFERENCE,SOURCE_CATEGORY,MAPPED,Mapped from the PriceCatcher source category.,1.0,kg,CONVERTED,MYR,10874,9.99,10.313189258782415,1.99,22.9,2026-09-11,9.99,9.99,https://storage.data.gov.my/pricecatcher/lookup_item.csv,https://storage.data.gov.my/pricecatcher/pricecatcher_2026-09.csv
1822,IMPORTED WHITE RICE SABAH RICE VAGAS TOKOU,10 kg,PACKED GOODS,RICE,14,"Grains, Beans & Pasta",Imported White Rice Sabah Rice Vagas Tokou,pricecatcher:6fe404d5289b,NEW_REFERENCE_REQUIRED,SOURCE_CATEGORY,MAPPED,Mapped from the PriceCatcher source category.,10.0,kg,CONVERTED,MYR,22,28.0,28.252272727272725,27.5,29.5,2026-09-07,28.0,2.8,https://storage.data.gov.my/pricecatcher/lookup_item.csv,https://storage.data.gov.my/pricecatcher/pricecatcher_2026-09.csv
1823,TKC SABAH RICE TQR 5% BRAND,10 kg,PACKED GOODS,RICE,14,"Grains, Beans & Pasta",Tkc Sabah Rice Tqr 5% Brand,pricecatcher:89207db9cf6e,NEW_REFERENCE_REQUIRED,SOURCE_CATEGORY,MAPPED,Mapped from the PriceCatcher source category.,10.0,kg,CONVERTED,MYR,37,34.0,34.34135135135135,32.99,36.8,2026-09-07,34.0,3.4,https://storage.data.gov.my/pricecatcher/lookup_item.csv,https://storage.data.gov.my/pricecatcher/pricecatcher_2026-09.csv
1824,TKC SUPER HUMA KELISA EMAS BRAND RICE (SABAH),10 kg,PACKED GOODS,RICE,14,"Grains, Beans & Pasta",Tkc Super Huma Kelisa Emas Brand Rice (Sabah),pricecatcher:6977292afb3a,NEW_REFERENCE_REQUIRED,SOURCE_CATEGORY,MAPPED,Mapped from the PriceCatcher source category.,10.0,kg,CONVERTED,MYR,24,33.0,33.40708333333333,32.5,35.0,2026-09-07,33.0,3.3,https://storage.data.gov.my/pricecatcher/lookup_item.csv,https://storage.data.gov.my/pricecatcher/pricecatcher_2026-09.csv
1825,SAZARICE SUPER ANGGUR BRAND RICE (IMPORTED WHITE RICE),10 kg,PACKED GOODS,RICE,14,"Grains, Beans & Pasta",Sazarice Super Anggur Brand Rice (Imported White Rice),pricecatcher:13c206555cbb,NEW_REFERENCE_REQUIRED,SOURCE_CATEGORY,MAPPED,Mapped from the PriceCatcher source category.,10.0,kg,CONVERTED,MYR,109,28.5,28.734678899082567,27.99,30.0,2026-09-07,28.5,2.85,https://storage.data.gov.my/pricecatcher/lookup_item.csv,https://storage.data.gov.my/pricecatcher/pricecatcher_2026-09.csv
1826,SAZARICE SUPER RODA BRAND RICE (IMPORTED WHITE RICE),10 kg,PACKED GOODS,RICE,14,"Grains, Beans & Pasta",Sazarice Super Roda Brand Rice (Imported White Rice),pricecatcher:c3990998df4a,NEW_REFERENCE_REQUIRED,SOURCE_CATEGORY,MAPPED,Mapped from the PriceCatcher source category.,10.0,kg,CONVERTED,MYR,111,28.3,28.490990990991,27.6,30.0,2026-09-07,28.3,2.83,https://storage.data.gov.my/pricecatcher/lookup_item.csv,https://storage.data.gov.my/pricecatcher/pricecatcher_2026-09.csv
1827,"NGP WHEAT FLOUR (PACKED, MUHIBAH BRAND)",1kg,PACKED GOODS,FLOUR,14,"Grains, Beans & Pasta","Ngp Wheat Flour (Packed, Muhibah Brand)",pricecatcher:df6b2a184ef0,NEW_REFERENCE_REQUIRED,SOURCE_CATEGORY,MAPPED,Mapped from the PriceCatcher source category.,1.0,kg,CONVERTED,MYR,89,3.29,3.250898876404494,2.69,4.0,2026-09-07,3.29,3.29,https://storage.data.gov.my/pricecatcher/lookup_item.csv,https://storage.data.gov.my/pricecatcher/pricecatcher_2026-09.csv
1832,BAO-BAO GOLDEN SARAWAK BRAND RICE (SUPER IMPORT),10 kg,PACKED GOODS,RICE,14,"Grains, Beans & Pasta",Bao-Bao Golden Sarawak Brand Rice (Super Import),pricecatcher:e36e542b11be,NEW_REFERENCE_REQUIRED,SOURCE_CATEGORY,MAPPED,Mapped from the PriceCatcher source category.,10.0,kg,CONVERTED,MYR,32,27.9,28.1025,27.49,29.5,2026-09-07,27.9,2.79,https://storage.data.gov.my/pricecatcher/lookup_item.csv,https://storage.data.gov.my/pricecatcher/pricecatcher_2026-09.csv
1833,UNCLE TAN BRAND PREMIUM RICE (SUPER IMPORT),10 kg,PACKED GOODS,RICE,14,"Grains, Beans & Pasta",Uncle Tan Brand Premium Rice (Super Import),pricecatcher:52303dd4966b,NEW_REFERENCE_REQUIRED,SOURCE_CATEGORY,MAPPED,Mapped from the PriceCatcher source category.,10.0,kg,CONVERTED,MYR,123,30.99,30.687560975609752,29.39,32.0,2026-09-07,30.99,3.099,https://storage.data.gov.my/pricecatcher/lookup_item.csv,https://storage.data.gov.my/pricecatcher/pricecatcher_2026-09.csv
1849,'BLUE KEY' BRAND SELF-RISING FLOUR,1kg,PACKED GOODS,FLOUR,14,"Grains, Beans & Pasta",'Blue Key' Brand Self-Rising Flour,pricecatcher:f1b81e42e6f7,NEW_REFERENCE_REQUIRED,SOURCE_CATEGORY,MAPPED,Mapped from the PriceCatcher source category.,1.0,kg,CONVERTED,MYR,530,5.1,5.09643396226415,3.5,6.9,2026-09-07,5.1,5.1,https://storage.data.gov.my/pricecatcher/lookup_item.csv,https://storage.data.gov.my/pricecatcher/pricecatcher_2026-09.csv
1870,"NGP WHEAT FLOUR (PACKED, FAIZA BRAND)",1kg,PACKED GOODS,FLOUR,14,"Grains, Beans & Pasta","Ngp Wheat Flour (Packed, Faiza Brand)",pricecatcher:9d7eb21cef8e,NEW_REFERENCE_REQUIRED,SOURCE_CATEGORY,MAPPED,Mapped from the PriceCatcher source category.,1.0,kg,CONVERTED,MYR,674,3.59,3.631632047477745,2.99,4.5,2026-09-07,3.59,3.59,https://storage.data.gov.my/pricecatcher/lookup_item.csv,https://storage.data.gov.my/pricecatcher/pricecatcher_2026-09.csv
1872,LADY'S CHOICE REAL MAYONNAISE,220mL,PACKED GOODS,SPREADS,13,"Condiments, Sauces & Canned Goods",Lady's Choice Real Mayonnaise,pricecatcher:1edb63db8749,NEW_REFERENCE_REQUIRED,SOURCE_CATEGORY,MAPPED,Mapped from the PriceCatcher source category.,0.22,L,CONVERTED,MYR,592,8.3,8.215591216216216,4.45,11.4,2026-09-07,8.3,37.727272727272734,https://storage.data.gov.my/pricecatcher/lookup_item.csv,https://storage.data.gov.my/pricecatcher/pricecatcher_2026-09.csv
1879,SEVEN UP LEMON & LIME (CAN),320mL,BEVERAGES,READY TO DRINK,7,Beverages,Seven Up Lemon & Lime (Can),pricecatcher:604605a1ed36,NEW_REFERENCE_REQUIRED,SOURCE_CATEGORY,MAPPED,Mapped from the PriceCatcher source category.,0.32,L,CONVERTED,MYR,508,1.8,1.84253937007874,1.1,2.5,2026-09-07,1.8,5.625,https://storage.data.gov.my/pricecatcher/lookup_item.csv,https://storage.data.gov.my/pricecatcher/pricecatcher_2026-09.csv
1899,CURLED DRIED CHILI (WITH STEM/WITHOUT STEM),1kg,DRY GOODS,DRIED CHILI,13,"Condiments, Sauces & Canned Goods",Curled Dried Chili (With Stem/Without Stem),pricecatcher:988d25abb1cd,NEW_REFERENCE_REQUIRED,SOURCE_CATEGORY,MAPPED,Mapped from the PriceCatcher source category.,1.0,kg,CONVERTED,MYR,1243,20.0,22.11613032984715,13.9,45.0,2026-09-07,20.0,20.0,https://storage.data.gov.my/pricecatcher/lookup_item.csv,https://storage.data.gov.my/pricecatcher/pricecatcher_2026-09.csv
1900,FLAT DRIED CHILI (WITH STEM/WITHOUT STEM),1kg,DRY GOODS,DRIED CHILI,13,"Condiments, Sauces & Canned Goods",Flat Dried Chili (With Stem/Without Stem),pricecatcher:25b61b91d34c,NEW_REFERENCE_REQUIRED,SOURCE_CATEGORY,MAPPED,Mapped from the PriceCatcher source category.,1.0,kg,CONVERTED,MYR,522,22.55,22.941973180076623,10.9,42.0,2026-09-07,22.5,22.55,https://storage.data.gov.my/pricecatcher/lookup_item.csv,https://storage.data.gov.my/pricecatcher/pricecatcher_2026-09.csv
1904,DUMEX DUGRO 3 (1-3 YEARS) (ASSORTED FLAVORS),850g,MILK AND BABY PRODUCTS,BABY FORMULA,11,Baby Food,Dumex Dugro 3 (1-3 Years) (Assorted Flavors),pricecatcher:e544ad533495,NEW_REFERENCE_REQUIRED,SOURCE_CATEGORY,MAPPED,Mapped from the PriceCatcher source category.,0.85,kg,CONVERTED,MYR,1262,25.9,28.829025356576864,20.99,2539.0,2026-09-07,25.9,30.47058823529412,https://storage.data.gov.my/pricecatcher/lookup_item.csv,https://storage.data.gov.my/pricecatcher/pricecatcher_2026-09.csv
1913,IMPORTED BEEF (BLOCK),1kg,FRESH GOODS,MEAT,2,Meat,Imported Beef (Block),pricecatcher:b3d5a5fbdd0f,NEW_REFERENCE_REQUIRED,SOURCE_CATEGORY,MAPPED,Mapped from the PriceCatcher source category.,1.0,kg,CONVERTED,MYR,31,32.99,33.46193548387097,22.0,49.2,2026-09-07,32.99,32.99,https://storage.data.gov.my/pricecatcher/lookup_item.csv,https://storage.data.gov.my/pricecatcher/pricecatcher_2026-09.csv
1914,IMPORTED BUFFALO MEAT (INDIA) (BLOCK),1kg,FRESH GOODS,MEAT,2,Meat,Imported Buffalo Meat (India) (Block),pricecatcher:3f16209fef14,NEW_REFERENCE_REQUIRED,SOURCE_CATEGORY,MAPPED,Mapped from the PriceCatcher source category.,1.0,kg,CONVERTED,MYR,246,23.99,24.3330081300813,19.9,33.9,2026-09-07,23.99,23.99,https://storage.data.gov.my/pricecatcher/lookup_item.csv,https://storage.data.gov.my/pricecatcher/pricecatcher_2026-09.csv
1915,SNAPPER (SLICED),1kg,FRESH GOODS,SEAFOOD,3,Seafood,Snapper (Sliced),pricecatcher:2619172780f1,NEW_REFERENCE_REQUIRED,SOURCE_CATEGORY,MAPPED,Mapped from the PriceCatcher source category.,1.0,kg,CONVERTED,MYR,398,45.99,50.49788944723617,28.0,89.9,2026-09-07,45.99,45.99,https://storage.data.gov.my/pricecatcher/lookup_item.csv,https://storage.data.gov.my/pricecatcher/pricecatcher_2026-09.csv
1916,DEMUDUK/CUPAK/CERMIN FISH (≤ 3 FISH PER KILOGRAM),1kg,FRESH GOODS,SEAFOOD,3,Seafood,Demuduk/Cupak/Cermin Fish (≤ 3 Fish Per Kilogram),pricecatcher:9e24be7115cb,NEW_REFERENCE_REQUIRED,SOURCE_CATEGORY,MAPPED,Mapped from the PriceCatcher source category.,1.0,kg,CONVERTED,MYR,2403,29.99,29.35977944236372,3.9,49.9,2026-09-11,29.99,29.99,https://storage.data.gov.my/pricecatcher/lookup_item.csv,https://storage.data.gov.my/pricecatcher/pricecatcher_2026-09.csv
1919,LARGE WHITE PRAWN (BETWEEN 20 AND 30 PCS PER KILOGRAM),1kg,FRESH GOODS,SEAFOOD,3,Seafood,Large White Prawn (Between 20 And 30 Pcs Per Kilogram),pricecatcher:938791c40b10,NEW_REFERENCE_REQUIRED,SOURCE_CATEGORY,MAPPED,Mapped from the PriceCatcher source category.,1.0,kg,CONVERTED,MYR,25,55.9,56.196000000000005,37.9,89.9,2026-09-07,55.0,55.9,https://storage.data.gov.my/pricecatcher/lookup_item.csv,https://storage.data.gov.my/pricecatcher/pricecatcher_2026-09.csv
1921,RED TILAPIA (BETWEEN 2 AND 5 FISH PER KILOGRAM),1kg,FRESH GOODS,FRESHWATER FISH,3,Seafood,Red Tilapia (Between 2 And 5 Fish Per Kilogram),pricecatcher:5d86fae56a8f,NEW_REFERENCE_REQUIRED,SOURCE_CATEGORY,MAPPED,Mapped from the PriceCatcher source category.,1.0,kg,CONVERTED,MYR,5680,16.0,16.73776584507042,6.99,28.0,2026-09-11,16.0,16.0,https://storage.data.gov.my/pricecatcher/lookup_item.csv,https://storage.data.gov.my/pricecatcher/pricecatcher_2026-09.csv
1923,ROUND EGGPLANT,1kg,FRESH GOODS,VEGETABLES,4,Vegetables,Round Eggplant,pricecatcher:d2e641e010d2,NEW_REFERENCE_REQUIRED,SOURCE_CATEGORY,MAPPED,Mapped from the PriceCatcher source category.,1.0,kg,CONVERTED,MYR,787,10.0,10.324142312579417,4.99,18.9,2026-09-07,10.0,10.0,https://storage.data.gov.my/pricecatcher/lookup_item.csv,https://storage.data.gov.my/pricecatcher/pricecatcher_2026-09.csv
1926,GREEN CHILI,1kg,FRESH GOODS,VEGETABLES,4,Vegetables,Green Chili,catalogue:132,EXISTING_REFERENCE,SOURCE_CATEGORY,MAPPED,Mapped from the PriceCatcher source category.,1.0,kg,CONVERTED,MYR,9740,12.0,13.389907597535936,4.99,61.99,2026-09-11,12.0,12.0,https://storage.data.gov.my/pricecatcher/lookup_item.csv,https://storage.data.gov.my/pricecatcher/pricecatcher_2026-09.csv
1927,RED CHILI,1kg,FRESH GOODS,VEGETABLES,4,Vegetables,Red Chili,catalogue:131,EXISTING_REFERENCE,SOURCE_CATEGORY,MAPPED,Mapped from the PriceCatcher source category.,1.0,kg,CONVERTED,MYR,9134,14.0,16.691104663893146,5.9,61.3,2026-09-11,14.0,14.0,https://storage.data.gov.my/pricecatcher/lookup_item.csv,https://storage.data.gov.my/pricecatcher/pricecatcher_2026-09.csv
1928,KASTURI LIME (CALAMANSI),1kg,FRESH GOODS,FRUITS,5,Fruits,Kasturi Lime (Calamansi),pricecatcher:b2d05a2e805b,NEW_REFERENCE_REQUIRED,SOURCE_CATEGORY,MAPPED,Mapped from the PriceCatcher source category.,1.0,kg,CONVERTED,MYR,10919,5.99,6.455680007326679,0.9,20.0,2026-09-11,6.0,5.99,https://storage.data.gov.my/pricecatcher/lookup_item.csv,https://storage.data.gov.my/pricecatcher/pricecatcher_2026-09.csv
1929,FRESH COCONUT MILK (THICK),1kg,FRESH GOODS,COCONUT,13,"Condiments, Sauces & Canned Goods",Fresh Coconut Milk (Thick),pricecatcher:395751f88ab4,NEW_REFERENCE_REQUIRED,ITEM_LEVEL_OVERRIDE,MAPPED,Coconut milk is handled as a cooking condiment/ingredient.,1.0,kg,CONVERTED,MYR,159,15.0,14.983836477987424,6.8,28.0,2026-09-07,15.0,15.0,https://storage.data.gov.my/pricecatcher/lookup_item.csv,https://storage.data.gov.my/pricecatcher/pricecatcher_2026-09.csv
1931,IMPORTED BIG ONION (PAKISTAN),1kg,DRY GOODS,ONION/GARLIC,4,Vegetables,Imported Big Onion (Pakistan),pricecatcher:a9c1e7dc0f11,NEW_REFERENCE_REQUIRED,SOURCE_CATEGORY,MAPPED,Mapped from the PriceCatcher source category.,1.0,kg,CONVERTED,MYR,296,2.99,3.18527027027027,1.79,6.0,2026-09-11,3.095,2.99,https://storage.data.gov.my/pricecatcher/lookup_item.csv,https://storage.data.gov.my/pricecatcher/pricecatcher_2026-09.csv
1937,SAJI BRAND PURE COOKING OIL,1kg,PACKED GOODS,OILS AND FATS,13,"Condiments, Sauces & Canned Goods",Saji Brand Pure Cooking Oil,pricecatcher:fe3746853537,NEW_REFERENCE_REQUIRED,SOURCE_CATEGORY,MAPPED,Mapped from the PriceCatcher source category.,1.0,kg,CONVERTED,MYR,542,6.9,6.896383763837638,6.3,6.9,2026-09-07,6.9,6.9,https://storage.data.gov.my/pricecatcher/lookup_item.csv,https://storage.data.gov.my/pricecatcher/pricecatcher_2026-09.csv
1938,SAJI BRAND PURE COOKING OIL,2 kg,PACKED GOODS,OILS AND FATS,13,"Condiments, Sauces & Canned Goods",Saji Brand Pure Cooking Oil,pricecatcher:fe3746853537,NEW_REFERENCE_REQUIRED,SOURCE_CATEGORY,MAPPED,Mapped from the PriceCatcher source category.,2.0,kg,CONVERTED,MYR,654,13.3,13.294311926605504,12.9,13.9,2026-09-07,13.3,6.65,https://storage.data.gov.my/pricecatcher/lookup_item.csv,https://storage.data.gov.my/pricecatcher/pricecatcher_2026-09.csv
1939,SAJI BRAND PURE COOKING OIL,5 kg,PACKED GOODS,OILS AND FATS,13,"Condiments, Sauces & Canned Goods",Saji Brand Pure Cooking Oil,pricecatcher:fe3746853537,NEW_REFERENCE_REQUIRED,SOURCE_CATEGORY,MAPPED,Mapped from the PriceCatcher source category.,5.0,kg,CONVERTED,MYR,951,30.9,30.77525762355415,13.3,31.5,2026-09-07,30.9,6.18,https://storage.data.gov.my/pricecatcher/lookup_item.csv,https://storage.data.gov.my/pricecatcher/pricecatcher_2026-09.csv
1940,ALIF BRAND PURE COOKING OIL,1kg,PACKED GOODS,OILS AND FATS,13,"Condiments, Sauces & Canned Goods",Alif Brand Pure Cooking Oil,pricecatcher:b6335f24edc0,NEW_REFERENCE_REQUIRED,SOURCE_CATEGORY,MAPPED,Mapped from the PriceCatcher source category.,1.0,kg,CONVERTED,MYR,5,6.9,6.9,6.9,6.9,2026-09-07,6.9,6.9,https://storage.data.gov.my/pricecatcher/lookup_item.csv,https://storage.data.gov.my/pricecatcher/pricecatcher_2026-09.csv
1941,ALIF BRAND PURE COOKING OIL,2 kg,PACKED GOODS,OILS AND FATS,13,"Condiments, Sauces & Canned Goods",Alif Brand Pure Cooking Oil,pricecatcher:b6335f24edc0,NEW_REFERENCE_REQUIRED,SOURCE_CATEGORY,MAPPED,Mapped from the PriceCatcher source category.,2.0,kg,CONVERTED,MYR,2,13.145,13.145,12.99,13.3,2026-09-07,13.145,6.5725,https://storage.data.gov.my/pricecatcher/lookup_item.csv,https://storage.data.gov.my/pricecatcher/pricecatcher_2026-09.csv
1942,ALIF BRAND PURE COOKING OIL,5 kg,PACKED GOODS,OILS AND FATS,13,"Condiments, Sauces & Canned Goods",Alif Brand Pure Cooking Oil,pricecatcher:b6335f24edc0,NEW_REFERENCE_REQUIRED,SOURCE_CATEGORY,MAPPED,Mapped from the PriceCatcher source category.,5.0,kg,CONVERTED,MYR,11,30.9,27.82363636363636,0.01,30.9,2026-09-07,30.9,6.18,https://storage.data.gov.my/pricecatcher/lookup_item.csv,https://storage.data.gov.my/pricecatcher/pricecatcher_2026-09.csv
1944,SOYBEANS (IMPORTED),1kg,DRY GOODS,BEANS,14,"Grains, Beans & Pasta",Soybeans (Imported),pricecatcher:8f71050bf2dc,NEW_REFERENCE_REQUIRED,SOURCE_CATEGORY,MAPPED,Mapped from the PriceCatcher source category.,1.0,kg,CONVERTED,MYR,456,6.99,7.826951754385965,3.55,20.0,2026-09-07,6.99,6.99,https://storage.data.gov.my/pricecatcher/lookup_item.csv,https://storage.data.gov.my/pricecatcher/pricecatcher_2026-09.csv
1947,ROYAL BAKING POWDER (CAN),113g,PACKED GOODS,ESSENCE AND YEAST,12,Baked Goods,Royal Baking Powder (Can),pricecatcher:e8c12afffb24,NEW_REFERENCE_REQUIRED,SOURCE_CATEGORY,MAPPED,Mapped from the PriceCatcher source category.,0.113,kg,CONVERTED,MYR,445,6.6,6.568674157303371,4.99,7.59,2026-09-07,6.6,58.40707964601769,https://storage.data.gov.my/pricecatcher/lookup_item.csv,https://storage.data.gov.my/pricecatcher/pricecatcher_2026-09.csv
1951,3A BOY BRAND PREMIUM RICE (SUPER IMPORT),10 kg,PACKED GOODS,RICE,14,"Grains, Beans & Pasta",3A Boy Brand Premium Rice (Super Import),pricecatcher:0811bba4afe0,NEW_REFERENCE_REQUIRED,SOURCE_CATEGORY,MAPPED,Mapped from the PriceCatcher source category.,10.0,kg,CONVERTED,MYR,142,29.5,29.75147887323944,28.4,32.0,2026-09-07,29.5,2.95,https://storage.data.gov.my/pricecatcher/lookup_item.csv,https://storage.data.gov.my/pricecatcher/pricecatcher_2026-09.csv
1953,SAJI BRAND SWEETENED CONDENSED CREAMER,500 g,PACKED GOODS,CREAMER AND MILK POWDER,1,Dairy,Saji Brand Sweetened Condensed Creamer,pricecatcher:79f6f96336e1,NEW_REFERENCE_REQUIRED,SOURCE_CATEGORY,MAPPED,Mapped from the PriceCatcher source category.,0.5,kg,CONVERTED,MYR,1020,3.4,3.436362745098039,2.3,4.5,2026-09-07,3.4,6.8,https://storage.data.gov.my/pricecatcher/lookup_item.csv,https://storage.data.gov.my/pricecatcher/pricecatcher_2026-09.csv
1955,MARIGOLD YOGURT (LOW FAT) (STRAWBERRY),130g,BEVERAGES,READY TO DRINK,1,Dairy,Marigold Yogurt (Low Fat) (Strawberry),pricecatcher:a2ae531f48ac,NEW_REFERENCE_REQUIRED,ITEM_LEVEL_OVERRIDE,MAPPED,"Yogurt is Dairy, although the source category is Ready to Drink.",0.13,kg,CONVERTED,MYR,471,2.9,2.9293418259023354,2.4,6.5,2026-09-07,2.9,22.307692307692307,https://storage.data.gov.my/pricecatcher/lookup_item.csv,https://storage.data.gov.my/pricecatcher/pricecatcher_2026-09.csv
1960,FARM FRESH DATES MILK,700 g,BEVERAGES,READY TO DRINK,1,Dairy,Farm Fresh Dates Milk,pricecatcher:9265980ade0e,NEW_REFERENCE_REQUIRED,ITEM_LEVEL_OVERRIDE,MAPPED,"Milk drink is Dairy, although the source category is Ready to Drink.",0.7,kg,CONVERTED,MYR,293,9.35,9.46358361774744,7.99,12.4,2026-09-07,9.35,13.357142857142858,https://storage.data.gov.my/pricecatcher/lookup_item.csv,https://storage.data.gov.my/pricecatcher/pricecatcher_2026-09.csv
1963,ANMUM ESSENTIAL STEP 4 ORIGINAL FLAVOR (NO ADDED SUGAR) - BOX,550 g,MILK AND BABY PRODUCTS,BABY FORMULA,11,Baby Food,Anmum Essential Step 4 Original Flavor (No Added Sugar) - Box,pricecatcher:b01ba911c7f2,NEW_REFERENCE_REQUIRED,SOURCE_CATEGORY,MAPPED,Mapped from the PriceCatcher source category.,0.55,kg,CONVERTED,MYR,352,37.5,37.48991477272727,33.19,49.3,2026-09-07,37.5,68.18181818181817,https://storage.data.gov.my/pricecatcher/lookup_item.csv,https://storage.data.gov.my/pricecatcher/pricecatcher_2026-09.csv
1964,QUAKER OATS INSTANT OATMEALS,1kg,BEVERAGES,BEVERAGE INGREDIENTS,14,"Grains, Beans & Pasta",Quaker Oats Instant Oatmeals,pricecatcher:816c52f48a95,NEW_REFERENCE_REQUIRED,ITEM_LEVEL_OVERRIDE,MAPPED,"Oatmeal is a grain product, although the source groups it as a beverage ingredient.",1.0,kg,CONVERTED,MYR,63,10.99,11.555555555555554,10.65,15.8,2026-09-07,10.99,10.99,https://storage.data.gov.my/pricecatcher/lookup_item.csv,https://storage.data.gov.my/pricecatcher/pricecatcher_2026-09.csv
1966,MILNA RUSK BISCUITS (ASSORTED FLAVORS),130g,MILK AND BABY PRODUCTS,BABY FOOD,11,Baby Food,Milna Rusk Biscuits (Assorted Flavors),pricecatcher:e0c0fca444a7,NEW_REFERENCE_REQUIRED,SOURCE_CATEGORY,MAPPED,Mapped from the PriceCatcher source category.,0.13,kg,CONVERTED,MYR,646,7.6,7.64077399380805,6.35,9.9,2026-09-07,7.6,58.46153846153846,https://storage.data.gov.my/pricecatcher/lookup_item.csv,https://storage.data.gov.my/pricecatcher/pricecatcher_2026-09.csv
1976,MAGGI INSTANT NOODLES CURRY FLAVOR,5 X 79g,PACKED GOODS,INSTANT NOODLES,14,"Grains, Beans & Pasta",Maggi Instant Noodles Curry Flavor,pricecatcher:f3d858128829,NEW_REFERENCE_REQUIRED,SOURCE_CATEGORY,MAPPED,Mapped from the PriceCatcher source category.,0.395,kg,CONVERTED,MYR,1786,5.19,5.191433370660695,3.5,6.99,2026-09-07,5.19,13.139240506329116,https://storage.data.gov.my/pricecatcher/lookup_item.csv,https://storage.data.gov.my/pricecatcher/pricecatcher_2026-09.csv
2001,DUMEX DUPRO 2 (FOLLOW-ON FORMULA),850g,MILK AND BABY PRODUCTS,BABY FORMULA,11,Baby Food,Dumex Dupro 2 (Follow-On Formula),pricecatcher:6401de280158,NEW_REFERENCE_REQUIRED,SOURCE_CATEGORY,MAPPED,Mapped from the PriceCatcher source category.,0.85,kg,CONVERTED,MYR,1123,29.5,29.62146927871772,25.99,34.25,2026-09-07,29.5,34.705882352941174,https://storage.data.gov.my/pricecatcher/lookup_item.csv,https://storage.data.gov.my/pricecatcher/pricecatcher_2026-09.csv
2003,IMPORTED DRIED VERMICELLI (ASSORTED BRANDS),400 g,PACKED GOODS,VERMICELLI,14,"Grains, Beans & Pasta",Imported Dried Vermicelli (Assorted Brands),pricecatcher:8424dcb2fb75,NEW_REFERENCE_REQUIRED,SOURCE_CATEGORY,MAPPED,Mapped from the PriceCatcher source category.,0.4,kg,CONVERTED,MYR,121,4.0,4.390661157024793,2.95,6.4,2026-09-07,4.0,10.0,https://storage.data.gov.my/pricecatcher/lookup_item.csv,https://storage.data.gov.my/pricecatcher/pricecatcher_2026-09.csv
2004,FAMILY BRAND SUPER IMPORT RICE,10 kg,PACKED GOODS,RICE,14,"Grains, Beans & Pasta",Family Brand Super Import Rice,pricecatcher:6d32a316461a,NEW_REFERENCE_REQUIRED,SOURCE_CATEGORY,MAPPED,Mapped from the PriceCatcher source category.,10.0,kg,CONVERTED,MYR,2,27.6,27.6,27.2,28.0,2026-09-07,27.6,2.76,https://storage.data.gov.my/pricecatcher/lookup_item.csv,https://storage.data.gov.my/pricecatcher/pricecatcher_2026-09.csv
2009,DUTCH LADY 123 (ASSORTED FLAVORS),850g,MILK AND BABY PRODUCTS,BABY FORMULA,11,Baby Food,Dutch Lady 123 (Assorted Flavors),pricecatcher:7e002e37d2de,NEW_REFERENCE_REQUIRED,SOURCE_CATEGORY,MAPPED,Mapped from the PriceCatcher source category.,0.85,kg,CONVERTED,MYR,1453,24.5,24.85010323468685,19.99,35.4,2026-09-07,24.5,28.823529411764707,https://storage.data.gov.my/pricecatcher/lookup_item.csv,https://storage.data.gov.my/pricecatcher/pricecatcher_2026-09.csv
2010,DUTCH LADY 456 (ASSORTED FLAVORS),850g,MILK AND BABY PRODUCTS,BABY FORMULA,11,Baby Food,Dutch Lady 456 (Assorted Flavors),pricecatcher:3f489ded9ac0,NEW_REFERENCE_REQUIRED,SOURCE_CATEGORY,MAPPED,Mapped from the PriceCatcher source category.,0.85,kg,CONVERTED,MYR,1435,24.5,24.769268292682924,2.9,35.4,2026-09-07,24.5,28.823529411764707,https://storage.data.gov.my/pricecatcher/lookup_item.csv,https://storage.data.gov.my/pricecatcher/pricecatcher_2026-09.csv
2011,MAGGI TOM YAM SOUP CUBES,6 X 10g,PACKED GOODS,SPICES (PACKED),13,"Condiments, Sauces & Canned Goods",Maggi Tom Yam Soup Cubes,pricecatcher:e598e784e104,NEW_REFERENCE_REQUIRED,SOURCE_CATEGORY,MAPPED,Mapped from the PriceCatcher source category.,0.06,kg,CONVERTED,MYR,697,3.3,3.29571018651363,2.69,3.99,2026-09-07,3.3,55.0,https://storage.data.gov.my/pricecatcher/lookup_item.csv,https://storage.data.gov.my/pricecatcher/pricecatcher_2026-09.csv
2014,ENFAGROW A+ MIND PRO STEP 3 (ASSORTED FLAVORS) (BOX),500 g,MILK AND BABY PRODUCTS,BABY FORMULA,11,Baby Food,Enfagrow A+ Mind Pro Step 3 (Assorted Flavors) (Box),pricecatcher:bd35bf9ce10e,NEW_REFERENCE_REQUIRED,SOURCE_CATEGORY,MAPPED,Mapped from the PriceCatcher source category.,0.5,kg,CONVERTED,MYR,600,57.47,57.6268,51.6,59.9,2026-09-07,57.47,114.94,https://storage.data.gov.my/pricecatcher/lookup_item.csv,https://storage.data.gov.my/pricecatcher/pricecatcher_2026-09.csv
2019,NESCAFE 3 IN 1 ORIGINAL (AROMATIC & BALANCED),25 x 18g,BEVERAGES,BEVERAGE INGREDIENTS,7,Beverages,Nescafe 3 In 1 Original (Aromatic & Balanced),pricecatcher:6481773a1cef,NEW_REFERENCE_REQUIRED,SOURCE_CATEGORY,MAPPED,Mapped from the PriceCatcher source category.,0.45,kg,CONVERTED,MYR,763,14.49,14.86656618610747,10.99,19.9,2026-09-07,14.49,32.2,https://storage.data.gov.my/pricecatcher/lookup_item.csv,https://storage.data.gov.my/pricecatcher/pricecatcher_2026-09.csv
2020,LACTEL YOGURT (FAT FREE) (STRAWBERRY),130g,BEVERAGES,READY TO DRINK,1,Dairy,Lactel Yogurt (Fat Free) (Strawberry),pricecatcher:a60b0f08fe1f,NEW_REFERENCE_REQUIRED,ITEM_LEVEL_OVERRIDE,MAPPED,"Yogurt is Dairy, although the source category is Ready to Drink.",0.13,kg,CONVERTED,MYR,494,2.8,2.8434615384615385,2.25,3.99,2026-09-07,2.8,21.538461538461537,https://storage.data.gov.my/pricecatcher/lookup_item.csv,https://storage.data.gov.my/pricecatcher/pricecatcher_2026-09.csv
2022,BUTTERCUP SPREAD,227g,PACKED GOODS,SPREADS,13,"Condiments, Sauces & Canned Goods",Buttercup Spread,pricecatcher:cd77e5dbcd7e,NEW_REFERENCE_REQUIRED,SOURCE_CATEGORY,MAPPED,Mapped from the PriceCatcher source category.,0.227,kg,CONVERTED,MYR,1094,7.8,7.801398537477148,4.99,14.29,2026-09-07,7.8,34.36123348017621,https://storage.data.gov.my/pricecatcher/lookup_item.csv,https://storage.data.gov.my/pricecatcher/pricecatcher_2026-09.csv
2025,EVERYDAY INSTANT MILK POWDER,500 g,PACKED GOODS,CREAMER AND MILK POWDER,1,Dairy,Everyday Instant Milk Powder,pricecatcher:dee2155273cf,NEW_REFERENCE_REQUIRED,SOURCE_CATEGORY,MAPPED,Mapped from the PriceCatcher source category.,0.5,kg,CONVERTED,MYR,1184,18.9,18.623302364864863,16.1,22.45,2026-09-07,18.9,37.8,https://storage.data.gov.my/pricecatcher/lookup_item.csv,https://storage.data.gov.my/pricecatcher/pricecatcher_2026-09.csv
2027,NAN STEP 1 INFANT FORMULA (BOX),600 g,MILK AND BABY PRODUCTS,BABY FORMULA,11,Baby Food,Nan Step 1 Infant Formula (Box),pricecatcher:e818d069ac8d,NEW_REFERENCE_REQUIRED,SOURCE_CATEGORY,MAPPED,Mapped from the PriceCatcher source category.,0.6,kg,CONVERTED,MYR,291,70.95,72.81948453608248,68.99,80.29,2026-09-07,70.95,118.25,https://storage.data.gov.my/pricecatcher/lookup_item.csv,https://storage.data.gov.my/pricecatcher/pricecatcher_2026-09.csv
2030,NAN STEP 2 FOLLOW-ON FORMULA (BOX),600 g,MILK AND BABY PRODUCTS,BABY FORMULA,11,Baby Food,Nan Step 2 Follow-On Formula (Box),pricecatcher:e920fa50e30e,NEW_REFERENCE_REQUIRED,SOURCE_CATEGORY,MAPPED,Mapped from the PriceCatcher source category.,0.6,kg,CONVERTED,MYR,250,66.8,68.43492,65.9,75.7,2026-09-07,66.8,111.33333333333331,https://storage.data.gov.my/pricecatcher/lookup_item.csv,https://storage.data.gov.my/pricecatcher/pricecatcher_2026-09.csv
2031,S-26 INFANT FORMULA STEP 1 - (BOX),600 g,MILK AND BABY PRODUCTS,BABY FORMULA,11,Baby Food,S-26 Infant Formula Step 1 - (Box),pricecatcher:29b4ba6dddeb,NEW_REFERENCE_REQUIRED,SOURCE_CATEGORY,MAPPED,Mapped from the PriceCatcher source category.,0.6,kg,CONVERTED,MYR,700,64.9,64.62968571428571,56.5,86.6,2026-09-07,64.9,108.16666666666669,https://storage.data.gov.my/pricecatcher/lookup_item.csv,https://storage.data.gov.my/pricecatcher/pricecatcher_2026-09.csv
2036,KUDA HIJAU BRAND WHEAT FLOUR,1kg,PACKED GOODS,FLOUR,14,"Grains, Beans & Pasta",Kuda Hijau Brand Wheat Flour,pricecatcher:314435128643,NEW_REFERENCE_REQUIRED,SOURCE_CATEGORY,MAPPED,Mapped from the PriceCatcher source category.,1.0,kg,CONVERTED,MYR,7,3.0,3.171428571428572,2.7,4.2,2026-09-07,3.0,3.0,https://storage.data.gov.my/pricecatcher/lookup_item.csv,https://storage.data.gov.my/pricecatcher/pricecatcher_2026-09.csv
2037,DRIED VERMICELLI (LONGKOU BRAND),400 g,PACKED GOODS,VERMICELLI,14,"Grains, Beans & Pasta",Dried Vermicelli (Longkou Brand),pricecatcher:ff32897aa9de,NEW_REFERENCE_REQUIRED,SOURCE_CATEGORY,MAPPED,Mapped from the PriceCatcher source category.,0.4,kg,CONVERTED,MYR,1,4.9,4.9,4.9,4.9,2026-09-07,4.9,12.25,https://storage.data.gov.my/pricecatcher/lookup_item.csv,https://storage.data.gov.my/pricecatcher/pricecatcher_2026-09.csv
2045,ROUND SCAD/SARDINE (BETWEEN 8-12 FISH PER KILOGRAM),1kg,FRESH GOODS,SEAFOOD,3,Seafood,Round Scad/Sardine (Between 8-12 Fish Per Kilogram),pricecatcher:cd0fb0385a00,NEW_REFERENCE_REQUIRED,SOURCE_CATEGORY,MAPPED,Mapped from the PriceCatcher source category.,1.0,kg,CONVERTED,MYR,8208,12.0,12.603815789473687,3.99,28.0,2026-09-11,12.0,12.0,https://storage.data.gov.my/pricecatcher/lookup_item.csv,https://storage.data.gov.my/pricecatcher/pricecatcher_2026-09.csv
2047,MACKERAL TUNA (BETWEEN 1 AND 2 FISH PER KILOGRAM),1kg,FRESH GOODS,SEAFOOD,3,Seafood,Mackeral Tuna (Between 1 And 2 Fish Per Kilogram),pricecatcher:94bab7df7762,NEW_REFERENCE_REQUIRED,SOURCE_CATEGORY,MAPPED,Mapped from the PriceCatcher source category.,1.0,kg,CONVERTED,MYR,8496,12.9,12.932459981167607,1.99,30.0,2026-09-11,12.9,12.9,https://storage.data.gov.my/pricecatcher/lookup_item.csv,https://storage.data.gov.my/pricecatcher/pricecatcher_2026-09.csv
2062,S-26 INFANT FORMULA STEP 1 - (BOX) (550g),550 g,MILK AND BABY PRODUCTS,BABY FORMULA,11,Baby Food,S-26 Infant Formula Step 1 - (Box) (550G),pricecatcher:8be4d09bc9fd,NEW_REFERENCE_REQUIRED,SOURCE_CATEGORY,MAPPED,Mapped from the PriceCatcher source category.,0.55,kg,CONVERTED,MYR,688,82.0,82.11827034883721,54.9,94.7,2026-09-07,82.0,149.0909090909091,https://storage.data.gov.my/pricecatcher/lookup_item.csv,https://storage.data.gov.my/pricecatcher/pricecatcher_2026-09.csv
2066,FAIZA EMAS BRAND WHITE RICE (IMPORTED),10 kg,PACKED GOODS,RICE,14,"Grains, Beans & Pasta",Faiza Emas Brand White Rice (Imported),pricecatcher:acd1a3642407,NEW_REFERENCE_REQUIRED,SOURCE_CATEGORY,MAPPED,Mapped from the PriceCatcher source category.,10.0,kg,CONVERTED,MYR,763,32.49,32.96503276539974,26.9,42.9,2026-09-10,34.99,3.249,https://storage.data.gov.my/pricecatcher/lookup_item.csv,https://storage.data.gov.my/pricecatcher/pricecatcher_2026-09.csv
2068,JASMINE SUPER 5 SPECIAL BRAND RICE (IMPORTED),10 kg,PACKED GOODS,RICE,14,"Grains, Beans & Pasta",Jasmine Super 5 Special Brand Rice (Imported),pricecatcher:7420cd4b909e,NEW_REFERENCE_REQUIRED,SOURCE_CATEGORY,MAPPED,Mapped from the PriceCatcher source category.,10.0,kg,CONVERTED,MYR,655,34.5,35.07793893129772,27.99,46.15,2026-09-08,32.85,3.45,https://storage.data.gov.my/pricecatcher/lookup_item.csv,https://storage.data.gov.my/pricecatcher/pricecatcher_2026-09.csv
2086,SHORT/JAPANESE MUSTARD GREENS/SIOW PAK CHOY (1KG),1kg,FRESH GOODS,VEGETABLES,4,Vegetables,Short/Japanese Mustard Greens/Siow Pak Choy (1Kg),pricecatcher:1dfea2bb834b,NEW_REFERENCE_REQUIRED,SOURCE_CATEGORY,MAPPED,Mapped from the PriceCatcher source category.,1.0,kg,CONVERTED,MYR,9628,6.0,6.132512463647695,0.9,23.45,2026-09-11,5.99,6.0,https://storage.data.gov.my/pricecatcher/lookup_item.csv,https://storage.data.gov.my/pricecatcher/pricecatcher_2026-09.csv
2087,WHITE RADISH (1KG),1kg,FRESH GOODS,VEGETABLES,4,Vegetables,White Radish (1Kg),pricecatcher:dcce749c62a3,NEW_REFERENCE_REQUIRED,SOURCE_CATEGORY,MAPPED,Mapped from the PriceCatcher source category.,1.0,kg,CONVERTED,MYR,10392,4.9,5.053126443418014,0.03,14.0,2026-09-11,4.9,4.9,https://storage.data.gov.my/pricecatcher/lookup_item.csv,https://storage.data.gov.my/pricecatcher/pricecatcher_2026-09.csv
2104,FERNLEAF 1-3 YEARS (ASSORTED FLAVORS),850g,MILK AND BABY PRODUCTS,BABY FORMULA,11,Baby Food,Fernleaf 1-3 Years (Assorted Flavors),pricecatcher:fac4175817ad,NEW_REFERENCE_REQUIRED,SOURCE_CATEGORY,MAPPED,Mapped from the PriceCatcher source category.,0.85,kg,CONVERTED,MYR,1147,23.95,23.53356582388841,18.99,28.5,2026-09-07,23.95,28.176470588235293,https://storage.data.gov.my/pricecatcher/lookup_item.csv,https://storage.data.gov.my/pricecatcher/pricecatcher_2026-09.csv
2105,FERNLEAF 4-6 YEARS (ASSORTED FLAVORS),850g,MILK AND BABY PRODUCTS,BABY FORMULA,11,Baby Food,Fernleaf 4-6 Years (Assorted Flavors),pricecatcher:16094113046f,NEW_REFERENCE_REQUIRED,SOURCE_CATEGORY,MAPPED,Mapped from the PriceCatcher source category.,0.85,kg,CONVERTED,MYR,1166,23.95,23.52406518010292,18.99,28.5,2026-09-07,23.95,28.176470588235293,https://storage.data.gov.my/pricecatcher/lookup_item.csv,https://storage.data.gov.my/pricecatcher/pricecatcher_2026-09.csv
2107,IMPORTED POTATO (PAKISTAN),1kg,DRY GOODS,POTATOES,4,Vegetables,Imported Potato (Pakistan),pricecatcher:1c2414611891,NEW_REFERENCE_REQUIRED,SOURCE_CATEGORY,MAPPED,Mapped from the PriceCatcher source category.,1.0,kg,CONVERTED,MYR,1283,2.99,3.1246531566640683,1.69,8.5,2026-09-11,2.99,2.99,https://storage.data.gov.my/pricecatcher/lookup_item.csv,https://storage.data.gov.my/pricecatcher/pricecatcher_2026-09.csv
